transaction_id,date,customer_id,product_id,region_id,quantity,revenue,cost,profit
1,2023-01-01,461,2,4,2,656.46,566.35,90.11
2,2023-01-01,492,1,1,5,1429.76,938.55,491.21
3,2023-01-01,255,5,5,1,35.21,25.49,9.72
4,2023-01-01,91,3,5,3,237.18,186.75,50.43
5,2023-01-01,339,5,5,2,83.49,60.16,23.33
6,2023-01-01,482,2,3,4,797.79,647.85,149.94
7,2023-01-01,31,6,1,2,60.25,50.58,9.67
8,2023-01-01,395,6,3,4,101.49,77.76,23.73
9,2023-01-01,410,6,2,1,31.71,25.87,5.84
10,2023-01-01,203,5,4,2,97.38,64.48,32.9
11,2023-01-01,410,1,2,4,1037.49,660.01,377.48
12,2023-01-01,204,4,4,4,316.06,179.86,136.2
13,2023-01-01,344,3,4,1,92.0,66.14,25.86
14,2023-01-02,83,6,1,2,59.12,48.16,10.96
15,2023-01-02,302,2,2,1,239.61,207.05,32.56
16,2023-01-02,94,6,5,2,51.54,40.02,11.52
17,2023-01-02,497,3,4,4,422.91,326.18,96.73
18,2023-01-02,457,4,4,5,454.58,236.18,218.4
19,2023-01-03,130,4,5,1,58.41,30.96,27.45
20,2023-01-03,291,3,1,5,430.92,317.83,113.09
21,2023-01-03,224,1,1,3,678.9,468.8,210.1
22,2023-01-03,418,2,1,5,1365.72,1104.93,260.79
23,2023-01-03,180,2,1,3,801.72,709.22,92.5
24,2023-01-03,469,4,1,3,182.91,104.42,78.49
25,2023-01-03,482,1,3,1,187.15,129.85,57.3
26,2023-01-03,406,6,2,2,51.06,41.85,9.21
27,2023-01-04,439,1,4,1,362.69,229.68,133.01
28,2023-01-04,159,3,1,2,187.87,141.37,46.5
29,2023-01-04,416,1,4,1,346.74,231.8,114.94
30,2023-01-04,463,5,5,3,105.25,71.26,33.99
31,2023-01-04,303,3,4,2,208.36,154.3,54.06
32,2023-01-04,469,4,1,4,270.86,148.71,122.15
33,2023-01-04,148,6,2,2,66.68,51.16,15.52
34,2023-01-05,264,1,2,1,224.62,138.75,85.87
35,2023-01-05,457,4,4,1,74.27,40.66,33.61
36,2023-01-05,396,6,4,3,107.36,80.62,26.74
37,2023-01-05,463,5,5,2,70.83,46.69,24.14
38,2023-01-05,291,5,1,3,109.37,71.39,37.98
39,2023-01-05,197,4,1,3,185.9,105.11,80.79
40,2023-01-05,284,6,2,2,57.39,43.66,13.73
41,2023-01-05,368,6,1,4,107.75,87.2,20.55
42,2023-01-06,466,2,2,4,905.21,728.3,176.91
43,2023-01-06,22,4,1,4,245.06,140.6,104.46
44,2023-01-06,233,6,1,5,138.01,117.03,20.98
45,2023-01-06,460,2,5,1,231.36,194.85,36.51
46,2023-01-06,122,6,2,1,34.17,26.9,7.27
47,2023-01-06,68,5,4,4,225.79,160.01,65.78
48,2023-01-07,292,4,3,3,142.94,78.52,64.42
49,2023-01-07,230,4,4,5,413.82,228.41,185.41
50,2023-01-07,183,6,1,3,81.89,69.19,12.7
51,2023-01-07,482,1,3,5,1090.16,691.2,398.96
52,2023-01-07,150,4,1,4,289.44,151.87,137.57
53,2023-01-07,223,1,1,1,272.1,164.17,107.93
54,2023-01-08,389,6,1,4,132.75,101.86,30.89
55,2023-01-08,171,2,4,1,289.5,246.62,42.88
56,2023-01-08,375,1,4,4,1375.09,906.27,468.82
57,2023-01-08,181,5,2,5,200.22,133.54,66.68
58,2023-01-08,408,6,1,4,107.33,89.87,17.46
59,2023-01-08,191,5,3,2,76.66,51.78,24.88
60,2023-01-08,107,2,4,1,356.54,298.4,58.14
61,2023-01-08,114,4,1,5,306.8,160.44,146.36
62,2023-01-08,109,4,4,4,301.73,160.91,140.82
63,2023-01-08,310,2,4,5,1561.97,1283.18,278.79
64,2023-01-08,500,6,5,1,26.56,21.54,5.02
65,2023-01-08,438,4,3,3,166.01,95.88,70.13
66,2023-01-09,346,3,2,2,170.44,127.55,42.89
67,2023-01-09,375,1,4,3,1147.09,772.38,374.71
68,2023-01-09,488,5,3,2,68.32,50.21,18.11
69,2023-01-09,186,1,3,4,888.64,607.1,281.54
70,2023-01-09,194,2,3,4,829.81,667.01,162.8
71,2023-01-09,249,2,2,3,784.45,629.11,155.34
72,2023-01-10,237,6,1,4,140.58,118.44,22.14
73,2023-01-10,51,1,4,5,1816.76,1176.18,640.58
74,2023-01-10,381,1,2,1,241.4,164.58,76.82
75,2023-01-10,47,3,4,1,119.81,95.79,24.02
76,2023-01-10,164,3,5,2,151.73,111.57,40.16
77,2023-01-10,215,6,5,5,134.54,101.55,32.99
78,2023-01-10,440,5,4,5,306.16,226.44,79.72
79,2023-01-10,315,4,3,4,184.17,104.51,79.66
80,2023-01-10,493,3,1,1,93.72,65.68,28.04
81,2023-01-11,187,1,5,4,1092.45,687.09,405.36
82,2023-01-11,434,5,5,3,125.25,93.9,31.35
83,2023-01-11,497,2,4,4,1255.17,1045.89,209.28
84,2023-01-11,491,3,3,2,122.02,96.83,25.19
85,2023-01-11,12,4,4,4,280.8,154.05,126.75
86,2023-01-11,466,6,2,1,31.46,26.63,4.83
87,2023-01-11,281,1,2,4,953.67,616.07,337.6
88,2023-01-11,289,2,1,1,277.05,234.69,42.36
89,2023-01-12,117,5,4,4,234.24,172.03,62.21
90,2023-01-12,399,3,3,1,61.32,48.31,13.01
91,2023-01-12,99,1,5,1,253.38,157.96,95.42
92,2023-01-12,325,1,1,4,1200.29,830.74,369.55
93,2023-01-12,94,5,5,1,39.5,26.62,12.88
94,2023-01-12,238,1,4,1,374.04,230.28,143.76
95,2023-01-12,114,6,1,2,61.35,48.49,12.86
96,2023-01-12,422,5,3,1,38.89,27.05,11.84
97,2023-01-12,452,2,1,4,939.66,753.81,185.85
98,2023-01-12,430,5,3,4,152.27,111.61,40.66
99,2023-01-12,276,4,4,2,141.56,74.8,66.76
100,2023-01-12,212,6,3,5,112.68,85.07,27.61
101,2023-01-13,113,1,2,1,244.35,153.62,90.73
102,2023-01-13,38,4,3,2,117.27,65.77,51.5
103,2023-01-13,233,5,1,3,109.0,77.46,31.54
104,2023-01-13,352,3,1,1,86.93,67.99,18.94
105,2023-01-13,78,2,1,2,582.04,466.99,115.05
106,2023-01-13,374,2,1,3,895.91,743.13,152.78
107,2023-01-13,126,4,2,5,303.49,175.15,128.34
108,2023-01-13,47,3,4,3,348.11,272.44,75.67
109,2023-01-13,66,6,1,1,33.5,26.74,6.76
110,2023-01-13,284,2,2,3,819.62,705.23,114.39
111,2023-01-14,473,4,4,1,81.46,44.0,37.46
112,2023-01-14,93,4,1,2,107.9,56.73,51.17
113,2023-01-14,482,6,3,1,29.23,24.19,5.04
114,2023-01-14,71,5,2,3,112.03,82.01,30.02
115,2023-01-14,195,1,2,4,899.95,541.61,358.34
116,2023-01-14,94,4,5,1,49.89,25.91,23.98
117,2023-01-14,258,2,3,4,975.71,834.46,141.25
118,2023-01-14,405,2,3,1,196.26,157.11,39.15
119,2023-01-14,352,4,1,3,195.54,114.32,81.22
120,2023-01-14,5,4,4,4,340.88,193.5,147.38
121,2023-01-14,428,1,4,4,1253.03,776.97,476.06
122,2023-01-14,411,6,3,4,109.36,85.25,24.11
123,2023-01-14,278,4,3,2,107.08,62.13,44.95
124,2023-01-14,80,1,2,3,773.14,524.47,248.67
125,2023-01-15,238,2,4,4,1348.74,1178.87,169.87
126,2023-01-15,422,2,3,1,238.38,204.67,33.71
127,2023-01-15,360,1,2,5,1287.37,847.07,440.3
128,2023-01-15,367,3,5,5,338.38,253.96,84.42
129,2023-01-15,1,6,4,4,184.13,150.86,33.27
130,2023-01-15,45,3,1,5,375.58,299.78,75.8
131,2023-01-15,187,3,5,3,255.93,200.92,55.01
132,2023-01-15,117,2,4,1,368.57,330.06,38.51
133,2023-01-15,420,2,5,4,894.7,720.53,174.17
134,2023-01-15,316,3,5,4,329.61,247.35,82.26
135,2023-01-16,111,4,4,2,167.35,85.42,81.93
136,2023-01-16,158,1,3,4,849.91,569.4,280.51
137,2023-01-16,112,1,1,4,1197.9,824.2,373.7
138,2023-01-16,424,3,1,5,395.85,296.4,99.45
139,2023-01-16,145,2,2,5,1109.97,966.25,143.72
140,2023-01-16,18,3,1,1,95.31,73.27,22.04
141,2023-01-16,8,1,2,4,1059.69,732.54,327.15
142,2023-01-17,358,2,3,4,913.2,774.5,138.7
143,2023-01-17,409,4,1,4,249.02,128.48,120.54
144,2023-01-17,255,4,5,5,291.55,164.08,127.47
145,2023-01-17,280,6,4,2,78.97,65.1,13.87
146,2023-01-17,80,4,2,1,52.91,28.7,24.21
147,2023-01-17,357,5,4,1,52.03,36.93,15.1
148,2023-01-17,183,3,1,1,80.55,58.72,21.83
149,2023-01-17,470,6,4,1,38.55,28.91,9.64
150,2023-01-17,112,3,1,4,315.29,228.3,86.99
151,2023-01-17,484,2,5,2,518.33,456.29,62.04
152,2023-01-17,40,1,4,1,363.5,249.42,114.08
153,2023-01-17,196,3,4,5,587.74,434.65,153.09
154,2023-01-18,417,5,1,5,236.37,163.41,72.96
155,2023-01-18,177,2,5,4,808.9,673.08,135.82
156,2023-01-18,309,3,4,5,595.71,468.66,127.05
157,2023-01-18,108,3,4,3,345.24,242.5,102.74
158,2023-01-18,438,5,3,5,174.46,120.08,54.38
159,2023-01-18,465,2,1,4,915.39,802.78,112.61
160,2023-01-18,93,4,1,5,308.81,159.87,148.94
161,2023-01-18,276,1,4,4,1206.38,729.49,476.89
162,2023-01-19,475,4,1,5,292.55,163.37,129.18
163,2023-01-19,49,4,1,4,246.69,125.67,121.02
164,2023-01-19,133,1,3,4,787.35,494.43,292.92
165,2023-01-19,102,2,4,2,769.31,644.53,124.78
166,2023-01-19,232,1,5,3,797.12,502.45,294.67
167,2023-01-19,392,6,2,2,60.52,50.7,9.82
168,2023-01-19,61,6,1,3,87.04,67.92,19.12
169,2023-01-20,307,5,4,3,170.08,114.39,55.69
170,2023-01-20,460,1,5,3,749.73,512.87,236.86
171,2023-01-20,256,4,1,1,64.83,36.87,27.96
172,2023-01-20,128,2,1,3,704.72,624.27,80.45
173,2023-01-20,64,2,1,3,708.25,633.91,74.34
174,2023-01-20,461,3,4,5,482.08,369.84,112.24
175,2023-01-20,453,6,1,5,177.5,141.53,35.97
176,2023-01-20,395,4,3,1,44.97,26.79,18.18
177,2023-01-20,441,4,1,2,143.86,83.95,59.91
178,2023-01-20,38,6,3,1,24.09,18.99,5.1
179,2023-01-20,52,4,1,5,356.71,207.1,149.61
180,2023-01-21,299,2,4,5,1632.33,1455.5,176.83
181,2023-01-21,476,6,1,4,118.61,90.78,27.83
182,2023-01-21,140,6,3,1,27.72,23.26,4.46
183,2023-01-21,405,5,3,1,31.52,22.6,8.92
184,2023-01-21,431,2,3,4,799.71,690.0,109.71
185,2023-01-21,9,1,2,4,868.63,569.59,299.04
186,2023-01-21,119,1,4,3,888.19,606.68,281.51
187,2023-01-21,73,6,1,2,53.63,45.05,8.58
188,2023-01-21,101,4,5,2,126.18,64.6,61.58
189,2023-01-21,145,5,2,3,128.42,92.92,35.5
190,2023-01-21,125,5,4,2,94.31,63.46,30.85
191,2023-01-22,258,1,3,2,366.69,234.73,131.96
192,2023-01-22,404,3,1,4,383.5,286.37,97.13
193,2023-01-22,426,3,3,3,206.53,146.76,59.77
194,2023-01-22,118,3,2,1,91.62,66.99,24.63
195,2023-01-22,221,1,2,4,926.95,607.39,319.56
196,2023-01-22,71,1,2,4,989.05,619.72,369.33
197,2023-01-22,121,6,4,4,183.52,138.74,44.78
198,2023-01-22,36,5,1,4,177.8,119.04,58.76
199,2023-01-22,291,4,1,1,61.58,35.48,26.1
200,2023-01-23,99,5,5,4,168.35,113.66,54.69
201,2023-01-23,428,5,4,1,48.09,31.86,16.23
202,2023-01-23,254,3,3,2,128.61,102.1,26.51
203,2023-01-23,343,4,1,2,110.58,61.81,48.77
204,2023-01-24,277,5,5,1,33.03,24.43,8.6
205,2023-01-24,352,2,1,2,551.05,441.11,109.94
206,2023-01-24,170,4,1,2,118.35,59.84,58.51
207,2023-01-24,293,2,3,3,582.0,496.7,85.3
208,2023-01-24,433,4,1,5,293.27,153.6,139.67
209,2023-01-24,405,3,3,5,316.05,226.61,89.44
210,2023-01-24,450,6,1,1,32.59,26.43,6.16
211,2023-01-24,270,4,1,2,134.45,74.77,59.68
212,2023-01-24,122,2,2,5,1269.3,1080.15,189.15
213,2023-01-24,461,6,4,1,43.08,34.86,8.22
214,2023-01-24,183,5,1,3,136.74,92.05,44.69
215,2023-01-24,4,5,1,5,179.07,119.54,59.53
216,2023-01-25,215,5,5,2,72.59,48.24,24.35
217,2023-01-25,401,1,2,2,564.89,350.51,214.38
218,2023-01-25,414,5,4,3,149.49,108.14,41.35
219,2023-01-25,76,3,1,1,96.22,76.59,19.63
220,2023-01-25,274,1,4,1,307.64,189.3,118.34
221,2023-01-26,337,1,4,2,769.5,475.44,294.06
222,2023-01-26,490,3,2,2,170.63,135.93,34.7
223,2023-01-26,126,5,2,1,37.15,25.79,11.36
224,2023-01-26,475,6,1,5,147.74,119.37,28.37
225,2023-01-26,186,1,3,2,375.07,255.27,119.8
226,2023-01-26,197,6,1,2,71.88,56.8,15.08
227,2023-01-26,118,1,2,5,1371.68,868.37,503.31
228,2023-01-26,182,6,5,4,125.5,96.69,28.81
229,2023-01-26,13,5,3,4,124.64,87.88,36.76
230,2023-01-26,302,4,2,1,68.23,37.5,30.73
231,2023-01-26,216,1,3,3,591.03,379.03,212.0
232,2023-01-26,408,2,1,5,1474.58,1229.46,245.12
233,2023-01-27,161,6,4,1,42.13,35.74,6.39
234,2023-01-27,146,6,3,1,22.33,18.44,3.89
235,2023-01-27,249,5,2,5,229.44,159.65,69.79
236,2023-01-27,198,2,2,5,1112.22,969.08,143.14
237,2023-01-27,383,3,4,1,110.69,87.49,23.2
238,2023-01-27,198,6,2,3,84.02,70.12,13.9
239,2023-01-27,294,6,4,5,212.96,178.17,34.79
240,2023-01-27,190,6,5,1,29.56,24.59,4.97
241,2023-01-27,176,5,4,3,172.44,129.01,43.43
242,2023-01-27,323,3,4,3,342.32,245.99,96.33
243,2023-01-27,468,5,4,2,98.95,65.16,33.79
244,2023-01-27,346,5,2,2,81.76,58.53,23.23
245,2023-01-28,309,4,4,1,91.35,51.09,40.26
246,2023-01-28,47,1,4,2,767.51,526.03,241.48
247,2023-01-28,251,4,1,3,213.18,127.52,85.66
248,2023-01-28,29,6,4,5,209.57,174.03,35.54
249,2023-01-28,424,6,1,2,62.83,52.51,10.32
250,2023-01-29,458,3,4,1,113.73,85.38,28.35
251,2023-01-29,18,1,1,1,260.09,163.96,96.13
252,2023-01-29,382,3,1,3,250.32,176.89,73.43
253,2023-01-29,408,6,1,2,67.19,50.4,16.79
254,2023-01-29,112,6,1,5,159.37,120.58,38.79
255,2023-01-29,237,6,1,5,154.08,125.74,28.34
256,2023-01-29,379,3,5,1,81.88,60.94,20.94
257,2023-01-29,471,4,4,4,371.45,196.84,174.61
258,2023-01-29,291,1,1,5,1372.64,837.94,534.7
259,2023-01-29,206,2,4,1,303.58,243.47,60.11
260,2023-01-29,238,2,4,1,308.48,261.11,47.37
261,2023-01-30,157,1,3,1,188.71,117.26,71.45
262,2023-01-30,442,2,3,1,233.76,209.76,24.0
263,2023-01-30,144,4,1,4,222.58,133.43,89.15
264,2023-01-30,10,6,4,2,87.82,67.09,20.73
265,2023-01-30,331,3,3,5,294.54,228.6,65.94
266,2023-01-30,36,3,1,4,358.74,266.67,92.07
267,2023-01-30,10,4,4,5,433.34,247.89,185.45
268,2023-01-30,325,4,1,4,261.94,150.78,111.16
269,2023-01-30,192,1,2,3,833.15,540.96,292.19
270,2023-01-30,12,6,4,3,123.74,101.71,22.03
271,2023-01-31,457,2,4,2,678.26,545.47,132.79
272,2023-01-31,320,5,4,5,248.92,172.29,76.63
273,2023-01-31,444,2,2,1,259.05,217.2,41.85
274,2023-01-31,197,4,1,5,272.39,162.87,109.52
275,2023-01-31,339,4,5,1,53.47,29.6,23.87
276,2023-01-31,420,2,5,5,1254.29,1041.87,212.42
277,2023-01-31,33,3,4,4,396.41,302.78,93.63
278,2023-01-31,414,4,4,4,331.29,184.47,146.82
279,2023-01-31,325,3,1,2,145.39,109.79,35.6
280,2023-01-31,92,2,2,3,730.53,618.01,112.52
281,2023-01-31,330,4,2,5,343.77,175.03,168.74
282,2023-02-01,223,6,1,3,91.75,70.31,21.44
283,2023-02-01,23,1,2,1,222.52,149.57,72.95
284,2023-02-01,308,6,5,2,63.4,48.86,14.54
285,2023-02-01,154,6,2,5,156.47,122.97,33.5
286,2023-02-01,420,4,5,4,200.03,115.98,84.05
287,2023-02-01,371,3,4,5,490.8,382.35,108.45
288,2023-02-01,28,5,2,1,37.61,27.26,10.35
289,2023-02-01,361,3,1,5,469.43,350.81,118.62
290,2023-02-02,156,1,4,5,1731.32,1207.15,524.17
291,2023-02-02,130,5,5,1,37.65,26.62,11.03
292,2023-02-02,17,3,4,5,523.37,368.53,154.84
293,2023-02-02,255,2,5,3,740.27,646.11,94.16
294,2023-02-02,206,6,4,5,214.78,166.48,48.3
295,2023-02-02,355,4,1,1,54.31,29.76,24.55
296,2023-02-02,469,4,1,1,72.32,39.56,32.76
297,2023-02-02,55,4,4,2,176.03,92.13,83.9
298,2023-02-03,10,3,4,4,420.48,302.73,117.75
299,2023-02-03,317,6,2,2,65.56,51.77,13.79
300,2023-02-03,400,4,2,2,118.64,69.14,49.5
301,2023-02-03,456,3,3,2,141.35,104.77,36.58
302,2023-02-03,85,2,4,3,998.21,816.54,181.67
303,2023-02-03,185,2,1,4,985.1,801.76,183.34
304,2023-02-03,337,4,4,3,215.71,128.08,87.63
305,2023-02-03,249,6,2,1,28.39,23.8,4.59
306,2023-02-03,104,5,4,2,110.77,78.91,31.86
307,2023-02-03,479,3,2,2,168.46,129.99,38.47
308,2023-02-03,33,3,4,1,93.96,67.75,26.21
309,2023-02-04,20,2,4,2,608.4,541.27,67.13
310,2023-02-04,86,2,2,2,500.87,410.98,89.89
311,2023-02-04,345,6,2,1,30.58,24.9,5.68
312,2023-02-04,70,6,4,3,113.46,95.04,18.42
313,2023-02-04,102,2,4,1,320.74,287.35,33.39
314,2023-02-04,204,2,4,4,1361.49,1120.29,241.2
315,2023-02-04,18,3,1,5,414.92,326.99,87.93
316,2023-02-04,442,4,3,4,214.98,123.48,91.5
317,2023-02-04,491,2,3,3,635.8,552.41,83.39
318,2023-02-05,94,1,5,4,862.75,527.94,334.81
319,2023-02-05,421,2,5,1,264.48,224.89,39.59
320,2023-02-05,487,6,2,3,94.52,71.08,23.44
321,2023-02-05,143,6,4,2,84.33,68.86,15.47
322,2023-02-05,15,1,2,4,1098.04,688.52,409.52
323,2023-02-05,345,1,2,4,1075.62,674.17,401.45
324,2023-02-05,253,5,2,1,37.86,26.26,11.6
325,2023-02-06,60,3,4,3,357.98,262.52,95.46
326,2023-02-06,175,3,4,4,379.08,285.41,93.67
327,2023-02-06,255,5,5,5,167.96,111.9,56.06
328,2023-02-06,380,1,2,1,212.57,130.32,82.25
329,2023-02-06,66,5,1,1,47.59,32.96,14.63
330,2023-02-06,344,6,4,3,108.47,90.96,17.51
331,2023-02-07,268,3,3,1,62.68,48.07,14.61
332,2023-02-07,54,1,2,3,773.36,464.05,309.31
333,2023-02-07,437,2,4,3,942.34,803.61,138.73
334,2023-02-07,494,1,3,1,182.74,127.65,55.09
335,2023-02-07,265,2,4,3,1163.1,948.99,214.11
336,2023-02-07,417,3,1,4,331.23,241.89,89.34
337,2023-02-08,330,5,2,5,192.78,137.58,55.2
338,2023-02-08,380,6,2,1,32.85,26.21,6.64
339,2023-02-08,211,4,1,4,260.29,135.44,124.85
340,2023-02-08,114,4,1,3,173.48,91.68,81.8
341,2023-02-08,167,1,5,2,532.65,334.8,197.85
342,2023-02-09,70,4,4,4,356.02,195.91,160.11
343,2023-02-09,68,2,4,5,1622.73,1319.44,303.29
344,2023-02-09,466,1,2,3,653.26,414.7,238.56
345,2023-02-09,100,4,5,4,232.53,123.62,108.91
346,2023-02-09,173,2,4,1,325.55,262.18,63.37
347,2023-02-09,79,4,1,4,245.13,140.91,104.22
348,2023-02-09,6,6,2,4,110.92,84.0,26.92
349,2023-02-09,12,1,4,1,343.52,224.59,118.93
350,2023-02-10,98,4,4,3,249.12,134.93,114.19
351,2023-02-10,303,2,4,1,289.25,248.32,40.93
352,2023-02-10,313,3,4,4,415.79,319.42,96.37
353,2023-02-10,152,3,5,5,413.22,325.12,88.1
354,2023-02-10,89,3,1,2,143.02,101.0,42.02
355,2023-02-10,458,2,4,4,1171.2,974.91,196.29
356,2023-02-10,474,3,4,4,494.42,364.71,129.71
357,2023-02-10,14,2,2,3,770.99,687.18,83.81
358,2023-02-11,411,1,3,4,767.87,510.55,257.32
359,2023-02-11,480,1,3,4,934.09,572.06,362.03
360,2023-02-11,34,6,5,5,136.59,108.3,28.29
361,2023-02-11,97,3,4,5,524.12,368.74,155.38
362,2023-02-11,133,4,3,5,285.42,152.04,133.38
363,2023-02-11,400,5,2,4,153.77,111.59,42.18
364,2023-02-11,278,5,3,5,167.03,117.22,49.81
365,2023-02-12,472,2,4,2,599.01,535.83,63.18
366,2023-02-12,473,2,4,2,670.81,547.24,123.57
367,2023-02-12,158,4,3,3,159.22,90.67,68.55
368,2023-02-12,475,3,1,4,361.47,284.55,76.92
369,2023-02-12,434,1,5,3,736.81,462.6,274.21
370,2023-02-12,231,5,5,1,36.95,24.45,12.5
371,2023-02-13,177,2,5,5,1064.88,937.02,127.86
372,2023-02-13,499,3,1,1,80.5,59.14,21.36
373,2023-02-13,342,4,4,2,171.58,89.18,82.4
374,2023-02-13,500,5,5,1,36.97,24.78,12.19
375,2023-02-13,81,3,5,5,342.86,245.64,97.22
376,2023-02-13,62,6,5,3,77.46,59.07,18.39
377,2023-02-13,453,6,1,2,68.05,51.59,16.46
378,2023-02-14,358,1,3,5,1049.87,691.74,358.13
379,2023-02-14,391,2,3,2,486.11,390.08,96.03
380,2023-02-14,172,6,3,1,24.18,18.15,6.03
381,2023-02-14,267,2,4,1,290.39,244.71,45.68
382,2023-02-14,160,2,1,2,477.6,395.37,82.23
383,2023-02-15,375,5,4,2,94.32,61.76,32.56
384,2023-02-15,135,4,4,4,356.44,195.87,160.57
385,2023-02-15,39,6,2,1,30.46,25.01,5.45
386,2023-02-15,357,4,4,3,276.1,148.33,127.77
387,2023-02-15,346,5,2,2,81.24,58.59,22.65
388,2023-02-16,304,6,4,1,35.03,29.39,5.64
389,2023-02-16,358,2,3,5,931.68,746.99,184.69
390,2023-02-16,271,2,1,4,944.61,802.43,142.18
391,2023-02-16,71,2,2,5,1374.52,1162.66,211.86
392,2023-02-16,11,4,1,1,69.79,40.43,29.36
393,2023-02-16,95,6,3,4,101.35,84.31,17.04
394,2023-02-16,296,4,4,3,241.17,122.98,118.19
395,2023-02-17,50,1,5,2,511.54,338.55,172.99
396,2023-02-17,419,1,4,3,974.5,635.1,339.4
397,2023-02-17,219,3,5,2,167.57,125.57,42.0
398,2023-02-17,23,4,2,4,239.85,133.81,106.04
399,2023-02-17,362,1,5,5,1315.02,889.17,425.85
400,2023-02-17,140,5,3,4,120.9,81.21,39.69
401,2023-02-17,200,3,2,5,369.63,274.78,94.85
402,2023-02-17,49,4,1,1,61.69,32.93,28.76
403,2023-02-18,137,2,2,5,1270.49,1108.16,162.33
404,2023-02-18,133,5,3,1,34.53,23.94,10.59
405,2023-02-18,432,1,4,4,1373.47,842.15,531.32
406,2023-02-18,308,4,5,1,58.07,29.82,28.25
407,2023-02-18,220,2,5,4,1044.98,837.46,207.52
408,2023-02-18,220,3,5,2,158.61,114.77,43.84
409,2023-02-18,138,4,3,4,220.37,128.63,91.74
410,2023-02-18,176,1,4,4,1515.65,968.62,547.03
411,2023-02-18,17,2,4,5,1920.54,1666.94,253.6
412,2023-02-18,366,2,3,4,775.23,677.21,98.02
413,2023-02-18,183,3,1,4,305.95,218.6,87.35
414,2023-02-19,104,2,4,5,1860.38,1545.08,315.3
415,2023-02-19,473,4,4,1,76.25,40.37,35.88
416,2023-02-19,378,3,1,5,386.9,296.34,90.56
417,2023-02-19,8,6,2,3,92.22,73.56,18.66
418,2023-02-19,203,4,4,4,295.72,154.4,141.32
419,2023-02-19,386,5,4,1,61.89,45.62,16.27
420,2023-02-20,313,6,4,4,149.11,116.47,32.64
421,2023-02-20,280,6,4,4,160.53,123.55,36.98
422,2023-02-20,381,6,2,5,144.37,109.23,35.14
423,2023-02-20,139,6,5,2,56.69,43.33,13.36
424,2023-02-20,129,1,2,1,275.94,172.75,103.19
425,2023-02-20,406,1,2,4,935.25,637.24,298.01
426,2023-02-21,250,1,1,1,245.71,168.94,76.77
427,2023-02-21,166,3,1,5,373.42,272.03,101.39
428,2023-02-21,462,3,2,3,267.5,194.16,73.34
429,2023-02-21,63,6,2,1,33.64,27.94,5.7
430,2023-02-21,368,3,1,1,88.55,64.17,24.38
431,2023-02-21,126,1,2,2,515.67,323.07,192.6
432,2023-02-21,468,1,4,5,1676.7,1148.25,528.45
433,2023-02-22,494,5,3,1,37.92,27.51,10.41
434,2023-02-22,183,6,1,1,29.66,22.49,7.17
435,2023-02-22,462,3,2,4,304.88,216.49,88.39
436,2023-02-22,366,1,3,3,691.98,476.72,215.26
437,2023-02-22,307,5,4,5,231.95,157.92,74.03
438,2023-02-22,159,3,1,1,91.84,64.57,27.27
439,2023-02-23,322,5,4,2,106.33,69.9,36.43
440,2023-02-23,172,4,3,2,93.17,48.88,44.29
441,2023-02-23,189,6,1,5,166.3,126.08,40.22
442,2023-02-23,256,4,1,1,67.7,38.79,28.91
443,2023-02-23,394,3,3,3,224.01,167.08,56.93
444,2023-02-23,351,1,5,1,216.65,147.5,69.15
445,2023-02-23,320,3,4,1,110.16,82.49,27.67
446,2023-02-23,147,3,3,3,227.05,175.04,52.01
447,2023-02-23,483,2,4,1,333.39,299.19,34.2
448,2023-02-23,174,6,5,4,111.33,90.0,21.33
449,2023-02-23,60,2,4,1,363.4,325.37,38.03
450,2023-02-23,1,5,4,2,121.19,83.26,37.93
451,2023-02-23,141,6,1,4,120.79,95.98,24.81
452,2023-02-24,471,2,4,2,654.17,542.87,111.3
453,2023-02-24,113,6,2,4,124.89,102.27,22.62
454,2023-02-24,181,4,2,2,129.79,71.87,57.92
455,2023-02-24,412,1,5,5,1154.7,765.19,389.51
456,2023-02-24,208,1,1,1,248.25,155.98,92.27
457,2023-02-24,304,2,4,2,585.62,514.15,71.47
458,2023-02-24,293,2,3,4,926.93,816.06,110.87
459,2023-02-24,214,3,4,3,346.7,277.22,69.48
460,2023-02-25,421,3,5,5,409.87,306.31,103.56
461,2023-02-25,281,4,2,4,224.47,124.56,99.91
462,2023-02-25,121,3,4,3,321.41,232.69,88.72
463,2023-02-25,127,6,5,2,59.45,45.02,14.43
464,2023-02-26,14,2,2,1,240.27,200.76,39.51
465,2023-02-26,494,6,3,3,86.55,73.32,13.23
466,2023-02-26,482,6,3,3,73.3,55.72,17.58
467,2023-02-26,96,2,3,5,1204.99,969.16,235.83
468,2023-02-26,344,1,4,5,1906.47,1228.06,678.41
469,2023-02-26,324,5,1,4,186.33,124.18,62.15
470,2023-02-26,379,5,5,2,81.98,53.97,28.01
471,2023-02-26,346,1,2,3,850.83,586.28,264.55
472,2023-02-26,344,5,4,2,94.8,61.89,32.91
473,2023-02-27,198,1,2,2,477.58,295.52,182.06
474,2023-02-27,178,1,4,1,371.96,236.54,135.42
475,2023-02-27,154,2,2,1,218.6,176.4,42.2
476,2023-02-27,363,1,1,3,866.15,550.17,315.98
477,2023-02-27,162,2,3,2,463.06,397.01,66.05
478,2023-02-28,116,6,1,3,102.38,78.85,23.53
479,2023-02-28,189,4,1,4,215.12,117.38,97.74
480,2023-02-28,243,3,2,1,89.63,68.45,21.18
481,2023-02-28,279,1,4,1,371.12,226.25,144.87
482,2023-02-28,165,1,4,5,1628.98,1050.5,578.48
483,2023-02-28,316,4,5,1,51.49,30.24,21.25
484,2023-02-28,166,1,1,2,459.57,304.37,155.2
485,2023-02-28,307,5,4,4,232.19,172.15,60.04
486,2023-02-28,265,2,4,2,763.23,642.99,120.24
487,2023-02-28,497,2,4,1,321.82,271.95,49.87
488,2023-03-01,101,3,5,2,160.22,124.0,36.22
489,2023-03-01,158,6,3,2,47.01,39.11,7.9
490,2023-03-01,265,3,4,1,92.46,71.25,21.21
491,2023-03-01,374,3,1,5,372.51,288.26,84.25
492,2023-03-01,353,2,2,4,873.97,774.06,99.91
493,2023-03-01,21,2,1,5,1338.51,1081.02,257.49
494,2023-03-01,276,4,4,4,342.94,202.67,140.27
495,2023-03-01,167,3,5,3,252.45,178.94,73.51
496,2023-03-02,24,6,1,4,122.38,95.4,26.98
497,2023-03-02,238,6,4,3,134.26,105.4,28.86
498,2023-03-02,358,5,3,1,32.15,22.05,10.1
499,2023-03-02,14,5,2,1,34.97,22.88,12.09
500,2023-03-02,438,1,3,5,1148.72,800.92,347.8
501,2023-03-02,415,3,1,2,177.09,135.24,41.85
502,2023-03-03,15,3,2,4,364.59,272.18,92.41
503,2023-03-03,223,6,1,1,34.51,28.61,5.9
504,2023-03-03,206,1,4,3,1042.98,640.77,402.21
505,2023-03-03,244,5,3,3,91.77,66.3,25.47
506,2023-03-03,435,1,4,4,1253.53,816.5,437.03
507,2023-03-03,66,6,1,1,31.79,26.69,5.1
508,2023-03-03,203,4,4,2,174.59,95.1,79.49
509,2023-03-03,181,5,2,3,109.11,76.71,32.4
510,2023-03-03,247,5,2,3,132.94,86.47,46.47
511,2023-03-04,127,4,5,4,254.04,139.62,114.42
512,2023-03-04,469,1,1,3,709.69,437.4,272.29
513,2023-03-04,280,3,4,4,409.88,303.3,106.58
514,2023-03-04,404,5,1,3,142.98,104.44,38.54
515,2023-03-04,424,5,1,5,208.64,142.03,66.61
516,2023-03-04,432,6,4,4,140.43,113.05,27.38
517,2023-03-04,204,3,4,5,619.21,442.69,176.52
518,2023-03-04,379,3,5,4,263.68,193.79,69.89
519,2023-03-04,205,2,4,1,381.05,325.47,55.58
520,2023-03-04,335,6,4,4,174.34,143.37,30.97
521,2023-03-05,59,3,2,5,450.89,339.85,111.04
522,2023-03-05,64,6,1,3,94.54,72.1,22.44
523,2023-03-05,243,5,2,4,173.07,127.09,45.98
524,2023-03-05,333,1,3,5,1039.83,652.98,386.85
525,2023-03-05,467,2,5,3,615.45,533.89,81.56
526,2023-03-05,311,2,3,3,552.82,460.22,92.6
527,2023-03-05,382,5,1,1,36.89,27.46,9.43
528,2023-03-06,174,3,5,5,371.42,279.46,91.96
529,2023-03-06,86,2,2,4,1005.6,855.8,149.8
530,2023-03-06,494,1,3,2,377.92,245.37,132.55
531,2023-03-06,380,3,2,2,179.94,133.32,46.62
532,2023-03-06,423,6,5,3,73.02,60.58,12.44
533,2023-03-06,371,3,4,3,331.21,241.76,89.45
534,2023-03-06,423,5,5,3,106.08,70.06,36.02
535,2023-03-06,102,5,4,5,263.3,185.03,78.27
536,2023-03-06,102,5,4,3,183.74,128.01,55.73
537,2023-03-06,144,2,1,5,1329.29,1156.17,173.12
538,2023-03-06,288,5,4,5,286.5,199.47,87.03
539,2023-03-06,370,3,3,3,220.08,161.89,58.19
540,2023-03-07,325,3,1,4,354.15,249.56,104.59
541,2023-03-07,408,4,1,4,263.24,134.38,128.86
542,2023-03-07,60,2,4,2,625.98,561.0,64.98
543,2023-03-07,66,3,1,4,308.99,221.2,87.79
544,2023-03-07,483,3,4,5,504.39,376.49,127.9
545,2023-03-07,455,5,1,5,225.69,162.11,63.58
546,2023-03-07,288,4,4,1,80.99,44.33,36.66
547,2023-03-08,432,4,4,4,322.03,189.61,132.42
548,2023-03-08,179,5,2,2,75.82,49.75,26.07
549,2023-03-08,258,1,3,4,749.53,459.58,289.95
550,2023-03-08,227,4,5,2,109.18,63.08,46.1
551,2023-03-08,357,6,4,2,81.21,66.97,14.24
552,2023-03-08,122,6,2,2,56.6,43.78,12.82
553,2023-03-08,387,2,1,5,1217.83,980.55,237.28
554,2023-03-09,331,3,3,1,62.34,45.77,16.57
555,2023-03-09,374,2,1,2,490.91,409.2,81.71
556,2023-03-09,201,4,2,1,56.04,29.58,26.46
557,2023-03-09,279,3,4,4,470.61,368.46,102.15
558,2023-03-09,47,5,4,3,151.48,109.47,42.01
559,2023-03-09,316,6,5,3,95.27,77.31,17.96
560,2023-03-09,319,2,4,1,375.77,304.42,71.35
561,2023-03-09,344,4,4,3,253.09,144.46,108.63
562,2023-03-09,415,5,1,2,83.16,57.74,25.42
563,2023-03-09,377,3,4,2,216.4,159.25,57.15
564,2023-03-09,368,4,1,2,114.26,60.77,53.49
565,2023-03-10,209,5,2,5,210.82,155.28,55.54
566,2023-03-10,20,1,4,4,1269.16,848.57,420.59
567,2023-03-10,348,6,3,2,48.04,37.47,10.57
568,2023-03-10,282,6,1,3,91.44,69.8,21.64
569,2023-03-10,418,6,1,1,29.1,22.46,6.64
570,2023-03-10,478,5,5,2,69.41,45.42,23.99
571,2023-03-11,214,4,4,3,263.23,137.2,126.03
572,2023-03-11,21,4,1,3,166.19,91.53,74.66
573,2023-03-11,96,5,3,1,37.44,27.59,9.85
574,2023-03-11,211,4,1,1,70.08,41.28,28.8
575,2023-03-11,248,4,4,5,444.39,261.03,183.36
576,2023-03-11,373,4,1,3,161.33,85.71,75.62
577,2023-03-11,23,6,2,2,68.33,52.49,15.84
578,2023-03-11,272,6,1,1,28.45,22.61,5.84
579,2023-03-12,264,2,2,2,439.18,374.17,65.01
580,2023-03-12,445,6,3,1,26.77,20.42,6.35
581,2023-03-12,496,1,2,4,991.7,653.15,338.55
582,2023-03-12,164,5,5,5,215.89,159.7,56.19
583,2023-03-12,344,6,4,4,145.93,112.26,33.67
584,2023-03-12,25,1,5,2,540.3,333.26,207.04
585,2023-03-12,395,6,3,3,81.96,69.38,12.58
586,2023-03-12,236,4,2,3,171.98,103.09,68.89
587,2023-03-12,339,5,5,2,75.07,52.26,22.81
588,2023-03-12,351,4,5,5,257.35,146.56,110.79
589,2023-03-13,126,5,2,2,77.0,57.32,19.68
590,2023-03-13,182,3,5,2,145.63,109.26,36.37
591,2023-03-13,301,2,3,2,468.05,399.16,68.89
592,2023-03-13,199,6,2,3,88.1,69.9,18.2
593,2023-03-13,102,1,4,5,1451.21,998.83,452.38
594,2023-03-13,97,1,4,5,1514.98,934.7,580.28
595,2023-03-13,304,1,4,5,1735.9,1126.7,609.2
596,2023-03-14,374,6,1,2,70.1,56.07,14.03
597,2023-03-14,324,6,1,2,63.08,50.48,12.6
598,2023-03-14,49,6,1,5,144.41,120.53,23.88
599,2023-03-14,318,5,3,4,118.04,86.6,31.44
600,2023-03-14,376,3,4,3,297.65,225.36,72.29
601,2023-03-14,497,4,4,3,221.22,128.96,92.26
602,2023-03-14,431,1,3,2,462.48,299.37,163.11
603,2023-03-14,485,2,4,2,611.04,490.69,120.35
604,2023-03-14,56,4,2,3,194.55,107.03,87.52
605,2023-03-14,13,3,3,2,128.15,96.54,31.61
606,2023-03-14,29,2,4,3,958.66,785.09,173.57
607,2023-03-15,296,1,4,4,1455.77,1006.54,449.23
608,2023-03-15,208,3,1,3,219.01,174.99,44.02
609,2023-03-15,432,4,4,5,429.63,215.22,214.41
610,2023-03-15,251,2,1,3,764.11,644.36,119.75
611,2023-03-15,241,5,2,1,39.21,29.15,10.06
612,2023-03-15,143,5,4,5,304.93,207.59,97.34
613,2023-03-15,384,2,1,1,289.92,253.28,36.64
614,2023-03-15,104,4,4,1,89.77,52.61,37.16
615,2023-03-16,374,3,1,4,316.05,240.8,75.25
616,2023-03-16,272,1,1,4,953.77,624.44,329.33
617,2023-03-16,148,4,2,2,104.26,59.49,44.77
618,2023-03-16,131,1,3,4,933.92,610.9,323.02
619,2023-03-16,282,6,1,4,112.79,90.42,22.37
620,2023-03-16,183,3,1,2,174.64,136.3,38.34
621,2023-03-16,282,2,1,3,729.65,655.75,73.9
622,2023-03-16,45,6,1,3,108.07,88.54,19.53
623,2023-03-16,184,1,3,1,228.52,138.48,90.04
624,2023-03-16,114,4,1,1,59.51,33.93,25.58
625,2023-03-17,291,6,1,4,118.15,98.43,19.72
626,2023-03-17,274,5,4,4,191.61,133.27,58.34
627,2023-03-17,363,3,1,5,358.11,280.77,77.34
628,2023-03-17,106,5,1,5,199.38,141.04,58.34
629,2023-03-17,372,4,1,3,175.56,98.07,77.49
630,2023-03-17,240,1,1,2,517.21,346.7,170.51
631,2023-03-17,106,4,1,2,142.66,79.67,62.99
632,2023-03-17,18,5,1,4,165.26,122.31,42.95
633,2023-03-17,362,6,5,3,91.27,72.24,19.03
634,2023-03-17,226,6,2,2,54.28,43.71,10.57
635,2023-03-18,435,4,4,1,78.65,46.49,32.16
636,2023-03-18,339,4,5,1,55.41,30.18,25.23
637,2023-03-18,177,5,5,3,109.63,77.96,31.67
638,2023-03-18,363,1,1,2,459.78,316.52,143.26
639,2023-03-18,373,3,1,3,238.06,181.24,56.82
640,2023-03-19,200,2,2,5,1119.14,1005.26,113.88
641,2023-03-19,21,1,1,3,823.35,546.81,276.54
642,2023-03-19,14,2,2,4,1067.02,938.59,128.43
643,2023-03-19,407,6,5,4,121.23,92.32,28.91
644,2023-03-19,382,3,1,3,236.3,177.37,58.93
645,2023-03-19,435,1,4,2,678.17,468.7,209.47
646,2023-03-19,385,4,3,4,228.22,136.2,92.02
647,2023-03-19,86,4,2,2,124.89,66.17,58.72
648,2023-03-20,453,4,1,3,198.92,113.21,85.71
649,2023-03-20,114,4,1,5,316.97,175.67,141.3
650,2023-03-20,353,5,2,5,192.03,126.61,65.42
651,2023-03-20,453,2,1,5,1173.1,999.73,173.37
652,2023-03-20,347,1,1,1,241.44,148.89,92.55
653,2023-03-20,81,4,5,1,57.05,30.97,26.08
654,2023-03-20,73,5,1,3,130.37,86.16,44.21
655,2023-03-20,485,2,4,3,1058.78,851.67,207.11
656,2023-03-20,149,5,2,4,138.67,94.5,44.17
657,2023-03-20,312,2,1,1,236.26,206.11,30.15
658,2023-03-21,475,4,1,5,347.38,196.16,151.22
659,2023-03-21,129,6,2,5,131.24,100.7,30.54
660,2023-03-21,127,3,5,5,342.34,258.03,84.31
661,2023-03-21,397,1,3,3,590.51,356.74,233.77
662,2023-03-21,349,2,3,3,615.85,510.24,105.61
663,2023-03-21,397,2,3,5,1066.4,927.81,138.59
664,2023-03-21,116,2,1,1,256.0,227.49,28.51
665,2023-03-21,402,5,5,5,166.98,123.8,43.18
666,2023-03-21,318,3,3,2,143.76,112.76,31.0
667,2023-03-21,412,2,5,3,636.84,547.27,89.57
668,2023-03-21,421,4,5,5,247.86,125.23,122.63
669,2023-03-21,272,3,1,4,338.8,261.97,76.83
670,2023-03-21,292,4,3,3,135.56,77.83,57.73
671,2023-03-22,439,3,4,5,540.53,390.27,150.26
672,2023-03-22,398,3,3,1,65.0,49.62,15.38
673,2023-03-22,139,1,5,5,1179.7,758.89,420.81
674,2023-03-22,57,5,1,4,143.78,99.85,43.93
675,2023-03-22,275,2,3,3,565.69,486.76,78.93
676,2023-03-22,196,3,4,2,192.95,141.24,51.71
677,2023-03-22,490,2,2,5,1209.78,990.93,218.85
678,2023-03-22,493,6,1,5,162.37,125.51,36.86
679,2023-03-23,145,1,2,4,937.46,586.69,350.77
680,2023-03-23,467,3,5,1,65.35,50.25,15.1
681,2023-03-23,318,6,3,1,26.18,19.7,6.48
682,2023-03-23,147,4,3,2,92.64,50.58,42.06
683,2023-03-23,159,2,1,5,1266.09,1030.66,235.43
684,2023-03-23,326,6,4,2,75.79,62.89,12.9
685,2023-03-23,268,1,3,2,437.35,281.27,156.08
686,2023-03-23,425,6,5,3,86.76,73.24,13.52
687,2023-03-24,334,1,2,4,925.79,583.79,342.0
688,2023-03-24,316,2,5,4,909.13,787.43,121.7
689,2023-03-24,147,6,3,4,94.74,79.19,15.55
690,2023-03-24,456,4,3,3,155.4,89.79,65.61
691,2023-03-24,179,1,2,3,770.8,511.18,259.62
692,2023-03-24,423,3,5,2,139.89,103.59,36.3
693,2023-03-24,83,1,1,5,1328.73,844.27,484.46
694,2023-03-24,216,5,3,2,76.09,54.72,21.37
695,2023-03-24,206,5,4,2,121.96,81.0,40.96
696,2023-03-24,57,5,1,1,43.0,29.93,13.07
697,2023-03-24,330,6,2,4,107.61,81.22,26.39
698,2023-03-24,311,1,3,5,1143.38,716.57,426.81
699,2023-03-24,374,3,1,5,387.41,295.36,92.05
700,2023-03-25,282,1,1,4,944.32,583.13,361.19
701,2023-03-25,43,3,3,1,73.08,57.04,16.04
702,2023-03-25,50,2,5,3,685.11,614.43,70.68
703,2023-03-25,397,2,3,5,1113.68,989.34,124.34
704,2023-03-25,54,2,2,4,1127.73,970.79,156.94
705,2023-03-25,463,4,5,4,243.81,124.25,119.56
706,2023-03-25,171,3,4,3,318.98,223.64,95.34
707,2023-03-25,227,1,5,5,1019.07,638.75,380.32
708,2023-03-25,487,3,2,5,419.63,315.1,104.53
709,2023-03-26,315,4,3,1,46.81,25.26,21.55
710,2023-03-26,268,1,3,5,1102.91,771.27,331.64
711,2023-03-26,409,3,1,3,253.31,196.7,56.61
712,2023-03-26,64,2,1,2,477.41,403.74,73.67
713,2023-03-26,369,3,4,5,501.6,359.84,141.76
714,2023-03-26,375,1,4,1,349.33,219.26,130.07
715,2023-03-26,222,6,4,2,91.53,74.22,17.31
716,2023-03-26,300,1,3,2,370.37,240.5,129.87
717,2023-03-26,191,5,3,2,77.15,54.84,22.31
718,2023-03-26,201,4,2,1,61.07,34.43,26.64
719,2023-03-26,453,5,1,5,217.97,159.31,58.66
720,2023-03-27,322,6,4,2,85.77,67.62,18.15
721,2023-03-27,282,4,1,4,267.94,145.59,122.35
722,2023-03-27,235,6,1,3,98.34,80.29,18.05
723,2023-03-27,312,1,1,5,1443.23,948.34,494.89
724,2023-03-27,56,2,2,2,452.8,395.89,56.91
725,2023-03-27,133,2,3,3,679.04,606.38,72.66
726,2023-03-27,32,6,5,1,26.91,22.46,4.45
727,2023-03-27,177,5,5,4,159.96,117.56,42.4
728,2023-03-28,231,1,5,4,878.88,607.97,270.91
729,2023-03-28,26,3,1,2,167.9,134.17,33.73
730,2023-03-28,134,3,3,4,274.08,204.98,69.1
731,2023-03-28,30,4,2,1,62.36,37.1,25.26
732,2023-03-28,326,5,4,4,237.42,166.03,71.39
733,2023-03-28,420,4,5,3,153.32,86.22,67.1
734,2023-03-29,478,3,5,5,353.28,263.54,89.74
735,2023-03-29,38,2,3,5,986.36,883.66,102.7
736,2023-03-29,259,3,1,4,354.47,278.2,76.27
737,2023-03-29,187,6,5,2,64.28,49.28,15.0
738,2023-03-29,225,2,1,4,1084.2,877.8,206.4
739,2023-03-29,419,3,4,1,121.68,89.84,31.84
740,2023-03-29,330,3,2,3,236.51,177.6,58.91
741,2023-03-30,190,5,5,1,34.81,23.44,11.37
742,2023-03-30,47,4,4,4,331.47,189.82,141.65
743,2023-03-30,135,3,4,1,102.55,76.9,25.65
744,2023-03-30,22,3,1,1,89.97,70.26,19.71
745,2023-03-30,12,2,4,4,1548.76,1369.93,178.83
746,2023-03-30,276,1,4,2,594.46,369.77,224.69
747,2023-03-30,445,1,3,3,544.36,351.66,192.7
748,2023-03-30,188,3,5,1,86.33,64.68,21.65
749,2023-03-30,383,1,4,3,937.9,590.97,346.93
750,2023-03-31,20,3,4,3,275.53,193.17,82.36
751,2023-03-31,180,6,1,3,101.32,78.21,23.11
752,2023-03-31,345,6,2,3,81.01,65.45,15.56
753,2023-03-31,118,2,2,4,893.24,774.52,118.72
754,2023-03-31,272,2,1,4,974.41,836.68,137.73
755,2023-03-31,235,3,1,3,285.95,211.15,74.8
756,2023-03-31,103,5,4,2,118.02,84.54,33.48
757,2023-03-31,44,1,4,4,1199.46,831.27,368.19
758,2023-03-31,15,3,2,3,251.65,187.47,64.18
759,2023-03-31,105,6,3,1,29.2,22.94,6.26
760,2023-03-31,415,5,1,3,130.82,95.82,35.0
761,2023-04-01,139,1,5,1,258.51,157.29,101.22
762,2023-04-01,203,4,4,4,314.69,170.7,143.99
763,2023-04-01,336,6,1,4,144.72,113.33,31.39
764,2023-04-01,82,2,1,5,1254.73,1027.04,227.69
765,2023-04-01,201,6,2,3,93.69,70.42,23.27
766,2023-04-02,263,4,5,1,62.26,35.23,27.03
767,2023-04-02,32,2,5,5,1130.68,995.46,135.22
768,2023-04-02,356,3,3,4,242.22,184.69,57.53
769,2023-04-02,412,6,5,5,138.56,112.88,25.68
770,2023-04-02,426,1,3,2,361.73,241.72,120.01
771,2023-04-02,406,1,2,1,282.61,178.13,104.48
772,2023-04-03,463,6,5,3,74.16,62.11,12.05
773,2023-04-03,330,3,2,4,320.68,245.3,75.38
774,2023-04-03,281,6,2,4,128.94,106.6,22.34
775,2023-04-03,135,6,4,4,149.94,122.3,27.64
776,2023-04-03,55,2,4,2,594.69,534.32,60.37
777,2023-04-03,310,6,4,5,215.53,171.22,44.31
778,2023-04-03,312,5,1,1,36.46,24.49,11.97
779,2023-04-03,287,3,5,2,165.28,129.44,35.84
780,2023-04-03,484,5,5,1,41.85,30.74,11.11
781,2023-04-03,17,4,4,3,223.79,128.39,95.4
782,2023-04-04,476,5,1,4,179.64,133.26,46.38
783,2023-04-04,32,6,5,2,59.59,44.82,14.77
784,2023-04-04,289,3,1,3,280.77,203.37,77.4
785,2023-04-04,319,3,4,5,529.01,413.4,115.61
786,2023-04-04,136,1,1,3,723.16,440.46,282.7
787,2023-04-04,421,1,5,3,711.15,459.38,251.77
788,2023-04-05,209,3,2,4,315.77,241.09,74.68
789,2023-04-05,290,1,2,2,440.34,296.34,144.0
790,2023-04-05,185,6,1,5,135.03,107.54,27.49
791,2023-04-05,481,4,4,2,139.08,81.65,57.43
792,2023-04-05,147,2,3,3,649.46,527.85,121.61
793,2023-04-05,133,5,3,5,189.54,141.57,47.97
794,2023-04-05,132,4,2,1,66.7,34.93,31.77
795,2023-04-05,488,1,3,1,191.17,118.91,72.26
796,2023-04-05,221,6,2,1,33.83,26.84,6.99
797,2023-04-06,140,3,3,5,368.11,282.73,85.38
798,2023-04-06,280,3,4,2,235.84,165.76,70.08
799,2023-04-06,168,1,5,1,213.61,138.16,75.45
800,2023-04-06,306,3,5,2,140.42,111.92,28.5
801,2023-04-06,123,3,2,4,346.36,264.79,81.57
802,2023-04-06,325,3,1,4,323.76,233.21,90.55
803,2023-04-06,162,4,3,1,50.63,25.55,25.08
804,2023-04-07,232,6,5,2,60.75,45.96,14.79
805,2023-04-07,154,5,2,1,38.91,25.56,13.35
806,2023-04-07,33,3,4,4,379.74,279.63,100.11
807,2023-04-07,442,3,3,4,288.37,202.97,85.4
808,2023-04-07,60,3,4,2,190.11,147.45,42.66
809,2023-04-07,335,3,4,1,114.83,90.13,24.7
810,2023-04-07,465,4,1,4,252.58,137.0,115.58
811,2023-04-07,457,3,4,3,360.26,255.39,104.87
812,2023-04-08,268,2,3,4,889.11,769.29,119.82
813,2023-04-08,164,6,5,2,56.91,45.56,11.35
814,2023-04-08,200,1,2,3,852.24,563.23,289.01
815,2023-04-08,459,3,1,3,253.27,191.18,62.09
816,2023-04-08,274,6,4,2,91.13,69.04,22.09
817,2023-04-08,498,4,4,1,88.25,50.93,37.32
818,2023-04-08,145,5,2,4,137.92,94.9,43.02
819,2023-04-08,90,6,5,2,52.46,42.27,10.19
820,2023-04-08,19,1,1,2,481.67,301.44,180.23
821,2023-04-09,355,3,1,5,438.1,345.56,92.54
822,2023-04-09,368,3,1,5,440.73,318.77,121.96
823,2023-04-09,248,4,4,3,277.38,161.38,116.0
824,2023-04-09,470,5,4,1,55.77,38.69,17.08
825,2023-04-09,395,6,3,5,146.57,122.51,24.06
826,2023-04-09,476,5,1,3,124.8,83.82,40.98
827,2023-04-09,413,4,1,2,113.38,66.4,46.98
828,2023-04-09,443,2,5,4,1042.41,899.63,142.78
829,2023-04-09,465,1,1,5,1136.83,787.92,348.91
830,2023-04-09,248,2,4,3,959.42,860.74,98.68
831,2023-04-09,328,1,1,5,1427.35,903.78,523.57
832,2023-04-09,288,6,4,1,42.17,32.97,9.2
833,2023-04-09,407,5,5,4,133.61,95.05,38.56
834,2023-04-09,255,3,5,1,85.6,67.47,18.13
835,2023-04-09,167,3,5,2,161.39,123.22,38.17
836,2023-04-09,255,1,5,5,1314.97,835.68,479.29
837,2023-04-09,96,6,3,1,24.34,18.96,5.38
838,2023-04-10,354,5,2,4,140.57,92.72,47.85
839,2023-04-10,481,6,4,3,138.03,106.67,31.36
840,2023-04-10,140,1,3,5,1162.55,754.03,408.52
841,2023-04-10,494,3,3,1,61.1,46.96,14.14
842,2023-04-10,301,6,3,2,57.13,43.02,14.11
843,2023-04-11,451,1,4,5,1781.53,1082.32,699.21
844,2023-04-11,94,4,5,5,270.63,155.14,115.49
845,2023-04-11,429,5,4,3,146.45,98.3,48.15
846,2023-04-11,237,2,1,2,531.8,453.61,78.19
847,2023-04-11,292,4,3,5,261.26,134.67,126.59
848,2023-04-11,275,5,3,5,160.14,114.76,45.38
849,2023-04-11,367,4,5,1,48.46,24.53,23.93
850,2023-04-11,423,3,5,4,328.94,251.37,77.57
851,2023-04-11,43,4,3,1,53.16,30.33,22.83
852,2023-04-11,155,5,5,2,79.69,55.45,24.24
853,2023-04-12,305,5,4,2,122.76,87.43,35.33
854,2023-04-12,388,6,3,4,110.97,84.32,26.65
855,2023-04-12,446,6,2,5,132.69,102.2,30.49
856,2023-04-12,69,4,3,5,259.45,155.0,104.45
857,2023-04-12,488,2,3,4,933.78,828.68,105.1
858,2023-04-13,228,6,4,4,176.44,134.93,41.51
859,2023-04-13,123,4,2,5,288.82,169.44,119.38
860,2023-04-13,478,3,5,1,77.12,59.46,17.66
861,2023-04-13,448,3,3,3,188.75,146.41,42.34
862,2023-04-13,308,6,5,3,92.32,78.41,13.91
863,2023-04-13,310,6,4,1,38.68,31.05,7.63
864,2023-04-13,271,5,1,5,183.1,129.06,54.04
865,2023-04-13,464,6,5,1,30.07,23.01,7.06
866,2023-04-13,417,5,1,3,119.98,84.93,35.05
867,2023-04-13,51,6,4,5,231.91,188.34,43.57
868,2023-04-13,45,5,1,1,36.66,24.81,11.85
869,2023-04-13,362,6,5,3,93.9,73.06,20.84
870,2023-04-13,126,3,2,2,167.37,129.21,38.16
871,2023-04-14,444,4,2,4,214.65,109.69,104.96
872,2023-04-14,179,3,2,3,270.41,198.64,71.77
873,2023-04-14,421,6,5,3,91.43,68.93,22.5
874,2023-04-14,348,2,3,5,941.05,816.07,124.98
875,2023-04-14,458,6,4,2,79.17,65.16,14.01
876,2023-04-14,133,1,3,1,191.91,118.81,73.1
877,2023-04-14,215,6,5,1,29.35,24.05,5.3
878,2023-04-14,52,5,1,4,189.63,141.58,48.05
879,2023-04-14,59,5,2,5,225.53,158.56,66.97
880,2023-04-14,104,2,4,3,1031.76,885.91,145.85
881,2023-04-14,494,3,3,2,156.26,112.75,43.51
882,2023-04-14,423,3,5,2,148.7,118.38,30.32
883,2023-04-14,66,3,1,4,351.94,260.73,91.21
884,2023-04-15,401,6,2,2,55.77,47.01,8.76
885,2023-04-15,432,6,4,3,118.72,98.5,20.22
886,2023-04-15,313,3,4,5,497.57,391.8,105.77
887,2023-04-15,239,3,2,1,83.76,63.36,20.4
888,2023-04-15,1,3,4,3,306.51,222.86,83.65
889,2023-04-15,59,5,2,5,207.73,150.46,57.27
890,2023-04-15,485,1,4,4,1420.52,988.83,431.69
891,2023-04-16,356,6,3,4,104.18,83.62,20.56
892,2023-04-16,415,6,1,1,32.67,26.16,6.51
893,2023-04-16,102,3,4,4,374.95,269.28,105.67
894,2023-04-16,448,6,3,2,50.44,42.53,7.91
895,2023-04-16,299,4,4,1,80.48,42.92,37.56
896,2023-04-16,283,3,1,2,192.49,148.39,44.1
897,2023-04-16,46,5,2,5,213.43,156.5,56.93
898,2023-04-16,286,2,1,4,1181.58,986.27,195.31
899,2023-04-17,446,3,2,4,316.02,226.84,89.18
900,2023-04-17,427,6,4,5,223.87,179.74,44.13
901,2023-04-17,473,6,4,5,184.33,151.42,32.91
902,2023-04-17,258,5,3,1,29.22,21.4,7.82
903,2023-04-18,472,1,4,3,899.91,623.43,276.48
904,2023-04-18,329,4,3,1,49.66,28.42,21.24
905,2023-04-18,115,4,2,1,52.28,31.09,21.19
906,2023-04-18,184,6,3,4,113.23,86.17,27.06
907,2023-04-18,201,1,2,2,492.25,341.41,150.84
908,2023-04-18,292,6,3,5,139.59,116.81,22.78
909,2023-04-18,284,2,2,2,546.51,447.5,99.01
910,2023-04-19,317,5,2,1,43.07,29.48,13.59
911,2023-04-19,100,4,5,2,109.5,65.11,44.39
912,2023-04-19,462,5,2,4,172.98,129.36,43.62
913,2023-04-19,45,3,1,3,267.17,207.41,59.76
914,2023-04-19,181,2,2,4,926.58,793.26,133.32
915,2023-04-19,226,4,2,2,130.02,67.36,62.66
916,2023-04-19,488,4,3,3,154.17,89.43,64.74
917,2023-04-20,301,5,3,1,30.28,20.33,9.95
918,2023-04-20,299,2,4,2,708.96,629.5,79.46
919,2023-04-20,155,5,5,2,79.84,52.83,27.01
920,2023-04-20,167,4,5,5,290.42,149.58,140.84
921,2023-04-21,284,2,2,2,426.74,380.94,45.8
922,2023-04-21,151,4,1,1,56.47,30.45,26.02
923,2023-04-21,36,4,1,5,321.2,186.39,134.81
924,2023-04-21,97,6,4,3,134.57,102.33,32.24
925,2023-04-21,443,2,5,2,546.11,455.04,91.07
926,2023-04-21,478,1,5,1,271.26,170.71,100.55
927,2023-04-21,142,5,4,5,272.14,178.49,93.65
928,2023-04-21,60,4,4,5,390.28,213.09,177.19
929,2023-04-21,472,5,4,3,151.74,101.98,49.76
930,2023-04-21,330,5,2,1,39.39,27.75,11.64
931,2023-04-22,161,4,4,3,212.13,125.58,86.55
932,2023-04-22,155,3,5,5,406.29,288.17,118.12
933,2023-04-22,161,4,4,3,267.21,155.54,111.67
934,2023-04-22,348,3,3,5,340.6,238.49,102.11
935,2023-04-22,399,5,3,3,87.36,63.98,23.38
936,2023-04-22,130,2,5,5,1064.71,860.89,203.82
937,2023-04-22,156,1,4,3,1072.92,662.3,410.62
938,2023-04-22,492,1,1,5,1287.89,885.14,402.75
939,2023-04-22,84,2,4,5,1758.46,1578.53,179.93
940,2023-04-22,32,3,5,1,68.97,51.88,17.09
941,2023-04-22,289,1,1,2,588.17,364.89,223.28
942,2023-04-22,156,6,4,2,76.41,59.85,16.56
943,2023-04-22,92,5,2,3,110.56,77.74,32.82
944,2023-04-23,447,4,3,4,210.27,109.79,100.48
945,2023-04-23,220,3,5,1,81.06,60.01,21.05
946,2023-04-23,311,5,3,1,38.25,27.28,10.97
947,2023-04-23,254,6,3,4,109.88,90.86,19.02
948,2023-04-23,469,1,1,3,722.33,458.34,263.99
949,2023-04-23,486,5,3,1,38.89,28.05,10.84
950,2023-04-23,417,3,1,3,272.46,209.65,62.81
951,2023-04-23,413,2,1,2,473.33,416.01,57.32
952,2023-04-24,61,6,1,5,170.84,135.24,35.6
953,2023-04-24,199,1,2,5,1136.64,772.97,363.67
954,2023-04-24,315,6,3,1,24.44,20.12,4.32
955,2023-04-24,254,4,3,1,55.62,28.23,27.39
956,2023-04-24,26,1,1,2,595.76,395.43,200.33
957,2023-04-24,75,1,1,5,1121.57,689.81,431.76
958,2023-04-25,217,1,2,3,708.39,469.86,238.53
959,2023-04-25,198,5,2,1,43.96,31.08,12.88
960,2023-04-25,118,4,2,2,136.64,79.8,56.84
961,2023-04-25,220,3,5,1,80.72,59.6,21.12
962,2023-04-25,436,2,1,5,1187.95,954.79,233.16
963,2023-04-25,65,2,1,1,295.24,241.88,53.36
964,2023-04-25,152,2,5,1,214.16,185.09,29.07
965,2023-04-25,135,2,4,3,1049.68,866.03,183.65
966,2023-04-25,114,5,1,4,174.49,116.23,58.26
967,2023-04-25,113,6,2,2,61.98,52.68,9.3
968,2023-04-25,392,4,2,2,134.7,78.85,55.85
969,2023-04-25,178,2,4,3,883.36,714.17,169.19
970,2023-04-26,148,3,2,2,150.03,118.06,31.97
971,2023-04-26,127,4,5,3,164.56,87.88,76.68
972,2023-04-26,481,3,4,1,96.71,77.33,19.38
973,2023-04-26,437,6,4,2,71.66,55.8,15.86
974,2023-04-26,296,2,4,3,949.74,786.86,162.88
975,2023-04-26,128,1,1,2,490.99,317.8,173.19
976,2023-04-26,212,1,3,1,225.1,150.25,74.85
977,2023-04-26,351,4,5,2,118.98,68.98,50.0
978,2023-04-26,275,1,3,1,202.09,136.24,65.85
979,2023-04-26,392,1,2,4,1087.3,653.33,433.97
980,2023-04-26,319,2,4,2,704.32,611.33,92.99
981,2023-04-26,293,1,3,4,924.11,616.54,307.57
982,2023-04-26,184,6,3,4,109.35,87.22,22.13
983,2023-04-26,322,1,4,1,366.24,246.5,119.74
984,2023-04-27,188,5,5,1,38.82,28.26,10.56
985,2023-04-27,214,5,4,2,101.09,75.15,25.94
986,2023-04-27,100,4,5,3,184.46,101.47,82.99
987,2023-04-27,280,1,4,5,1748.63,1058.99,689.64
988,2023-04-27,76,1,1,4,1205.73,770.55,435.18
989,2023-04-27,127,6,5,3,78.1,62.08,16.02
990,2023-04-27,211,4,1,2,120.12,66.3,53.82
991,2023-04-27,38,3,3,5,386.98,272.38,114.6
992,2023-04-27,408,4,1,2,140.77,72.95,67.82
993,2023-04-28,471,6,4,4,142.05,111.13,30.92
994,2023-04-28,16,6,2,2,68.56,55.3,13.26
995,2023-04-28,244,3,3,2,133.18,100.12,33.06
996,2023-04-28,187,1,5,5,1260.87,865.95,394.92
997,2023-04-28,217,5,2,4,173.78,119.21,54.57
998,2023-04-28,253,1,2,1,229.21,148.09,81.12
999,2023-04-28,208,3,1,1,95.79,72.87,22.92
1000,2023-04-28,205,6,4,4,163.33,137.95,25.38
1001,2023-04-28,431,6,3,4,96.08,80.24,15.84
1002,2023-04-28,433,2,1,2,490.41,439.24,51.17
1003,2023-04-28,39,6,2,2,62.04,50.99,11.05
1004,2023-04-29,57,6,1,5,174.64,131.38,43.26
1005,2023-04-29,119,4,4,2,178.41,93.28,85.13
1006,2023-04-29,116,4,1,5,273.18,159.59,113.59
1007,2023-04-29,358,5,3,1,32.64,23.33,9.31
1008,2023-04-29,63,3,2,3,220.63,175.2,45.43
1009,2023-04-29,201,5,2,4,177.19,128.34,48.85
1010,2023-04-30,418,2,1,4,1166.69,936.1,230.59
1011,2023-04-30,159,4,1,4,256.22,150.4,105.82
1012,2023-04-30,189,6,1,1,29.68,22.64,7.04
1013,2023-04-30,290,1,2,1,280.08,187.36,92.72
1014,2023-04-30,175,5,4,2,95.75,66.37,29.38
1015,2023-04-30,324,5,1,3,109.12,72.75,36.37
1016,2023-04-30,370,6,3,3,69.62,52.33,17.29
1017,2023-04-30,335,1,4,2,712.07,494.95,217.12
1018,2023-04-30,351,3,5,1,65.91,52.46,13.45
1019,2023-05-01,235,3,1,5,411.09,291.33,119.76
1020,2023-05-01,122,1,2,1,269.12,182.02,87.1
1021,2023-05-01,166,1,1,1,242.69,150.48,92.21
1022,2023-05-02,56,3,2,3,269.77,199.04,70.73
1023,2023-05-02,439,4,4,2,162.09,92.4,69.69
1024,2023-05-02,315,1,3,3,590.27,377.99,212.28
1025,2023-05-02,80,1,2,2,459.44,308.99,150.45
1026,2023-05-03,208,3,1,2,185.03,136.18,48.85
1027,2023-05-03,184,1,3,4,976.85,639.9,336.95
1028,2023-05-03,123,4,2,4,273.52,155.37,118.15
1029,2023-05-03,368,4,1,5,273.62,163.97,109.65
1030,2023-05-03,215,2,5,1,211.58,189.12,22.46
1031,2023-05-03,460,4,5,1,61.93,34.72,27.21
1032,2023-05-03,23,5,2,3,131.17,95.0,36.17
1033,2023-05-03,168,4,5,3,145.61,77.75,67.86
1034,2023-05-03,130,2,5,2,489.9,426.74,63.16
1035,2023-05-03,218,2,1,5,1379.87,1122.67,257.2
1036,2023-05-03,437,1,4,3,919.85,578.14,341.71
1037,2023-05-04,190,3,5,2,143.51,102.43,41.08
1038,2023-05-04,117,5,4,5,300.95,217.18,83.77
1039,2023-05-04,189,3,1,3,263.85,210.66,53.19
1040,2023-05-04,274,6,4,4,143.08,119.56,23.52
1041,2023-05-04,110,5,4,1,56.32,37.98,18.34
1042,2023-05-04,149,4,2,2,118.08,64.48,53.6
1043,2023-05-04,455,6,1,1,27.69,21.59,6.1
1044,2023-05-04,412,5,5,3,130.28,94.65,35.63
1045,2023-05-04,333,2,3,4,857.2,757.16,100.04
1046,2023-05-04,490,3,2,4,351.9,273.84,78.06
1047,2023-05-04,59,2,2,1,270.4,239.32,31.08
1048,2023-05-04,309,5,4,4,237.68,170.57,67.11
1049,2023-05-04,455,6,1,5,143.57,116.24,27.33
1050,2023-05-05,367,6,5,2,58.16,44.77,13.39
1051,2023-05-05,399,1,3,1,204.7,141.12,63.58
1052,2023-05-05,417,5,1,1,46.14,31.49,14.65
1053,2023-05-05,195,6,2,2,63.34,47.87,15.47
1054,2023-05-05,274,1,4,5,1789.59,1126.33,663.26
1055,2023-05-05,256,5,1,1,43.0,28.64,14.36
1056,2023-05-05,272,3,1,2,149.01,117.0,32.01
1057,2023-05-05,231,3,5,4,342.67,264.5,78.17
1058,2023-05-05,189,2,1,3,754.78,609.81,144.97
1059,2023-05-05,231,4,5,4,228.74,136.38,92.36
1060,2023-05-05,7,6,2,2,65.01,49.61,15.4
1061,2023-05-05,51,5,4,4,199.65,135.03,64.62
1062,2023-05-05,155,6,5,3,76.04,60.64,15.4
1063,2023-05-05,233,4,1,2,119.49,68.17,51.32
1064,2023-05-06,142,4,4,4,336.27,168.15,168.12
1065,2023-05-06,58,3,1,1,72.46,52.87,19.59
1066,2023-05-06,19,6,1,2,69.59,55.79,13.8
1067,2023-05-06,33,5,4,5,291.34,207.38,83.96
1068,2023-05-06,385,3,3,5,375.5,295.48,80.02
1069,2023-05-06,67,3,5,4,344.65,272.15,72.5
1070,2023-05-06,182,6,5,2,57.18,45.54,11.64
1071,2023-05-06,407,5,5,1,34.37,24.76,9.61
1072,2023-05-07,335,4,4,4,314.49,159.13,155.36
1073,2023-05-07,301,4,3,5,248.07,138.69,109.38
1074,2023-05-07,17,3,4,1,99.3,75.11,24.19
1075,2023-05-07,126,5,2,2,73.18,48.98,24.2
1076,2023-05-07,460,2,5,1,237.54,196.83,40.71
1077,2023-05-07,466,5,2,4,175.75,121.44,54.31
1078,2023-05-07,207,6,4,4,167.07,136.87,30.2
1079,2023-05-07,5,5,4,4,231.88,169.83,62.05
1080,2023-05-07,345,4,2,1,51.52,30.06,21.46
1081,2023-05-07,481,3,4,3,278.82,220.62,58.2
1082,2023-05-08,399,1,3,5,1008.54,625.05,383.49
1083,2023-05-08,63,2,2,1,270.43,217.59,52.84
1084,2023-05-08,492,1,1,2,590.94,408.74,182.2
1085,2023-05-08,155,1,5,3,754.05,475.7,278.35
1086,2023-05-08,303,3,4,3,285.48,204.92,80.56
1087,2023-05-08,128,1,1,1,243.39,168.06,75.33
1088,2023-05-08,10,3,4,2,236.54,182.26,54.28
1089,2023-05-08,473,2,4,1,323.83,276.3,47.53
1090,2023-05-08,39,1,2,2,434.36,268.09,166.27
1091,2023-05-08,396,4,4,3,261.2,142.18,119.02
1092,2023-05-08,313,1,4,5,1491.72,919.71,572.01
1093,2023-05-08,119,5,4,1,56.7,38.68,18.02
1094,2023-05-08,114,2,1,1,266.64,230.3,36.34
1095,2023-05-08,76,3,1,5,469.29,371.85,97.44
1096,2023-05-09,308,6,5,4,128.1,103.13,24.97
1097,2023-05-09,276,4,4,4,322.43,188.42,134.01
1098,2023-05-09,136,5,1,5,207.11,154.39,52.72
1099,2023-05-09,22,6,1,4,111.59,93.41,18.18
1100,2023-05-10,276,3,4,1,109.42,85.1,24.32
1101,2023-05-10,276,4,4,3,263.63,131.92,131.71
1102,2023-05-10,497,6,4,5,223.29,188.11,35.18
1103,2023-05-10,52,3,1,3,285.41,201.77,83.64
1104,2023-05-10,311,6,3,3,70.8,59.86,10.94
1105,2023-05-10,432,1,4,3,969.76,605.2,364.56
1106,2023-05-10,258,2,3,2,416.1,352.85,63.25
1107,2023-05-10,251,2,1,5,1322.14,1095.62,226.52
1108,2023-05-11,178,2,4,2,678.7,556.23,122.47
1109,2023-05-11,299,2,4,4,1193.83,1049.05,144.78
1110,2023-05-11,22,6,1,1,29.08,24.14,4.94
1111,2023-05-11,319,6,4,2,83.33,67.32,16.01
1112,2023-05-11,300,2,3,3,554.07,480.31,73.76
1113,2023-05-12,284,3,2,4,365.53,262.29,103.24
1114,2023-05-12,28,4,2,1,54.26,30.24,24.02
1115,2023-05-12,172,2,3,5,1019.45,876.21,143.24
1116,2023-05-12,59,1,2,5,1150.18,797.78,352.4
1117,2023-05-12,169,6,5,3,79.89,63.92,15.97
1118,2023-05-12,27,2,3,1,207.2,181.95,25.25
1119,2023-05-12,500,5,5,4,138.98,91.57,47.41
1120,2023-05-12,28,4,2,4,253.55,137.95,115.6
1121,2023-05-13,42,5,5,4,132.93,96.32,36.61
1122,2023-05-13,467,1,5,1,245.24,170.2,75.04
1123,2023-05-13,185,4,1,2,118.98,68.73,50.25
1124,2023-05-13,100,4,5,2,122.94,66.22,56.72
1125,2023-05-13,118,4,2,1,68.93,36.45,32.48
1126,2023-05-13,210,4,3,2,99.9,58.18,41.72
1127,2023-05-13,370,6,3,5,114.88,94.0,20.88
1128,2023-05-13,473,1,4,1,319.92,213.17,106.75
1129,2023-05-13,158,6,3,5,144.45,119.43,25.02
1130,2023-05-13,173,2,4,1,329.19,287.31,41.88
1131,2023-05-13,64,4,1,5,358.55,213.23,145.32
1132,2023-05-13,437,6,4,2,81.29,66.78,14.51
1133,2023-05-13,316,2,5,3,670.06,568.27,101.79
1134,2023-05-14,19,5,1,3,135.22,100.67,34.55
1135,2023-05-14,258,4,3,3,141.83,81.71,60.12
1136,2023-05-14,492,6,1,5,139.24,105.6,33.64
1137,2023-05-14,116,5,1,2,87.76,57.26,30.5
1138,2023-05-14,245,2,1,5,1145.77,951.88,193.89
1139,2023-05-14,165,5,4,1,59.95,40.04,19.91
1140,2023-05-14,97,2,4,2,742.76,614.46,128.3
1141,2023-05-14,150,3,1,3,234.94,172.05,62.89
1142,2023-05-14,310,6,4,5,200.23,152.77,47.46
1143,2023-05-14,498,6,4,3,116.42,95.23,21.19
1144,2023-05-15,105,5,3,2,73.31,51.09,22.22
1145,2023-05-15,361,3,1,5,458.26,356.27,101.99
1146,2023-05-15,166,4,1,1,61.14,36.39,24.75
1147,2023-05-15,320,3,4,5,460.53,356.82,103.71
1148,2023-05-15,471,3,4,5,592.45,445.48,146.97
1149,2023-05-15,313,2,4,4,1298.35,1058.53,239.82
1150,2023-05-15,303,6,4,1,37.91,30.39,7.52
1151,2023-05-16,86,3,2,2,180.83,127.81,53.02
1152,2023-05-16,369,1,4,1,325.01,218.27,106.74
1153,2023-05-16,278,5,3,3,114.66,78.59,36.07
1154,2023-05-16,307,5,4,2,117.49,84.12,33.37
1155,2023-05-16,339,3,5,4,271.52,197.89,73.63
1156,2023-05-16,327,2,2,3,829.67,720.97,108.7
1157,2023-05-16,194,5,3,3,112.89,74.7,38.19
1158,2023-05-16,489,6,2,5,147.68,115.89,31.79
1159,2023-05-17,7,4,2,1,64.25,35.1,29.15
1160,2023-05-17,12,2,4,5,1781.87,1482.56,299.31
1161,2023-05-17,309,1,4,3,943.17,607.91,335.26
1162,2023-05-17,9,5,2,5,199.76,140.73,59.03
1163,2023-05-17,147,6,3,3,78.02,60.31,17.71
1164,2023-05-17,64,1,1,2,471.98,319.11,152.87
1165,2023-05-17,18,4,1,4,262.83,137.38,125.45
1166,2023-05-18,390,4,2,5,265.0,146.45,118.55
1167,2023-05-18,296,3,4,1,118.52,94.66,23.86
1168,2023-05-18,151,4,1,5,270.13,137.6,132.53
1169,2023-05-18,317,6,2,3,88.03,70.32,17.71
1170,2023-05-18,23,6,2,4,105.99,82.62,23.37
1171,2023-05-18,280,6,4,4,174.16,135.01,39.15
1172,2023-05-18,411,2,3,4,947.56,788.57,158.99
1173,2023-05-18,414,1,4,5,1776.54,1120.9,655.64
1174,2023-05-18,244,3,3,1,73.23,57.04,16.19
1175,2023-05-18,416,1,4,2,683.4,419.96,263.44
1176,2023-05-18,317,6,2,4,119.47,95.3,24.17
1177,2023-05-18,328,1,1,2,505.68,337.38,168.3
1178,2023-05-18,163,3,1,2,178.35,137.53,40.82
1179,2023-05-18,115,1,2,4,986.35,677.26,309.09
1180,2023-05-19,327,4,2,5,344.57,180.58,163.99
1181,2023-05-19,390,1,2,4,883.22,616.25,266.97
1182,2023-05-19,167,4,5,3,167.9,99.2,68.7
1183,2023-05-19,312,3,1,5,368.74,262.43,106.31
1184,2023-05-19,13,6,3,1,22.17,16.69,5.48
1185,2023-05-19,160,1,1,2,484.13,294.4,189.73
1186,2023-05-19,187,2,5,2,523.53,434.65,88.88
1187,2023-05-19,332,1,3,3,731.42,482.94,248.48
1188,2023-05-19,63,6,2,3,82.11,62.05,20.06
1189,2023-05-19,286,4,1,1,54.62,29.49,25.13
1190,2023-05-20,71,6,2,5,140.89,115.61,25.28
1191,2023-05-20,109,6,4,4,158.65,120.66,37.99
1192,2023-05-20,318,6,3,5,133.1,110.3,22.8
1193,2023-05-20,361,2,1,1,259.51,217.56,41.95
1194,2023-05-20,456,3,3,1,62.25,44.05,18.2
1195,2023-05-20,50,5,5,5,192.5,129.86,62.64
1196,2023-05-20,170,5,1,5,233.7,174.43,59.27
1197,2023-05-20,455,3,1,1,88.27,66.36,21.91
1198,2023-05-21,112,1,1,4,957.09,611.49,345.6
1199,2023-05-21,392,6,2,5,144.0,108.29,35.71
1200,2023-05-21,402,2,5,1,234.44,204.73,29.71
1201,2023-05-21,97,3,4,2,226.69,165.78,60.91
1202,2023-05-21,332,5,3,3,100.61,71.21,29.4
1203,2023-05-21,19,4,1,2,144.56,81.47,63.09
1204,2023-05-21,199,5,2,1,40.05,29.71,10.34
1205,2023-05-21,288,1,4,4,1545.38,952.25,593.13
1206,2023-05-21,371,2,4,2,599.58,528.27,71.31
1207,2023-05-21,314,2,3,4,945.32,842.37,102.95
1208,2023-05-21,408,4,1,3,185.55,97.07,88.48
1209,2023-05-21,328,2,1,5,1283.06,1087.28,195.78
1210,2023-05-21,333,5,3,2,73.07,48.34,24.73
1211,2023-05-21,397,6,3,1,26.89,20.7,6.19
1212,2023-05-21,238,4,4,4,281.84,152.57,129.27
1213,2023-05-22,362,1,5,1,223.24,142.48,80.76
1214,2023-05-22,496,1,2,4,1047.54,663.31,384.23
1215,2023-05-22,315,6,3,4,93.96,70.93,23.03
1216,2023-05-22,485,5,4,4,205.69,152.47,53.22
1217,2023-05-22,253,6,2,3,86.51,70.73,15.78
1218,2023-05-22,56,2,2,1,222.19,197.88,24.31
1219,2023-05-22,393,6,4,3,131.34,105.19,26.15
1220,2023-05-23,451,2,4,5,1496.08,1310.59,185.49
1221,2023-05-23,140,1,3,5,974.15,598.8,375.35
1222,2023-05-23,77,6,2,1,28.09,22.36,5.73
1223,2023-05-23,152,6,5,3,78.5,65.37,13.13
1224,2023-05-23,387,5,1,5,220.03,158.47,61.56
1225,2023-05-23,492,3,1,4,300.5,214.21,86.29
1226,2023-05-24,169,6,5,1,29.65,23.5,6.15
1227,2023-05-24,382,1,1,5,1481.24,903.43,577.81
1228,2023-05-24,148,3,2,1,82.3,62.64,19.66
1229,2023-05-24,264,1,2,3,742.3,492.21,250.09
1230,2023-05-24,226,4,2,3,162.47,81.36,81.11
1231,2023-05-24,462,6,2,2,61.89,47.18,14.71
1232,2023-05-25,92,2,2,2,505.46,444.63,60.83
1233,2023-05-25,106,4,1,2,139.71,72.92,66.79
1234,2023-05-25,394,6,3,2,48.52,40.08,8.44
1235,2023-05-25,147,6,3,1,26.81,22.71,4.1
1236,2023-05-25,453,2,1,5,1485.29,1262.92,222.37
1237,2023-05-25,403,4,4,5,345.02,190.98,154.04
1238,2023-05-25,4,5,1,5,188.32,124.76,63.56
1239,2023-05-26,384,3,1,2,174.74,131.44,43.3
1240,2023-05-26,322,4,4,4,366.42,198.84,167.58
1241,2023-05-26,39,5,2,3,128.07,88.88,39.19
1242,2023-05-26,483,4,4,3,219.42,121.83,97.59
1243,2023-05-26,5,1,4,4,1427.48,906.72,520.76
1244,2023-05-26,473,2,4,2,758.81,633.07,125.74
1245,2023-05-26,396,5,4,2,121.8,84.86,36.94
1246,2023-05-26,227,2,5,3,674.34,563.05,111.29
1247,2023-05-26,291,2,1,5,1390.26,1181.37,208.89
1248,2023-05-27,71,6,2,3,91.68,70.2,21.48
1249,2023-05-27,265,3,4,5,491.18,374.62,116.56
1250,2023-05-27,50,3,5,3,255.5,188.61,66.89
1251,2023-05-27,249,5,2,1,44.43,32.93,11.5
1252,2023-05-27,332,6,3,3,76.93,61.42,15.51
1253,2023-05-27,45,2,1,1,273.75,242.72,31.03
1254,2023-05-27,196,6,4,3,123.23,99.23,24.0
1255,2023-05-27,52,5,1,2,95.06,68.37,26.69
1256,2023-05-27,480,6,3,5,113.33,96.0,17.33
1257,2023-05-28,43,2,3,4,919.37,800.06,119.31
1258,2023-05-28,223,5,1,3,113.34,74.79,38.55
1259,2023-05-28,216,2,3,3,707.25,617.99,89.26
1260,2023-05-28,257,1,5,2,538.03,360.58,177.45
1261,2023-05-28,121,4,4,2,168.43,87.41,81.02
1262,2023-05-28,163,5,1,3,110.69,82.07,28.62
1263,2023-05-28,228,6,4,3,109.06,85.68,23.38
1264,2023-05-28,163,3,1,1,86.38,64.12,22.26
1265,2023-05-28,318,6,3,1,27.06,21.7,5.36
1266,2023-05-28,18,3,1,3,241.29,177.59,63.7
1267,2023-05-28,299,6,4,5,198.55,162.47,36.08
1268,2023-05-29,383,1,4,5,1483.82,925.59,558.23
1269,2023-05-29,233,1,1,3,750.41,454.1,296.31
1270,2023-05-29,473,3,4,4,426.52,314.21,112.31
1271,2023-05-29,393,5,4,4,193.0,134.3,58.7
1272,2023-05-29,399,2,3,4,963.06,853.92,109.14
1273,2023-05-29,402,6,5,1,31.55,26.0,5.55
1274,2023-05-29,466,4,2,5,307.36,171.73,135.63
1275,2023-05-30,52,1,1,2,453.85,306.0,147.85
1276,2023-05-30,2,2,5,3,778.12,630.72,147.4
1277,2023-05-30,54,6,2,1,29.03,22.06,6.97
1278,2023-05-30,344,6,4,1,42.6,32.2,10.4
1279,2023-05-30,23,4,2,2,130.06,68.91,61.15
1280,2023-05-30,70,3,4,1,92.96,71.5,21.46
1281,2023-05-31,465,6,1,2,61.68,50.7,10.98
1282,2023-05-31,223,2,1,5,1496.99,1244.47,252.52
1283,2023-05-31,443,3,5,3,206.27,163.63,42.64
1284,2023-05-31,205,5,4,2,99.5,72.69,26.81
1285,2023-06-01,365,6,5,5,163.41,133.31,30.1
1286,2023-06-01,344,3,4,3,288.93,218.98,69.95
1287,2023-06-01,204,1,4,2,682.81,447.46,235.35
1288,2023-06-01,209,2,2,2,482.9,434.47,48.43
1289,2023-06-01,395,5,3,3,88.71,57.81,30.9
1290,2023-06-01,205,4,4,2,156.16,92.27,63.89
1291,2023-06-01,108,2,4,5,1554.1,1344.57,209.53
1292,2023-06-01,68,6,4,4,177.51,136.75,40.76
1293,2023-06-01,480,1,3,2,425.69,296.61,129.08
1294,2023-06-01,113,5,2,5,221.0,145.77,75.23
1295,2023-06-01,254,6,3,3,69.63,55.26,14.37
1296,2023-06-01,265,1,4,2,746.07,450.47,295.6
1297,2023-06-01,265,6,4,3,130.55,104.69,25.86
1298,2023-06-01,344,1,4,3,990.1,638.37,351.73
1299,2023-06-02,192,4,2,3,177.71,103.55,74.16
1300,2023-06-02,495,6,2,5,147.29,114.98,32.31
1301,2023-06-02,63,3,2,1,77.22,55.06,22.16
1302,2023-06-02,56,1,2,1,231.86,153.57,78.29
1303,2023-06-02,235,2,1,1,280.78,233.79,46.99
1304,2023-06-02,420,2,5,4,1074.24,899.63,174.61
1305,2023-06-02,51,3,4,1,93.17,69.98,23.19
1306,2023-06-02,119,1,4,4,1236.07,865.16,370.91
1307,2023-06-03,163,4,1,2,144.34,76.31,68.03
1308,2023-06-03,235,5,1,2,73.25,51.56,21.69
1309,2023-06-03,353,4,2,1,66.42,37.94,28.48
1310,2023-06-03,342,2,4,5,1703.63,1388.51,315.12
1311,2023-06-03,342,1,4,5,1800.7,1231.79,568.91
1312,2023-06-03,187,6,5,1,24.71,19.82,4.89
1313,2023-06-03,198,1,2,1,266.52,180.36,86.16
1314,2023-06-03,218,5,1,2,85.18,56.39,28.79
1315,2023-06-03,362,5,5,3,124.44,90.34,34.1
1316,2023-06-03,90,5,5,1,37.19,27.42,9.77
1317,2023-06-04,407,2,5,3,749.1,603.96,145.14
1318,2023-06-04,125,6,4,3,108.25,84.88,23.37
1319,2023-06-04,296,1,4,3,896.59,589.65,306.94
1320,2023-06-04,432,5,4,5,264.9,196.34,68.56
1321,2023-06-04,4,2,1,4,1169.1,949.1,220.0
1322,2023-06-04,402,5,5,2,76.53,56.6,19.93
1323,2023-06-04,498,5,4,2,92.62,61.83,30.79
1324,2023-06-04,187,6,5,5,163.64,137.71,25.93
1325,2023-06-04,375,6,4,5,202.63,160.07,42.56
1326,2023-06-04,465,5,1,5,188.49,126.09,62.4
1327,2023-06-05,87,4,3,1,46.66,26.18,20.48
1328,2023-06-05,21,1,1,2,579.7,383.78,195.92
1329,2023-06-05,204,4,4,3,241.03,130.59,110.44
1330,2023-06-05,164,2,5,3,792.34,701.78,90.56
1331,2023-06-05,421,1,5,5,1244.66,824.07,420.59
1332,2023-06-05,338,4,2,1,65.81,38.81,27.0
1333,2023-06-05,446,2,2,3,803.57,705.35,98.22
1334,2023-06-05,441,1,1,3,723.92,478.48,245.44
1335,2023-06-05,39,1,2,3,748.05,467.71,280.34
1336,2023-06-05,483,1,4,2,666.6,433.1,233.5
1337,2023-06-05,43,6,3,5,135.35,104.44,30.91
1338,2023-06-05,387,6,1,3,99.37,76.02,23.35
1339,2023-06-06,295,1,2,3,841.93,520.71,321.22
1340,2023-06-06,446,3,2,5,427.01,321.66,105.35
1341,2023-06-06,76,2,1,1,229.42,202.46,26.96
1342,2023-06-06,380,3,2,3,241.63,187.74,53.89
1343,2023-06-06,423,4,5,2,104.34,52.25,52.09
1344,2023-06-06,112,1,1,5,1384.13,860.62,523.51
1345,2023-06-06,178,3,4,3,338.29,241.03,97.26
1346,2023-06-06,205,5,4,2,115.08,77.25,37.83
1347,2023-06-06,73,6,1,5,134.93,108.04,26.89
1348,2023-06-06,106,1,1,5,1320.53,841.9,478.63
1349,2023-06-06,25,3,5,5,341.04,265.05,75.99
1350,2023-06-07,468,6,4,5,183.22,142.21,41.01
1351,2023-06-07,45,2,1,4,1082.55,868.06,214.49
1352,2023-06-07,298,2,1,4,972.34,857.34,115.0
1353,2023-06-07,335,5,4,1,55.19,39.94,15.25
1354,2023-06-07,248,4,4,2,169.5,93.72,75.78
1355,2023-06-07,387,3,1,2,163.45,122.75,40.7
1356,2023-06-07,374,1,1,1,227.06,152.79,74.27
1357,2023-06-07,399,2,3,5,1004.43,870.57,133.86
1358,2023-06-07,121,4,4,1,70.03,36.47,33.56
1359,2023-06-08,258,4,3,4,193.44,104.11,89.33
1360,2023-06-08,370,1,3,1,230.12,145.04,85.08
1361,2023-06-08,487,6,2,3,83.12,68.67,14.45
1362,2023-06-08,322,3,4,3,312.25,225.23,87.02
1363,2023-06-08,283,1,1,4,1093.54,673.95,419.59
1364,2023-06-08,421,2,5,1,225.88,195.13,30.75
1365,2023-06-09,227,2,5,4,854.57,761.26,93.31
1366,2023-06-09,191,1,3,3,720.13,499.36,220.77
1367,2023-06-09,48,6,1,1,31.62,25.21,6.41
1368,2023-06-09,494,1,3,4,815.37,566.39,248.98
1369,2023-06-09,163,6,1,2,56.65,45.44,11.21
1370,2023-06-09,111,5,4,4,218.1,152.87,65.23
1371,2023-06-09,422,4,3,1,50.36,27.89,22.47
1372,2023-06-09,480,2,3,1,197.7,158.98,38.72
1373,2023-06-09,84,3,4,5,620.84,467.09,153.75
1374,2023-06-10,196,3,4,4,389.12,309.2,79.92
1375,2023-06-10,230,5,4,1,58.93,39.66,19.27
1376,2023-06-10,452,3,1,1,91.51,65.06,26.45
1377,2023-06-10,441,3,1,4,308.9,224.4,84.5
1378,2023-06-10,205,2,4,2,608.2,514.58,93.62
1379,2023-06-10,406,5,2,5,197.71,139.13,58.58
1380,2023-06-10,375,5,4,4,195.15,133.26,61.89
1381,2023-06-10,374,3,1,2,148.26,118.05,30.21
1382,2023-06-10,381,1,2,2,536.93,336.08,200.85
1383,2023-06-10,89,2,1,3,817.53,680.35,137.18
1384,2023-06-10,71,6,2,4,104.48,88.0,16.48
1385,2023-06-10,405,4,3,1,47.6,26.01,21.59
1386,2023-06-10,452,5,1,2,74.15,49.59,24.56
1387,2023-06-10,313,1,4,3,1082.0,684.38,397.62
1388,2023-06-10,18,2,1,4,1013.85,867.9,145.95
1389,2023-06-11,499,4,1,2,107.12,63.58,43.54
1390,2023-06-11,192,4,2,4,256.18,150.31,105.87
1391,2023-06-11,281,4,2,4,239.46,123.25,116.21
1392,2023-06-11,367,1,5,5,1268.0,877.95,390.05
1393,2023-06-11,82,4,1,1,65.27,35.92,29.35
1394,2023-06-11,241,3,2,1,90.89,63.84,27.05
1395,2023-06-11,122,4,2,5,289.71,155.78,133.93
1396,2023-06-11,393,4,4,4,297.32,164.25,133.07
1397,2023-06-11,486,5,3,1,29.09,19.31,9.78
1398,2023-06-11,128,4,1,5,303.55,162.38,141.17
1399,2023-06-11,422,2,3,3,624.11,548.29,75.82
1400,2023-06-11,380,6,2,2,55.74,46.92,8.82
1401,2023-06-11,24,2,1,2,455.84,399.47,56.37
1402,2023-06-11,405,6,3,4,102.15,84.58,17.57
1403,2023-06-11,16,6,2,3,78.13,62.35,15.78
1404,2023-06-12,432,6,4,2,88.92,69.95,18.97
1405,2023-06-12,245,2,1,2,482.8,432.12,50.68
1406,2023-06-12,262,4,3,3,169.17,96.58,72.59
1407,2023-06-12,184,2,3,2,411.58,346.65,64.93
1408,2023-06-12,3,4,1,3,161.25,82.05,79.2
1409,2023-06-12,22,2,1,4,1173.26,1021.44,151.82
1410,2023-06-12,253,2,2,4,1119.67,973.14,146.53
1411,2023-06-12,444,3,2,1,73.19,55.66,17.53
1412,2023-06-12,211,2,1,1,264.38,234.47,29.91
1413,2023-06-12,281,6,2,4,107.52,84.36,23.16
1414,2023-06-12,17,1,4,5,1686.52,1180.1,506.42
1415,2023-06-12,95,2,3,3,547.82,443.97,103.85
1416,2023-06-12,191,5,3,3,101.39,67.1,34.29
1417,2023-06-12,329,4,3,2,86.91,50.04,36.87
1418,2023-06-13,11,1,1,3,790.16,499.57,290.59
1419,2023-06-13,78,6,1,1,28.73,23.63,5.1
1420,2023-06-13,98,6,4,1,37.36,28.93,8.43
1421,2023-06-13,245,2,1,5,1443.34,1240.93,202.41
1422,2023-06-13,482,5,3,5,188.19,131.62,56.57
1423,2023-06-13,395,2,3,5,977.98,784.5,193.48
1424,2023-06-13,257,1,5,2,530.17,346.03,184.14
1425,2023-06-14,89,2,1,3,884.48,763.45,121.03
1426,2023-06-14,433,2,1,4,1037.8,912.36,125.44
1427,2023-06-14,375,5,4,2,114.9,82.14,32.76
1428,2023-06-14,27,3,3,1,62.78,46.36,16.42
1429,2023-06-14,78,6,1,5,167.77,135.67,32.1
1430,2023-06-14,461,4,4,5,361.15,202.04,159.11
1431,2023-06-14,385,6,3,2,48.72,40.71,8.01
1432,2023-06-14,356,6,3,3,86.26,66.47,19.79
1433,2023-06-15,453,4,1,3,190.49,112.15,78.34
1434,2023-06-15,362,6,5,2,64.96,50.32,14.64
1435,2023-06-15,418,3,1,3,258.14,206.09,52.05
1436,2023-06-15,121,2,4,2,692.16,556.26,135.9
1437,2023-06-15,267,2,4,4,1504.39,1353.55,150.84
1438,2023-06-15,377,6,4,5,224.56,187.52,37.04
1439,2023-06-16,321,4,3,4,192.43,108.79,83.64
1440,2023-06-16,220,4,5,2,129.53,68.55,60.98
1441,2023-06-16,437,1,4,4,1316.61,848.43,468.18
1442,2023-06-16,463,5,5,2,75.52,50.2,25.32
1443,2023-06-16,243,3,2,2,169.7,119.9,49.8
1444,2023-06-17,129,3,2,1,71.03,55.76,15.27
1445,2023-06-17,371,4,4,3,261.1,143.6,117.5
1446,2023-06-17,453,3,1,2,148.1,106.32,41.78
1447,2023-06-17,395,6,3,4,91.59,75.86,15.73
1448,2023-06-17,78,5,1,3,116.82,79.32,37.5
1449,2023-06-17,52,4,1,5,351.07,205.73,145.34
1450,2023-06-17,186,6,3,3,78.29,60.01,18.28
1451,2023-06-17,430,2,3,3,599.75,481.08,118.67
1452,2023-06-17,320,6,4,3,128.18,103.34,24.84
1453,2023-06-17,20,1,4,5,1747.24,1060.89,686.35
1454,2023-06-17,437,1,4,4,1520.19,946.57,573.62
1455,2023-06-17,373,5,1,5,188.34,135.35,52.99
1456,2023-06-17,134,6,3,5,115.67,90.31,25.36
1457,2023-06-18,129,1,2,4,1032.82,672.65,360.17
1458,2023-06-18,393,5,4,2,92.48,66.37,26.11
1459,2023-06-18,173,6,4,3,133.42,110.64,22.78
1460,2023-06-18,341,6,5,2,54.63,43.79,10.84
1461,2023-06-18,151,1,1,1,284.39,195.13,89.26
1462,2023-06-18,424,3,1,5,448.02,318.21,129.81
1463,2023-06-18,347,5,1,1,36.02,25.45,10.57
1464,2023-06-18,49,6,1,2,61.36,50.06,11.3
1465,2023-06-18,196,3,4,1,117.88,91.94,25.94
1466,2023-06-18,207,6,4,2,73.88,57.72,16.16
1467,2023-06-18,383,3,4,4,435.11,344.11,91.0
1468,2023-06-18,200,2,2,5,1407.16,1250.75,156.41
1469,2023-06-19,99,3,5,5,343.53,271.53,72.0
1470,2023-06-19,438,3,3,2,126.76,89.24,37.52
1471,2023-06-19,452,3,1,2,163.3,127.83,35.47
1472,2023-06-19,89,4,1,2,139.13,70.52,68.61
1473,2023-06-19,408,2,1,2,530.71,439.07,91.64
1474,2023-06-20,473,5,4,5,254.23,178.68,75.55
1475,2023-06-20,396,6,4,5,195.28,159.85,35.43
1476,2023-06-20,307,1,4,2,691.37,449.16,242.21
1477,2023-06-20,334,5,2,5,196.26,144.51,51.75
1478,2023-06-20,332,4,3,5,291.39,158.63,132.76
1479,2023-06-20,494,1,3,4,847.57,549.65,297.92
1480,2023-06-21,476,4,1,3,162.3,86.91,75.39
1481,2023-06-21,416,3,4,2,224.54,175.79,48.75
1482,2023-06-21,65,4,1,1,55.25,30.44,24.81
1483,2023-06-21,350,2,2,5,1236.83,1044.3,192.53
1484,2023-06-21,109,3,4,2,242.57,175.47,67.1
1485,2023-06-21,361,3,1,2,184.69,135.81,48.88
1486,2023-06-21,434,6,5,1,27.14,20.54,6.6
1487,2023-06-21,233,2,1,5,1251.78,1095.5,156.28
1488,2023-06-21,260,6,2,2,57.31,48.1,9.21
1489,2023-06-21,249,6,2,5,134.9,113.13,21.77
1490,2023-06-21,264,5,2,2,81.52,57.14,24.38
1491,2023-06-21,6,3,2,4,344.48,244.52,99.96
1492,2023-06-21,82,2,1,1,300.96,264.76,36.2
1493,2023-06-22,244,5,3,1,30.8,21.55,9.25
1494,2023-06-22,499,5,1,2,86.78,63.73,23.05
1495,2023-06-22,488,5,3,1,32.11,21.76,10.35
1496,2023-06-22,422,4,3,4,173.49,100.72,72.77
1497,2023-06-22,216,5,3,2,73.94,53.67,20.27
1498,2023-06-22,291,3,1,1,78.91,56.22,22.69
1499,2023-06-22,378,3,1,1,79.84,62.93,16.91
1500,2023-06-22,271,4,1,2,134.94,80.95,53.99
1501,2023-06-22,338,3,2,5,437.73,350.1,87.63
1502,2023-06-22,93,2,1,5,1291.91,1066.96,224.95
1503,2023-06-22,488,1,3,4,920.52,572.23,348.29
1504,2023-06-22,441,6,1,5,142.05,118.48,23.57
1505,2023-06-22,397,2,3,4,802.86,665.7,137.16
1506,2023-06-22,426,1,3,4,798.94,539.9,259.04
1507,2023-06-22,469,3,1,3,272.67,200.92,71.75
1508,2023-06-22,394,2,3,3,665.66,536.86,128.8
1509,2023-06-22,467,4,5,3,146.36,85.63,60.73
1510,2023-06-22,363,6,1,1,31.8,24.14,7.66
1511,2023-06-23,109,6,4,2,83.83,64.26,19.57
1512,2023-06-23,8,6,2,1,32.16,24.32,7.84
1513,2023-06-23,143,2,4,3,960.37,823.65,136.72
1514,2023-06-23,472,1,4,4,1540.3,1008.99,531.31
1515,2023-06-23,220,1,5,1,220.84,141.43,79.41
1516,2023-06-23,258,3,3,3,195.91,145.89,50.02
1517,2023-06-23,239,6,2,1,27.18,22.89,4.29
1518,2023-06-23,73,2,1,5,1248.04,1036.46,211.58
1519,2023-06-23,337,1,4,5,1741.85,1156.29,585.56
1520,2023-06-23,124,4,3,2,91.89,48.14,43.75
1521,2023-06-23,177,5,5,2,80.6,58.15,22.45
1522,2023-06-24,387,1,1,5,1379.04,938.45,440.59
1523,2023-06-24,255,2,5,4,837.01,716.74,120.27
1524,2023-06-24,294,5,4,3,171.84,128.11,43.73
1525,2023-06-24,386,2,4,1,305.52,245.05,60.47
1526,2023-06-24,164,4,5,1,54.42,27.93,26.49
1527,2023-06-24,31,6,1,1,30.88,25.06,5.82
1528,2023-06-24,211,5,1,2,90.25,66.48,23.77
1529,2023-06-24,238,5,4,2,100.16,65.98,34.18
1530,2023-06-24,123,6,2,4,117.05,97.56,19.49
1531,2023-06-24,112,3,1,1,82.88,66.22,16.66
1532,2023-06-24,404,3,1,2,144.89,112.71,32.18
1533,2023-06-24,293,4,3,2,99.37,53.55,45.82
1534,2023-06-24,115,3,2,3,234.47,187.42,47.05
1535,2023-06-25,353,6,2,5,137.19,108.53,28.66
1536,2023-06-25,265,2,4,3,937.13,827.69,109.44
1537,2023-06-25,464,2,5,5,1204.12,982.06,222.06
1538,2023-06-25,177,1,5,2,530.13,330.56,199.57
1539,2023-06-25,117,2,4,4,1359.31,1205.55,153.76
1540,2023-06-25,128,3,1,5,454.95,340.58,114.37
1541,2023-06-25,163,1,1,3,733.26,485.82,247.44
1542,2023-06-25,204,2,4,1,312.49,277.71,34.78
1543,2023-06-25,405,1,3,2,469.61,293.1,176.51
1544,2023-06-25,329,1,3,2,408.7,265.29,143.41
1545,2023-06-25,17,6,4,3,118.39,89.36,29.03
1546,2023-06-25,377,2,4,2,598.9,525.83,73.07
1547,2023-06-25,465,2,1,2,486.48,415.36,71.12
1548,2023-06-25,472,2,4,5,1737.57,1537.05,200.52
1549,2023-06-25,365,5,5,3,120.43,84.16,36.27
1550,2023-06-25,377,5,4,5,275.46,189.63,85.83
1551,2023-06-25,417,4,1,2,129.88,71.63,58.25
1552,2023-06-25,230,5,4,4,206.75,146.04,60.71
1553,2023-06-26,129,1,2,2,469.31,303.89,165.42
1554,2023-06-26,208,2,1,4,966.97,796.93,170.04
1555,2023-06-26,418,2,1,1,259.59,219.53,40.06
1556,2023-06-26,29,5,4,5,274.11,186.88,87.23
1557,2023-06-26,409,4,1,4,248.57,140.72,107.85
1558,2023-06-26,115,1,2,2,458.94,290.43,168.51
1559,2023-06-26,41,2,2,1,212.56,186.83,25.73
1560,2023-06-26,428,3,4,5,523.59,402.53,121.06
1561,2023-06-26,27,5,3,1,29.87,22.33,7.54
1562,2023-06-26,499,3,1,1,73.75,55.74,18.01
1563,2023-06-26,342,2,4,2,602.94,538.91,64.03
1564,2023-06-27,168,3,5,3,214.17,150.57,63.6
1565,2023-06-27,500,6,5,2,64.78,49.52,15.26
1566,2023-06-27,439,4,4,4,279.23,155.57,123.66
1567,2023-06-27,217,6,2,1,31.82,26.34,5.48
1568,2023-06-27,457,3,4,4,433.74,325.08,108.66
1569,2023-06-27,476,2,1,2,548.31,482.74,65.57
1570,2023-06-27,155,3,5,2,142.07,108.51,33.56
1571,2023-06-27,267,4,4,5,403.52,236.42,167.1
1572,2023-06-27,494,6,3,5,141.08,109.08,32.0
1573,2023-06-27,336,6,1,1,31.97,24.86,7.11
1574,2023-06-27,16,3,2,4,360.18,278.72,81.46
1575,2023-06-27,110,6,4,5,225.1,170.89,54.21
1576,2023-06-27,8,5,2,4,155.11,113.15,41.96
1577,2023-06-28,108,4,4,1,89.98,46.51,43.47
1578,2023-06-28,202,3,3,4,312.08,247.35,64.73
1579,2023-06-28,95,1,3,1,203.71,135.61,68.1
1580,2023-06-28,349,1,3,4,820.15,547.26,272.89
1581,2023-06-28,219,3,5,5,371.92,278.81,93.11
1582,2023-06-28,235,4,1,5,271.92,153.39,118.53
1583,2023-06-28,140,5,3,2,58.16,42.97,15.19
1584,2023-06-28,134,4,3,1,47.35,27.07,20.28
1585,2023-06-28,320,2,4,4,1419.3,1178.98,240.32
1586,2023-06-28,353,6,2,4,136.18,115.25,20.93
1587,2023-06-28,202,4,3,5,264.43,135.43,129.0
1588,2023-06-28,274,2,4,1,306.08,259.45,46.63
1589,2023-06-29,242,2,2,5,1123.51,940.18,183.33
1590,2023-06-29,233,4,1,2,109.15,54.66,54.49
1591,2023-06-29,448,2,3,5,1058.5,895.3,163.2
1592,2023-06-29,439,2,4,5,1870.85,1507.03,363.82
1593,2023-06-29,487,3,2,3,224.2,169.36,54.84
1594,2023-06-29,482,5,3,1,32.36,23.01,9.35
1595,2023-06-29,259,3,1,5,473.9,340.74,133.16
1596,2023-06-30,69,5,3,5,167.63,118.18,49.45
1597,2023-06-30,486,2,3,1,186.3,156.78,29.52
1598,2023-06-30,337,2,4,1,287.84,251.2,36.64
1599,2023-06-30,315,6,3,3,78.71,61.17,17.54
1600,2023-06-30,302,2,2,2,468.79,381.58,87.21
1601,2023-06-30,350,4,2,1,63.44,37.83,25.61
1602,2023-06-30,86,4,2,3,164.18,82.68,81.5
1603,2023-06-30,57,5,1,1,43.89,31.93,11.96
1604,2023-06-30,321,4,3,2,95.81,49.24,46.57
1605,2023-06-30,83,3,1,1,83.01,64.67,18.34
1606,2023-06-30,465,2,1,2,507.78,424.34,83.44
1607,2023-07-01,467,1,5,4,1056.72,664.8,391.92
1608,2023-07-01,50,4,5,2,128.09,72.21,55.88
1609,2023-07-01,416,5,4,4,207.58,151.13,56.45
1610,2023-07-01,162,1,3,1,197.06,135.99,61.07
1611,2023-07-01,263,3,5,5,367.4,258.04,109.36
1612,2023-07-01,285,5,2,2,77.51,54.64,22.87
1613,2023-07-01,35,4,2,5,306.25,180.41,125.84
1614,2023-07-01,151,4,1,4,288.79,171.56,117.23
1615,2023-07-02,32,6,5,1,25.97,21.52,4.45
1616,2023-07-02,219,1,5,1,236.79,149.5,87.29
1617,2023-07-02,246,1,2,5,1090.13,730.09,360.04
1618,2023-07-02,307,3,4,4,432.06,336.05,96.01
1619,2023-07-02,174,4,5,5,265.73,133.84,131.89
1620,2023-07-02,326,2,4,3,985.27,836.05,149.22
1621,2023-07-02,54,2,2,5,1257.64,1068.29,189.35
1622,2023-07-02,154,6,2,2,64.08,53.38,10.7
1623,2023-07-02,151,2,1,2,573.25,480.56,92.69
1624,2023-07-02,485,6,4,2,82.95,66.62,16.33
1625,2023-07-02,461,4,4,1,80.83,43.81,37.02
1626,2023-07-02,391,6,3,4,94.52,71.9,22.62
1627,2023-07-02,264,2,2,2,435.72,378.02,57.7
1628,2023-07-02,441,2,1,3,831.66,706.29,125.37
1629,2023-07-02,313,4,4,4,366.42,190.46,175.96
1630,2023-07-02,407,2,5,2,471.5,378.46,93.04
1631,2023-07-02,163,3,1,5,448.73,347.77,100.96
1632,2023-07-02,415,1,1,3,825.43,520.58,304.85
1633,2023-07-03,49,3,1,2,185.98,134.65,51.33
1634,2023-07-03,216,2,3,1,190.42,170.64,19.78
1635,2023-07-03,127,5,5,2,84.24,54.87,29.37
1636,2023-07-03,16,2,2,2,489.82,423.61,66.21
1637,2023-07-03,26,3,1,4,365.5,275.47,90.03
1638,2023-07-03,389,6,1,1,33.29,25.22,8.07
1639,2023-07-03,457,2,4,1,287.11,236.96,50.15
1640,2023-07-03,86,2,2,1,227.08,186.16,40.92
1641,2023-07-03,434,4,5,3,190.56,112.01,78.55
1642,2023-07-04,333,4,3,5,249.63,137.48,112.15
1643,2023-07-04,483,2,4,3,950.56,788.08,162.48
1644,2023-07-04,433,4,1,2,138.72,81.09,57.63
1645,2023-07-04,228,3,4,2,225.14,166.24,58.9
1646,2023-07-04,14,4,2,4,234.68,140.07,94.61
1647,2023-07-04,65,3,1,5,421.58,318.7,102.88
1648,2023-07-04,254,1,3,5,1177.67,804.48,373.19
1649,2023-07-04,78,5,1,5,210.17,156.58,53.59
1650,2023-07-04,180,3,1,2,187.9,138.01,49.89
1651,2023-07-04,241,1,2,4,1090.06,712.18,377.88
1652,2023-07-04,243,3,2,4,292.23,226.4,65.83
1653,2023-07-04,131,1,3,2,384.47,266.03,118.44
1654,2023-07-04,490,5,2,2,72.85,50.95,21.9
1655,2023-07-04,190,6,5,3,77.5,58.55,18.95
1656,2023-07-05,215,2,5,2,536.23,436.2,100.03
1657,2023-07-05,356,2,3,3,685.39,551.12,134.27
1658,2023-07-05,189,1,1,1,269.54,169.45,100.09
1659,2023-07-05,82,2,1,5,1244.96,1055.35,189.61
1660,2023-07-05,442,1,3,4,830.39,508.91,321.48
1661,2023-07-05,486,4,3,5,255.84,131.97,123.87
1662,2023-07-05,485,3,4,5,594.45,463.46,130.99
1663,2023-07-05,9,2,2,2,557.69,482.8,74.89
1664,2023-07-06,113,4,2,3,189.75,109.2,80.55
1665,2023-07-06,284,5,2,4,162.28,110.26,52.02
1666,2023-07-06,299,5,4,4,208.22,153.84,54.38
1667,2023-07-06,29,1,4,2,735.24,482.77,252.47
1668,2023-07-06,378,5,1,4,142.92,96.37,46.55
1669,2023-07-06,102,4,4,5,434.81,232.75,202.06
1670,2023-07-07,409,4,1,3,162.54,82.46,80.08
1671,2023-07-07,415,5,1,4,179.29,120.31,58.98
1672,2023-07-07,437,4,4,3,208.33,112.01,96.32
1673,2023-07-07,473,5,4,4,246.71,167.07,79.64
1674,2023-07-07,194,1,3,5,977.41,589.06,388.35
1675,2023-07-07,308,2,5,4,949.66,778.99,170.67
1676,2023-07-07,95,2,3,5,1077.7,877.38,200.32
1677,2023-07-08,22,2,1,1,264.81,234.98,29.83
1678,2023-07-08,60,4,4,5,427.02,218.6,208.42
1679,2023-07-08,485,5,4,1,58.45,40.02,18.43
1680,2023-07-08,385,2,3,5,981.65,803.48,178.17
1681,2023-07-08,366,6,3,1,23.47,19.57,3.9
1682,2023-07-08,308,3,5,3,221.02,162.35,58.67
1683,2023-07-08,410,6,2,1,30.62,25.25,5.37
1684,2023-07-08,1,4,4,4,365.97,214.89,151.08
1685,2023-07-09,1,3,4,2,239.37,168.52,70.85
1686,2023-07-09,10,6,4,3,125.56,95.81,29.75
1687,2023-07-09,240,2,1,1,285.98,232.07,53.91
1688,2023-07-09,369,3,4,4,472.52,332.3,140.22
1689,2023-07-09,55,2,4,2,584.58,502.17,82.41
1690,2023-07-09,150,4,1,1,64.85,37.9,26.95
1691,2023-07-09,359,5,1,4,180.1,118.36,61.74
1692,2023-07-09,15,5,2,4,147.34,106.45,40.89
1693,2023-07-09,121,4,4,2,147.2,76.89,70.31
1694,2023-07-09,419,4,4,2,156.32,92.69,63.63
1695,2023-07-09,297,1,5,3,651.18,424.05,227.13
1696,2023-07-10,329,2,3,5,1011.05,823.25,187.8
1697,2023-07-10,246,3,2,1,74.22,54.94,19.28
1698,2023-07-10,304,4,4,1,92.24,52.49,39.75
1699,2023-07-10,364,2,3,4,956.38,824.77,131.61
1700,2023-07-10,156,2,4,4,1446.88,1220.7,226.18
1701,2023-07-10,205,5,4,2,116.16,85.13,31.03
1702,2023-07-10,258,1,3,3,695.22,482.17,213.05
1703,2023-07-10,16,3,2,3,208.23,154.56,53.67
1704,2023-07-11,161,3,4,1,114.47,82.12,32.35
1705,2023-07-11,283,4,1,5,321.95,177.03,144.92
1706,2023-07-11,408,2,1,3,769.67,664.01,105.66
1707,2023-07-11,132,6,2,4,112.45,91.86,20.59
1708,2023-07-11,44,4,4,4,280.41,143.36,137.05
1709,2023-07-11,21,1,1,1,257.05,156.83,100.22
1710,2023-07-11,369,3,4,1,107.24,78.87,28.37
1711,2023-07-11,40,4,4,4,360.89,180.71,180.18
1712,2023-07-11,56,6,2,2,59.82,49.75,10.07
1713,2023-07-11,70,6,4,5,189.01,143.82,45.19
1714,2023-07-11,223,6,1,4,110.44,91.9,18.54
1715,2023-07-11,28,1,2,1,269.8,167.63,102.17
1716,2023-07-11,249,6,2,5,138.47,114.62,23.85
1717,2023-07-12,353,3,2,1,68.08,48.28,19.8
1718,2023-07-12,396,6,4,5,226.35,184.93,41.42
1719,2023-07-12,175,1,4,3,932.27,568.5,363.77
1720,2023-07-12,49,4,1,5,354.94,211.83,143.11
1721,2023-07-12,305,5,4,5,303.54,204.55,98.99
1722,2023-07-12,469,1,1,5,1353.21,849.53,503.68
1723,2023-07-12,456,1,3,1,187.82,124.19,63.63
1724,2023-07-12,482,4,3,3,164.86,96.06,68.8
1725,2023-07-12,416,2,4,5,1916.18,1654.75,261.43
1726,2023-07-12,419,1,4,2,664.07,403.49,260.58
1727,2023-07-12,251,1,1,1,236.4,163.65,72.75
1728,2023-07-13,169,5,5,4,135.17,94.06,41.11
1729,2023-07-13,272,3,1,2,192.14,142.56,49.58
1730,2023-07-13,12,2,4,5,1676.18,1490.58,185.6
1731,2023-07-13,466,4,2,3,188.7,112.03,76.67
1732,2023-07-13,57,4,1,1,69.26,39.34,29.92
1733,2023-07-13,330,4,2,3,196.44,106.92,89.52
1734,2023-07-13,441,2,1,2,450.35,379.09,71.26
1735,2023-07-13,240,1,1,4,948.43,624.35,324.08
1736,2023-07-14,287,2,5,2,420.91,355.11,65.8
1737,2023-07-14,420,4,5,5,327.4,171.02,156.38
1738,2023-07-14,128,2,1,1,224.94,201.74,23.2
1739,2023-07-14,299,3,4,2,188.31,137.78,50.53
1740,2023-07-14,317,1,2,5,1240.59,760.91,479.68
1741,2023-07-14,306,3,5,3,222.03,171.39,50.64
1742,2023-07-14,492,5,1,2,74.97,52.93,22.04
1743,2023-07-14,132,4,2,5,275.74,155.9,119.84
1744,2023-07-14,86,3,2,1,83.72,65.7,18.02
1745,2023-07-14,402,6,5,1,25.27,20.79,4.48
1746,2023-07-14,29,2,4,4,1352.88,1143.74,209.14
1747,2023-07-14,441,1,1,4,1206.59,805.3,401.29
1748,2023-07-15,25,6,5,5,127.2,99.15,28.05
1749,2023-07-15,174,3,5,5,425.37,313.25,112.12
1750,2023-07-15,348,5,3,1,32.31,22.38,9.93
1751,2023-07-15,443,1,5,1,263.39,163.9,99.49
1752,2023-07-15,245,6,1,4,129.25,100.7,28.55
1753,2023-07-15,319,6,4,2,79.99,62.13,17.86
1754,2023-07-15,446,2,2,4,990.52,835.17,155.35
1755,2023-07-16,155,1,5,2,504.71,304.78,199.93
1756,2023-07-16,76,3,1,4,326.06,253.39,72.67
1757,2023-07-16,467,6,5,4,104.11,83.88,20.23
1758,2023-07-16,487,2,2,2,558.01,487.22,70.79
1759,2023-07-16,273,3,1,4,354.11,257.35,96.76
1760,2023-07-16,118,2,2,3,661.18,546.27,114.91
1761,2023-07-16,164,3,5,5,372.43,279.94,92.49
1762,2023-07-16,386,1,4,3,943.65,641.71,301.94
1763,2023-07-16,487,5,2,1,39.02,27.18,11.84
1764,2023-07-16,57,3,1,3,234.43,187.52,46.91
1765,2023-07-17,332,4,3,1,52.12,29.97,22.15
1766,2023-07-17,43,6,3,3,66.93,55.45,11.48
1767,2023-07-17,281,2,2,2,572.92,494.91,78.01
1768,2023-07-17,240,1,1,3,770.06,534.0,236.06
1769,2023-07-17,161,6,4,5,199.75,157.11,42.64
1770,2023-07-17,20,6,4,2,84.62,67.31,17.31
1771,2023-07-17,79,2,1,3,752.85,658.64,94.21
1772,2023-07-17,117,3,4,4,440.52,342.61,97.91
1773,2023-07-17,182,6,5,1,31.3,26.08,5.22
1774,2023-07-17,150,4,1,2,142.03,71.9,70.13
1775,2023-07-18,279,3,4,5,598.0,441.09,156.91
1776,2023-07-18,245,4,1,3,192.57,101.53,91.04
1777,2023-07-18,213,1,2,1,229.62,142.27,87.35
1778,2023-07-18,32,2,5,4,1052.57,943.99,108.58
1779,2023-07-18,482,6,3,4,95.25,71.79,23.46
1780,2023-07-18,333,4,3,2,105.44,57.14,48.3
1781,2023-07-18,198,4,2,1,62.53,35.41,27.12
1782,2023-07-18,457,1,4,1,338.52,205.61,132.91
1783,2023-07-19,357,4,4,5,346.84,197.77,149.07
1784,2023-07-19,75,3,1,1,81.97,64.43,17.54
1785,2023-07-19,105,1,3,5,1204.66,835.27,369.39
1786,2023-07-19,293,4,3,4,186.83,100.72,86.11
1787,2023-07-19,477,6,4,5,199.73,158.62,41.11
1788,2023-07-19,155,2,5,3,689.35,571.99,117.36
1789,2023-07-19,132,1,2,1,267.11,183.04,84.07
1790,2023-07-19,275,6,3,3,80.53,65.18,15.35
1791,2023-07-19,499,5,1,4,189.23,123.96,65.27
1792,2023-07-19,453,2,1,2,466.41,386.27,80.14
1793,2023-07-20,432,2,4,1,368.18,315.52,52.66
1794,2023-07-20,397,2,3,2,425.39,381.04,44.35
1795,2023-07-20,195,3,2,5,376.67,300.97,75.7
1796,2023-07-20,140,4,3,3,174.1,103.33,70.77
1797,2023-07-20,50,4,5,2,100.43,59.51,40.92
1798,2023-07-20,440,5,4,2,92.89,64.82,28.07
1799,2023-07-20,294,2,4,5,1485.63,1203.27,282.36
1800,2023-07-20,331,5,3,4,144.89,101.42,43.47
1801,2023-07-20,357,5,4,2,106.7,75.26,31.44
1802,2023-07-20,82,3,1,3,277.06,199.99,77.07
1803,2023-07-21,85,2,4,5,1791.14,1472.26,318.88
1804,2023-07-21,342,3,4,4,399.39,299.32,100.07
1805,2023-07-21,246,6,2,4,123.35,97.79,25.56
1806,2023-07-21,221,6,2,4,103.92,84.44,19.48
1807,2023-07-21,244,5,3,5,176.36,119.13,57.23
1808,2023-07-21,417,4,1,2,117.62,66.9,50.72
1809,2023-07-21,298,5,1,5,201.09,131.44,69.65
1810,2023-07-21,286,1,1,2,581.3,354.7,226.6
1811,2023-07-21,86,4,2,4,209.55,115.76,93.79
1812,2023-07-21,412,4,5,3,150.08,86.23,63.85
1813,2023-07-21,497,6,4,1,44.86,37.92,6.94
1814,2023-07-21,239,6,2,4,133.1,103.76,29.34
1815,2023-07-22,18,2,1,2,483.47,415.51,67.96
1816,2023-07-22,408,6,1,1,34.29,26.28,8.01
1817,2023-07-22,415,3,1,5,454.01,347.62,106.39
1818,2023-07-22,461,4,4,3,252.99,146.26,106.73
1819,2023-07-23,174,5,5,5,211.88,143.07,68.81
1820,2023-07-23,442,5,3,4,142.89,100.78,42.11
1821,2023-07-23,299,2,4,3,1120.83,979.31,141.52
1822,2023-07-23,402,4,5,4,240.28,126.65,113.63
1823,2023-07-23,116,4,1,1,56.13,30.3,25.83
1824,2023-07-23,314,4,3,4,191.59,98.76,92.83
1825,2023-07-23,132,2,2,2,548.06,441.44,106.62
1826,2023-07-24,145,5,2,3,109.14,75.87,33.27
1827,2023-07-24,56,2,2,4,974.86,818.05,156.81
1828,2023-07-24,71,1,2,3,807.83,555.88,251.95
1829,2023-07-24,348,6,3,4,103.12,79.17,23.95
1830,2023-07-24,464,2,5,3,789.52,676.17,113.35
1831,2023-07-24,269,1,1,3,886.81,575.39,311.42
1832,2023-07-24,355,2,1,2,593.42,498.14,95.28
1833,2023-07-25,238,2,4,1,363.67,316.09,47.58
1834,2023-07-25,346,3,2,1,79.09,62.84,16.25
1835,2023-07-25,40,6,4,4,139.22,114.27,24.95
1836,2023-07-25,396,4,4,5,353.77,203.51,150.26
1837,2023-07-25,23,3,2,1,68.86,50.01,18.85
1838,2023-07-26,179,3,2,4,359.79,253.31,106.48
1839,2023-07-26,197,4,1,3,201.71,110.46,91.25
1840,2023-07-26,275,4,3,1,58.64,30.37,28.27
1841,2023-07-26,61,3,1,4,380.67,292.87,87.8
1842,2023-07-26,19,3,1,3,264.33,199.48,64.85
1843,2023-07-26,418,4,1,1,53.91,28.96,24.95
1844,2023-07-27,463,1,5,3,614.16,381.46,232.7
1845,2023-07-27,8,1,2,2,494.76,298.06,196.7
1846,2023-07-27,495,6,2,2,63.4,53.15,10.25
1847,2023-07-27,359,5,1,1,45.63,30.34,15.29
1848,2023-07-27,316,4,5,1,50.28,27.58,22.7
1849,2023-07-27,183,2,1,2,544.22,467.24,76.98
1850,2023-07-27,163,4,1,5,351.94,192.56,159.38
1851,2023-07-28,427,4,4,2,155.3,86.16,69.14
1852,2023-07-28,141,3,1,4,324.45,227.67,96.78
1853,2023-07-28,144,2,1,4,1114.74,988.32,126.42
1854,2023-07-28,442,1,3,5,1009.32,663.53,345.79
1855,2023-07-28,402,3,5,2,165.61,125.95,39.66
1856,2023-07-28,422,5,3,3,95.93,65.61,30.32
1857,2023-07-28,356,1,3,4,864.6,520.85,343.75
1858,2023-07-28,16,2,2,1,269.22,216.4,52.82
1859,2023-07-28,494,1,3,2,448.89,283.6,165.29
1860,2023-07-29,165,5,4,5,270.45,196.89,73.56
1861,2023-07-29,403,3,4,5,594.6,427.26,167.34
1862,2023-07-29,450,1,1,3,709.1,483.03,226.07
1863,2023-07-29,405,6,3,4,105.91,82.31,23.6
1864,2023-07-29,13,6,3,3,74.44,60.0,14.44
1865,2023-07-29,131,5,3,3,99.0,66.44,32.56
1866,2023-07-29,468,5,4,1,52.75,36.52,16.23
1867,2023-07-29,284,3,2,3,258.3,203.1,55.2
1868,2023-07-29,330,4,2,1,59.06,32.82,26.24
1869,2023-07-29,57,3,1,3,245.56,192.07,53.49
1870,2023-07-29,136,4,1,2,130.74,77.97,52.77
1871,2023-07-29,491,5,3,4,148.25,105.05,43.2
1872,2023-07-29,400,6,2,5,156.7,128.55,28.15
1873,2023-07-29,359,2,1,4,1200.97,1048.86,152.11
1874,2023-07-29,363,2,1,4,1164.28,1007.1,157.18
1875,2023-07-29,451,1,4,2,636.35,434.53,201.82
1876,2023-07-29,205,5,4,5,231.91,163.67,68.24
1877,2023-07-29,312,6,1,3,98.93,77.38,21.55
1878,2023-07-29,491,2,3,5,1023.63,886.08,137.55
1879,2023-07-30,486,3,3,5,353.54,276.49,77.05
1880,2023-07-30,395,3,3,5,340.62,245.62,95.0
1881,2023-07-30,92,3,2,4,302.44,239.74,62.7
1882,2023-07-30,414,4,4,4,285.33,151.01,134.32
1883,2023-07-30,312,4,1,1,65.35,39.05,26.3
1884,2023-07-30,271,4,1,4,249.65,135.31,114.34
1885,2023-07-30,69,1,3,2,375.11,228.54,146.57
1886,2023-07-30,317,3,2,3,226.31,174.95,51.36
1887,2023-07-30,138,6,3,4,106.4,85.74,20.66
1888,2023-07-30,314,1,3,3,591.12,357.91,233.21
1889,2023-07-30,372,6,1,5,142.1,116.48,25.62
1890,2023-07-30,267,6,4,3,104.91,85.23,19.68
1891,2023-07-30,248,5,4,1,52.38,39.14,13.24
1892,2023-07-31,79,1,1,4,1145.38,791.92,353.46
1893,2023-07-31,259,3,1,2,156.06,124.05,32.01
1894,2023-07-31,486,1,3,1,241.66,153.17,88.49
1895,2023-07-31,65,1,1,4,1000.28,608.72,391.56
1896,2023-07-31,80,2,2,1,270.95,234.71,36.24
1897,2023-07-31,141,6,1,5,157.53,122.43,35.1
1898,2023-07-31,91,2,5,2,420.77,350.97,69.8
1899,2023-07-31,495,3,2,2,168.11,126.16,41.95
1900,2023-07-31,485,2,4,4,1425.71,1167.2,258.51
1901,2023-07-31,495,1,2,5,1233.56,745.25,488.31
1902,2023-08-01,452,4,1,2,108.9,61.45,47.45
1903,2023-08-01,69,2,3,4,884.88,790.79,94.09
1904,2023-08-01,436,4,1,3,209.65,114.91,94.74
1905,2023-08-01,177,3,5,3,255.77,180.36,75.41
1906,2023-08-01,162,4,3,2,113.48,62.9,50.58
1907,2023-08-01,116,4,1,1,54.58,29.98,24.6
1908,2023-08-01,219,2,5,5,1320.32,1105.48,214.84
1909,2023-08-01,103,1,4,2,767.18,491.9,275.28
1910,2023-08-01,164,6,5,5,129.8,105.69,24.11
1911,2023-08-02,279,2,4,3,980.9,813.19,167.71
1912,2023-08-02,369,6,4,2,83.08,63.5,19.58
1913,2023-08-02,383,3,4,3,370.18,261.0,109.18
1914,2023-08-02,65,6,1,1,27.19,22.05,5.14
1915,2023-08-02,349,4,3,4,210.33,118.27,92.06
1916,2023-08-02,369,1,4,3,1136.62,696.49,440.13
1917,2023-08-02,344,3,4,4,391.17,289.91,101.26
1918,2023-08-02,499,5,1,2,87.25,58.49,28.76
1919,2023-08-02,186,1,3,4,894.27,585.51,308.76
1920,2023-08-02,189,5,1,1,42.17,28.37,13.8
1921,2023-08-02,104,3,4,5,462.57,332.72,129.85
1922,2023-08-02,44,6,4,3,117.62,91.73,25.89
1923,2023-08-02,225,5,1,2,78.75,51.57,27.18
1924,2023-08-02,224,1,1,2,565.55,362.63,202.92
1925,2023-08-02,407,5,5,2,67.6,44.39,23.21
1926,2023-08-03,223,3,1,5,473.48,373.44,100.04
1927,2023-08-03,380,3,2,5,388.25,280.14,108.11
1928,2023-08-03,166,5,1,4,160.06,110.85,49.21
1929,2023-08-03,500,6,5,2,65.46,54.01,11.45
1930,2023-08-04,208,4,1,2,118.13,67.33,50.8
1931,2023-08-04,302,6,2,1,28.88,22.19,6.69
1932,2023-08-04,338,6,2,5,143.87,108.87,35.0
1933,2023-08-04,297,1,5,5,1347.37,937.13,410.24
1934,2023-08-04,15,5,2,3,110.35,73.67,36.68
1935,2023-08-04,107,4,4,2,179.06,93.89,85.17
1936,2023-08-04,256,6,1,2,69.25,55.79,13.46
1937,2023-08-04,219,3,5,1,81.13,64.6,16.53
1938,2023-08-04,429,4,4,1,86.52,44.65,41.87
1939,2023-08-04,190,3,5,3,244.31,194.55,49.76
1940,2023-08-05,215,5,5,4,130.77,90.97,39.8
1941,2023-08-05,472,4,4,5,411.91,232.77,179.14
1942,2023-08-05,165,2,4,5,1763.29,1422.81,340.48
1943,2023-08-05,5,4,4,4,304.5,171.92,132.58
1944,2023-08-05,403,5,4,3,172.91,127.7,45.21
1945,2023-08-05,13,4,3,2,115.36,64.35,51.01
1946,2023-08-05,38,4,3,4,201.4,100.83,100.57
1947,2023-08-05,102,2,4,5,1748.53,1486.56,261.97
1948,2023-08-05,434,6,5,2,48.95,39.02,9.93
1949,2023-08-05,302,5,2,5,204.48,146.86,57.62
1950,2023-08-06,290,1,2,3,666.24,420.75,245.49
1951,2023-08-06,186,4,3,4,179.6,103.02,76.58
1952,2023-08-06,78,5,1,5,233.07,157.35,75.72
1953,2023-08-06,309,6,4,5,219.25,165.45,53.8
1954,2023-08-06,105,3,3,5,374.53,282.65,91.88
1955,2023-08-06,27,3,3,1,60.98,46.26,14.72
1956,2023-08-06,406,1,2,5,1415.87,938.07,477.8
1957,2023-08-06,29,3,4,2,227.63,166.34,61.29
1958,2023-08-06,44,1,4,2,714.72,444.37,270.35
1959,2023-08-06,488,3,3,1,69.57,54.39,15.18
1960,2023-08-06,176,3,4,1,114.27,84.74,29.53
1961,2023-08-07,117,5,4,3,150.59,110.03,40.56
1962,2023-08-07,135,4,4,2,168.01,97.83,70.18
1963,2023-08-07,460,6,5,5,126.77,104.49,22.28
1964,2023-08-07,356,4,3,1,57.7,29.73,27.97
1965,2023-08-07,359,6,1,4,112.05,86.55,25.5
1966,2023-08-08,361,4,1,4,232.24,123.05,109.19
1967,2023-08-08,224,2,1,2,533.9,455.91,77.99
1968,2023-08-08,368,3,1,2,173.97,135.35,38.62
1969,2023-08-08,17,4,4,4,280.02,157.31,122.71
1970,2023-08-08,94,5,5,4,171.14,111.78,59.36
1971,2023-08-09,366,1,3,2,437.08,289.09,147.99
1972,2023-08-09,167,2,5,4,1010.12,815.93,194.19
1973,2023-08-09,231,4,5,2,111.83,65.11,46.72
1974,2023-08-09,196,4,4,4,280.77,147.75,133.02
1975,2023-08-09,239,1,2,1,264.04,159.4,104.64
1976,2023-08-09,51,1,4,1,361.8,233.09,128.71
1977,2023-08-10,463,3,5,2,154.57,109.62,44.95
1978,2023-08-10,7,2,2,2,473.54,384.9,88.64
1979,2023-08-10,420,4,5,1,55.54,33.04,22.5
1980,2023-08-10,320,6,4,4,166.3,124.76,41.54
1981,2023-08-10,86,4,2,3,162.54,89.33,73.21
1982,2023-08-10,396,3,4,3,276.13,211.53,64.6
1983,2023-08-10,55,5,4,3,152.41,103.27,49.14
1984,2023-08-11,276,3,4,5,504.52,380.11,124.41
1985,2023-08-11,480,6,3,4,89.78,75.17,14.61
1986,2023-08-11,31,2,1,5,1243.62,1058.85,184.77
1987,2023-08-11,74,6,3,5,132.31,104.43,27.88
1988,2023-08-11,266,1,2,1,231.26,152.23,79.03
1989,2023-08-11,307,3,4,2,183.87,147.01,36.86
1990,2023-08-11,191,4,3,3,169.61,90.8,78.81
1991,2023-08-12,464,5,5,1,41.21,28.25,12.96
1992,2023-08-12,286,5,1,2,84.8,60.5,24.3
1993,2023-08-12,201,6,2,5,141.42,114.47,26.95
1994,2023-08-12,309,6,4,1,41.95,33.47,8.48
1995,2023-08-12,256,1,1,4,1015.28,693.41,321.87
1996,2023-08-12,333,2,3,1,223.14,193.46,29.68
1997,2023-08-12,469,4,1,4,223.15,129.91,93.24
1998,2023-08-12,305,1,4,2,744.48,515.11,229.37
1999,2023-08-13,45,5,1,4,155.24,103.42,51.82
2000,2023-08-13,286,6,1,3,98.47,79.6,18.87
2001,2023-08-13,336,1,1,3,761.42,464.76,296.66
2002,2023-08-13,161,5,4,5,235.04,164.1,70.94
2003,2023-08-13,351,2,5,4,868.35,752.98,115.37
2004,2023-08-13,17,6,4,2,86.03,66.29,19.74
2005,2023-08-13,132,4,2,4,217.23,113.1,104.13
2006,2023-08-13,161,3,4,4,428.45,300.9,127.55
2007,2023-08-14,183,5,1,4,192.57,126.54,66.03
2008,2023-08-14,208,4,1,4,224.44,118.41,106.03
2009,2023-08-14,257,2,5,5,1093.59,899.79,193.8
2010,2023-08-14,245,4,1,5,291.94,152.82,139.12
2011,2023-08-14,389,2,1,2,458.01,381.48,76.53
2012,2023-08-14,52,4,1,2,110.19,61.94,48.25
2013,2023-08-14,40,2,4,3,1024.55,883.12,141.43
2014,2023-08-14,347,2,1,3,799.49,667.5,131.99
2015,2023-08-14,232,2,5,5,1363.92,1151.73,212.19
2016,2023-08-14,486,4,3,4,224.37,124.07,100.3
2017,2023-08-15,182,4,5,1,51.24,30.62,20.62
2018,2023-08-15,296,4,4,2,142.16,85.0,57.16
2019,2023-08-15,250,2,1,5,1188.32,996.48,191.84
2020,2023-08-15,37,4,2,5,306.71,156.48,150.23
2021,2023-08-15,467,3,5,1,68.52,52.07,16.45
2022,2023-08-15,258,6,3,5,122.48,94.17,28.31
2023,2023-08-15,300,3,3,5,306.06,234.03,72.03
2024,2023-08-15,438,4,3,5,289.99,154.2,135.79
2025,2023-08-15,159,6,1,3,80.93,65.45,15.48
2026,2023-08-16,442,5,3,5,178.69,132.46,46.23
2027,2023-08-16,46,4,2,1,60.21,33.97,26.24
2028,2023-08-16,87,2,3,5,1015.83,858.52,157.31
2029,2023-08-16,431,1,3,5,1101.52,698.14,403.38
2030,2023-08-16,409,3,1,1,93.71,74.9,18.81
2031,2023-08-16,192,1,2,1,239.5,163.7,75.8
2032,2023-08-16,364,5,3,3,112.0,83.66,28.34
2033,2023-08-16,321,2,3,3,643.32,571.58,71.74
2034,2023-08-16,322,3,4,3,372.3,267.47,104.83
2035,2023-08-16,323,1,4,3,1059.95,662.92,397.03
2036,2023-08-16,68,5,4,1,51.94,35.18,16.76
2037,2023-08-16,69,4,3,5,257.94,132.21,125.73
2038,2023-08-16,297,4,5,3,150.44,75.23,75.21
2039,2023-08-17,397,4,3,3,148.55,87.87,60.68
2040,2023-08-17,350,1,2,5,1160.46,759.7,400.76
2041,2023-08-17,468,4,4,1,76.27,44.72,31.55
2042,2023-08-17,201,5,2,1,35.56,26.42,9.14
2043,2023-08-17,148,5,2,4,153.77,107.47,46.3
2044,2023-08-17,206,2,4,3,1083.21,871.34,211.87
2045,2023-08-17,490,6,2,5,164.98,124.22,40.76
2046,2023-08-17,475,5,1,2,76.15,55.56,20.59
2047,2023-08-17,236,6,2,4,116.76,91.09,25.67
2048,2023-08-18,97,3,4,4,399.63,292.63,107.0
2049,2023-08-18,24,3,1,1,95.73,75.39,20.34
2050,2023-08-18,269,1,1,1,290.84,190.21,100.63
2051,2023-08-18,303,3,4,2,241.69,193.21,48.48
2052,2023-08-18,389,2,1,5,1154.27,1026.64,127.63
2053,2023-08-18,360,1,2,3,692.08,480.48,211.6
2054,2023-08-19,234,2,2,4,958.83,842.05,116.78
2055,2023-08-19,114,5,1,1,44.22,31.35,12.87
2056,2023-08-19,279,4,4,1,75.89,40.17,35.72
2057,2023-08-19,157,5,3,3,108.48,79.01,29.47
2058,2023-08-19,230,1,4,3,1123.49,694.48,429.01
2059,2023-08-19,295,1,2,2,446.69,296.25,150.44
2060,2023-08-19,58,5,1,1,39.57,29.13,10.44
2061,2023-08-19,95,1,3,2,453.26,281.12,172.14
2062,2023-08-19,452,4,1,5,338.45,172.67,165.78
2063,2023-08-19,244,2,3,1,203.46,178.62,24.84
2064,2023-08-19,241,5,2,2,82.97,55.21,27.76
2065,2023-08-20,179,1,2,3,859.22,568.61,290.61
2066,2023-08-20,386,2,4,3,946.24,833.44,112.8
2067,2023-08-20,141,2,1,4,1177.01,1046.61,130.4
2068,2023-08-20,125,2,4,3,1117.78,943.22,174.56
2069,2023-08-20,140,4,3,2,88.85,45.88,42.97
2070,2023-08-20,272,6,1,2,60.2,47.37,12.83
2071,2023-08-20,175,3,4,4,388.24,301.05,87.19
2072,2023-08-20,354,5,2,4,149.16,110.68,38.48
2073,2023-08-20,155,2,5,3,718.67,591.21,127.46
2074,2023-08-20,151,1,1,5,1454.93,951.19,503.74
2075,2023-08-20,396,6,4,5,172.31,132.56,39.75
2076,2023-08-20,83,3,1,5,423.55,338.37,85.18
2077,2023-08-20,474,2,4,1,369.4,318.07,51.33
2078,2023-08-20,401,2,2,4,984.31,874.73,109.58
2079,2023-08-20,326,2,4,1,308.68,270.15,38.53
2080,2023-08-20,102,1,4,4,1315.17,792.25,522.92
2081,2023-08-20,282,1,1,3,761.03,496.74,264.29
2082,2023-08-20,47,1,4,1,380.41,264.82,115.59
2083,2023-08-21,403,3,4,2,205.31,154.64,50.67
2084,2023-08-21,140,1,3,3,703.92,443.55,260.37
2085,2023-08-21,2,5,5,2,75.12,53.75,21.37
2086,2023-08-21,263,1,5,1,229.81,142.76,87.05
2087,2023-08-21,339,3,5,3,237.02,172.12,64.9
2088,2023-08-21,286,4,1,4,272.54,151.32,121.22
2089,2023-08-21,4,6,1,3,103.54,78.85,24.69
2090,2023-08-21,42,3,5,3,241.08,175.98,65.1
2091,2023-08-21,234,1,2,4,876.64,560.86,315.78
2092,2023-08-22,139,5,5,4,174.32,122.12,52.2
2093,2023-08-22,85,3,4,4,441.35,327.53,113.82
2094,2023-08-22,244,4,3,5,267.19,141.5,125.69
2095,2023-08-22,392,3,2,1,69.7,51.29,18.41
2096,2023-08-22,455,2,1,2,541.55,484.55,57.0
2097,2023-08-22,144,6,1,5,166.61,138.26,28.35
2098,2023-08-22,268,5,3,1,34.68,23.47,11.21
2099,2023-08-22,319,1,4,1,359.64,247.44,112.2
2100,2023-08-23,423,2,5,5,1240.89,1070.42,170.47
2101,2023-08-23,46,4,2,4,244.13,125.16,118.97
2102,2023-08-23,181,2,2,3,685.63,555.89,129.74
2103,2023-08-23,189,1,1,1,234.05,142.93,91.12
2104,2023-08-23,79,3,1,4,293.9,223.01,70.89
2105,2023-08-23,162,5,3,2,66.02,44.7,21.32
2106,2023-08-23,223,6,1,1,28.62,23.1,5.52
2107,2023-08-23,475,6,1,5,135.42,107.25,28.17
2108,2023-08-23,61,1,1,3,850.59,573.53,277.06
2109,2023-08-23,148,1,2,4,1036.46,708.8,327.66
2110,2023-08-23,119,6,4,1,42.87,35.49,7.38
2111,2023-08-24,322,6,4,4,172.18,143.81,28.37
2112,2023-08-24,195,1,2,3,670.36,426.27,244.09
2113,2023-08-24,237,6,1,2,69.64,55.37,14.27
2114,2023-08-24,459,6,1,3,108.67,88.54,20.13
2115,2023-08-24,190,3,5,4,327.9,254.85,73.05
2116,2023-08-24,205,1,4,5,1629.52,1017.35,612.17
2117,2023-08-24,25,1,5,1,256.69,161.52,95.17
2118,2023-08-24,401,4,2,5,281.88,154.49,127.39
2119,2023-08-25,254,1,3,5,946.79,611.89,334.9
2120,2023-08-25,491,5,3,5,156.24,109.2,47.04
2121,2023-08-25,467,5,5,1,38.68,27.9,10.78
2122,2023-08-25,313,6,4,4,169.82,140.93,28.89
2123,2023-08-25,136,1,1,5,1246.7,857.63,389.07
2124,2023-08-25,214,4,4,4,280.76,158.16,122.6
2125,2023-08-25,367,4,5,3,151.4,77.03,74.37
2126,2023-08-25,45,5,1,5,189.56,135.59,53.97
2127,2023-08-25,141,4,1,5,316.24,171.11,145.13
2128,2023-08-25,61,6,1,2,71.49,60.47,11.02
2129,2023-08-25,7,3,2,2,155.68,116.44,39.24
2130,2023-08-25,60,1,4,1,381.18,262.28,118.9
2131,2023-08-26,408,1,1,4,899.94,623.08,276.86
2132,2023-08-26,361,5,1,3,110.59,79.0,31.59
2133,2023-08-26,85,6,4,3,139.32,108.19,31.13
2134,2023-08-26,406,6,2,4,103.58,81.27,22.31
2135,2023-08-26,69,4,3,2,109.0,61.79,47.21
2136,2023-08-26,77,2,2,4,879.8,776.55,103.25
2137,2023-08-27,359,1,1,5,1339.5,883.99,455.51
2138,2023-08-27,426,5,3,5,148.35,110.45,37.9
2139,2023-08-27,42,3,5,4,283.66,198.56,85.1
2140,2023-08-27,440,2,4,2,741.32,614.63,126.69
2141,2023-08-27,114,3,1,2,160.06,125.89,34.17
2142,2023-08-27,135,4,4,3,220.82,121.8,99.02
2143,2023-08-27,70,3,4,5,609.14,455.47,153.67
2144,2023-08-27,337,5,4,3,141.33,104.96,36.37
2145,2023-08-27,311,2,3,3,637.58,545.1,92.48
2146,2023-08-27,247,2,2,1,254.66,218.24,36.42
2147,2023-08-27,401,4,2,4,241.83,135.94,105.89
2148,2023-08-27,250,2,1,5,1383.08,1132.35,250.73
2149,2023-08-27,184,2,3,3,637.55,522.93,114.62
2150,2023-08-27,7,2,2,4,1029.81,874.09,155.72
2151,2023-08-27,370,3,3,4,252.27,191.91,60.36
2152,2023-08-28,244,3,3,3,229.11,177.09,52.02
2153,2023-08-28,403,1,4,5,1906.36,1240.82,665.54
2154,2023-08-28,1,1,4,5,1794.87,1150.3,644.57
2155,2023-08-28,47,3,4,2,192.09,151.97,40.12
2156,2023-08-28,354,6,2,5,166.38,130.4,35.98
2157,2023-08-28,110,2,4,3,1128.61,916.47,212.14
2158,2023-08-28,166,6,1,2,64.76,55.02,9.74
2159,2023-08-28,132,1,2,1,219.57,148.1,71.47
2160,2023-08-28,289,1,1,3,894.11,575.3,318.81
2161,2023-08-28,274,5,4,5,232.57,158.48,74.09
2162,2023-08-28,64,3,1,5,359.68,284.52,75.16
2163,2023-08-28,276,6,4,1,45.27,38.1,7.17
2164,2023-08-29,416,1,4,1,326.82,211.01,115.81
2165,2023-08-29,247,2,2,5,1421.33,1142.44,278.89
2166,2023-08-29,70,5,4,1,50.91,33.21,17.7
2167,2023-08-29,437,4,4,4,289.17,167.54,121.63
2168,2023-08-29,102,3,4,2,248.17,175.17,73.0
2169,2023-08-29,281,6,2,1,26.42,22.29,4.13
2170,2023-08-29,198,5,2,1,43.72,31.03,12.69
2171,2023-08-29,326,4,4,3,216.67,115.48,101.19
2172,2023-08-29,294,6,4,5,178.91,144.45,34.46
2173,2023-08-29,164,4,5,5,309.12,164.35,144.77
2174,2023-08-30,214,6,4,5,218.38,181.23,37.15
2175,2023-08-30,23,1,2,4,905.74,597.39,308.35
2176,2023-08-30,405,6,3,3,66.49,53.89,12.6
2177,2023-08-30,304,4,4,2,183.49,101.93,81.56
2178,2023-08-30,322,5,4,3,146.38,108.45,37.93
2179,2023-08-30,312,1,1,1,291.24,191.79,99.45
2180,2023-08-30,86,3,2,3,231.19,181.95,49.24
2181,2023-08-30,338,3,2,4,351.15,267.41,83.74
2182,2023-08-31,388,3,3,5,358.41,277.9,80.51
2183,2023-08-31,160,1,1,5,1430.16,943.81,486.35
2184,2023-08-31,58,3,1,3,220.65,167.04,53.61
2185,2023-08-31,310,1,4,5,1781.33,1185.58,595.75
2186,2023-08-31,19,6,1,3,92.42,74.15,18.27
2187,2023-08-31,331,1,3,5,1027.64,689.78,337.86
2188,2023-08-31,161,4,4,3,213.24,112.38,100.86
2189,2023-08-31,450,6,1,3,95.6,78.07,17.53
2190,2023-08-31,457,4,4,1,74.65,43.47,31.18
2191,2023-08-31,78,4,1,2,136.02,80.68,55.34
2192,2023-09-01,85,6,4,5,223.78,183.61,40.17
2193,2023-09-01,97,3,4,1,112.67,83.2,29.47
2194,2023-09-01,427,5,4,1,59.99,44.1,15.89
2195,2023-09-01,254,2,3,2,364.19,302.94,61.25
2196,2023-09-01,298,4,1,1,55.33,29.63,25.7
2197,2023-09-01,254,4,3,1,51.49,28.71,22.78
2198,2023-09-02,87,6,3,2,56.63,46.14,10.49
2199,2023-09-02,240,1,1,2,601.7,365.37,236.33
2200,2023-09-02,489,2,2,3,643.21,576.18,67.03
2201,2023-09-02,482,6,3,1,26.81,22.06,4.75
2202,2023-09-02,421,3,5,3,198.53,141.65,56.88
2203,2023-09-02,149,6,2,4,102.65,85.48,17.17
2204,2023-09-02,236,3,2,3,261.24,194.08,67.16
2205,2023-09-02,322,1,4,3,969.14,595.09,374.05
2206,2023-09-02,386,1,4,1,302.86,184.03,118.83
2207,2023-09-02,487,1,2,4,1092.77,662.01,430.76
2208,2023-09-02,405,6,3,5,111.61,89.93,21.68
2209,2023-09-02,316,6,5,2,50.34,42.59,7.75
2210,2023-09-03,194,2,3,3,725.55,600.17,125.38
2211,2023-09-03,423,5,5,3,112.26,78.69,33.57
2212,2023-09-03,68,1,4,2,652.5,429.18,223.32
2213,2023-09-03,180,1,1,4,1025.35,693.05,332.3
2214,2023-09-03,167,2,5,3,742.19,649.97,92.22
2215,2023-09-03,388,2,3,5,1167.09,958.32,208.77
2216,2023-09-03,313,1,4,5,1920.18,1256.8,663.38
2217,2023-09-03,253,2,2,4,973.86,786.94,186.92
2218,2023-09-03,278,2,3,2,395.51,335.89,59.62
2219,2023-09-03,442,3,3,2,132.92,96.93,35.99
2220,2023-09-03,367,5,5,4,158.74,111.38,47.36
2221,2023-09-03,317,4,2,3,169.69,90.88,78.81
2222,2023-09-03,449,5,3,4,121.23,84.96,36.27
2223,2023-09-04,370,5,3,4,130.01,92.13,37.88
2224,2023-09-04,181,2,2,5,1238.18,1074.04,164.14
2225,2023-09-04,170,3,1,2,166.03,131.96,34.07
2226,2023-09-04,22,4,1,2,115.06,65.16,49.9
2227,2023-09-04,188,4,5,1,64.67,32.59,32.08
2228,2023-09-04,121,1,4,5,1836.2,1238.16,598.04
2229,2023-09-04,142,4,4,2,147.93,85.34,62.59
2230,2023-09-04,310,1,4,4,1397.15,909.01,488.14
2231,2023-09-04,39,1,2,4,1116.61,758.2,358.41
2232,2023-09-04,179,4,2,4,264.23,157.54,106.69
2233,2023-09-04,409,4,1,5,299.06,153.49,145.57
2234,2023-09-04,159,4,1,2,124.07,70.72,53.35
2235,2023-09-04,29,1,4,1,340.51,211.23,129.28
2236,2023-09-04,430,3,3,5,350.95,280.07,70.88
2237,2023-09-05,245,4,1,2,132.35,78.55,53.8
2238,2023-09-05,486,6,3,5,121.96,95.17,26.79
2239,2023-09-05,393,1,4,3,872.03,568.88,303.15
2240,2023-09-05,458,1,4,5,1803.32,1159.26,644.06
2241,2023-09-05,216,4,3,3,137.2,71.66,65.54
2242,2023-09-05,270,4,1,1,60.05,35.1,24.95
2243,2023-09-05,143,5,4,3,174.91,116.56,58.35
2244,2023-09-05,38,5,3,1,38.55,26.48,12.07
2245,2023-09-05,22,5,1,3,126.05,94.41,31.64
2246,2023-09-06,337,6,4,1,42.61,35.99,6.62
2247,2023-09-06,387,1,1,4,1033.62,660.04,373.58
2248,2023-09-06,283,2,1,4,1084.08,883.77,200.31
2249,2023-09-06,28,5,2,3,122.6,85.47,37.13
2250,2023-09-06,305,2,4,3,866.5,715.74,150.76
2251,2023-09-06,357,2,4,3,1159.7,971.88,187.82
2252,2023-09-06,343,2,1,1,282.42,241.31,41.11
2253,2023-09-06,328,5,1,2,88.05,61.08,26.97
2254,2023-09-06,73,4,1,4,220.04,113.94,106.1
2255,2023-09-06,115,3,2,2,174.29,132.39,41.9
2256,2023-09-06,140,2,3,3,597.53,534.32,63.21
2257,2023-09-06,432,3,4,2,238.41,185.78,52.63
2258,2023-09-07,322,2,4,1,316.72,256.76,59.96
2259,2023-09-07,241,4,2,2,136.08,77.89,58.19
2260,2023-09-07,293,6,3,2,44.54,33.97,10.57
2261,2023-09-07,428,2,4,1,375.91,316.31,59.6
2262,2023-09-07,126,5,2,5,221.85,151.95,69.9
2263,2023-09-07,179,4,2,3,175.14,103.78,71.36
2264,2023-09-07,236,2,2,2,452.05,371.05,81.0
2265,2023-09-07,168,3,5,1,74.98,56.63,18.35
2266,2023-09-08,336,2,1,2,493.41,430.56,62.85
2267,2023-09-08,328,5,1,2,92.26,67.52,24.74
2268,2023-09-08,56,4,2,5,272.1,140.47,131.63
2269,2023-09-08,474,2,4,3,890.13,746.47,143.66
2270,2023-09-08,80,1,2,2,531.57,356.24,175.33
2271,2023-09-08,250,3,1,2,176.5,139.58,36.92
2272,2023-09-08,147,6,3,4,100.71,83.57,17.14
2273,2023-09-08,348,3,3,4,293.75,216.19,77.56
2274,2023-09-08,98,4,4,3,244.23,142.49,101.74
2275,2023-09-08,149,1,2,3,706.6,451.81,254.79
2276,2023-09-08,426,6,3,2,53.87,41.3,12.57
2277,2023-09-09,480,6,3,4,109.36,89.4,19.96
2278,2023-09-09,453,1,1,4,1027.21,656.08,371.13
2279,2023-09-09,52,2,1,3,744.5,631.33,113.17
2280,2023-09-09,159,6,1,5,160.93,133.72,27.21
2281,2023-09-09,79,3,1,3,224.97,169.78,55.19
2282,2023-09-09,454,5,1,4,159.46,118.71,40.75
2283,2023-09-09,368,4,1,1,57.58,31.62,25.96
2284,2023-09-09,52,3,1,2,148.39,117.78,30.61
2285,2023-09-09,306,6,5,2,64.85,51.82,13.03
2286,2023-09-09,353,1,2,4,910.16,610.0,300.16
2287,2023-09-09,444,2,2,1,282.27,233.47,48.8
2288,2023-09-10,244,5,3,4,139.94,92.29,47.65
2289,2023-09-10,191,3,3,5,370.69,283.32,87.37
2290,2023-09-10,368,2,1,1,243.39,195.66,47.73
2291,2023-09-10,290,3,2,2,169.27,128.11,41.16
2292,2023-09-10,217,4,2,5,338.92,183.43,155.49
2293,2023-09-10,301,5,3,4,127.17,92.59,34.58
2294,2023-09-10,443,5,5,4,173.5,113.86,59.64
2295,2023-09-10,380,2,2,4,972.91,839.19,133.72
2296,2023-09-11,492,2,1,1,287.84,248.96,38.88
2297,2023-09-11,400,6,2,4,111.89,87.5,24.39
2298,2023-09-11,300,5,3,1,35.52,24.74,10.78
2299,2023-09-11,277,3,5,3,247.52,179.93,67.59
2300,2023-09-11,193,2,4,3,1107.15,978.97,128.18
2301,2023-09-11,367,5,5,2,69.15,51.63,17.52
2302,2023-09-11,246,4,2,3,158.94,91.95,66.99
2303,2023-09-11,481,6,4,2,87.46,69.3,18.16
2304,2023-09-11,399,3,3,4,249.1,176.13,72.97
2305,2023-09-12,410,1,2,1,234.09,145.83,88.26
2306,2023-09-12,15,4,2,3,185.69,98.15,87.54
2307,2023-09-12,178,1,4,5,1824.82,1177.37,647.45
2308,2023-09-12,243,6,2,3,96.26,80.08,16.18
2309,2023-09-12,355,5,1,1,47.5,33.86,13.64
2310,2023-09-12,197,4,1,5,361.6,203.45,158.15
2311,2023-09-12,451,4,4,2,180.36,106.17,74.19
2312,2023-09-12,107,4,4,1,90.36,50.97,39.39
2313,2023-09-12,38,4,3,2,88.17,50.07,38.1
2314,2023-09-12,333,3,3,5,387.81,296.2,91.61
2315,2023-09-13,315,3,3,3,231.09,164.39,66.7
2316,2023-09-13,395,3,3,3,174.26,125.68,48.58
2317,2023-09-13,478,5,5,4,134.6,98.71,35.89
2318,2023-09-13,248,1,4,3,1058.13,702.88,355.25
2319,2023-09-13,367,3,5,5,365.26,256.12,109.14
2320,2023-09-13,2,2,5,2,452.18,374.56,77.62
2321,2023-09-13,19,3,1,5,413.64,316.23,97.41
2322,2023-09-14,460,3,5,2,152.64,111.94,40.7
2323,2023-09-14,92,6,2,2,59.55,48.32,11.23
2324,2023-09-14,479,2,2,5,1127.77,948.34,179.43
2325,2023-09-14,488,5,3,2,76.82,55.58,21.24
2326,2023-09-14,312,4,1,4,225.69,130.19,95.5
2327,2023-09-14,285,6,2,4,134.28,102.62,31.66
2328,2023-09-15,201,1,2,2,518.5,319.93,198.57
2329,2023-09-15,309,6,4,4,157.11,123.58,33.53
2330,2023-09-16,247,2,2,2,568.12,493.64,74.48
2331,2023-09-16,293,4,3,4,183.95,93.4,90.55
2332,2023-09-16,320,5,4,5,238.27,163.75,74.52
2333,2023-09-16,70,6,4,1,37.67,30.37,7.3
2334,2023-09-16,202,6,3,5,131.22,104.51,26.71
2335,2023-09-16,85,4,4,5,355.36,186.33,169.03
2336,2023-09-16,242,2,2,3,851.11,690.53,160.58
2337,2023-09-16,437,4,4,3,209.18,111.08,98.1
2338,2023-09-17,312,5,1,5,193.9,136.91,56.99
2339,2023-09-17,26,3,1,5,449.76,344.8,104.96
2340,2023-09-17,480,5,3,2,61.49,40.27,21.22
2341,2023-09-17,172,5,3,4,123.22,86.6,36.62
2342,2023-09-17,188,3,5,1,69.77,49.47,20.3
2343,2023-09-17,317,1,2,3,809.74,495.55,314.19
2344,2023-09-17,292,6,3,2,54.7,43.47,11.23
2345,2023-09-18,65,6,1,1,32.42,24.41,8.01
2346,2023-09-18,190,5,5,3,119.14,87.79,31.35
2347,2023-09-18,39,6,2,1,26.09,20.97,5.12
2348,2023-09-18,180,6,1,5,153.07,127.23,25.84
2349,2023-09-18,121,4,4,5,406.91,207.04,199.87
2350,2023-09-18,337,3,4,4,431.66,325.6,106.06
2351,2023-09-18,428,5,4,3,138.54,98.71,39.83
2352,2023-09-18,492,6,1,5,136.37,115.23,21.14
2353,2023-09-18,361,1,1,2,504.33,317.34,186.99
2354,2023-09-18,35,2,2,3,841.38,736.05,105.33
2355,2023-09-19,180,4,1,1,67.3,39.62,27.68
2356,2023-09-19,332,2,3,2,398.01,346.39,51.62
2357,2023-09-19,109,5,4,2,99.2,72.24,26.96
2358,2023-09-19,207,1,4,3,978.19,661.33,316.86
2359,2023-09-19,162,1,3,2,427.01,290.15,136.86
2360,2023-09-19,374,1,1,2,471.33,298.19,173.14
2361,2023-09-19,39,4,2,2,108.16,62.99,45.17
2362,2023-09-20,357,2,4,4,1207.25,999.36,207.89
2363,2023-09-20,272,2,1,2,514.82,458.16,56.66
2364,2023-09-20,59,1,2,1,246.86,158.74,88.12
2365,2023-09-20,66,2,1,4,1129.36,954.19,175.17
2366,2023-09-20,307,3,4,2,205.0,158.33,46.67
2367,2023-09-20,296,5,4,2,119.64,86.85,32.79
2368,2023-09-20,344,5,4,1,59.15,40.43,18.72
2369,2023-09-21,43,3,3,1,74.54,54.62,19.92
2370,2023-09-21,454,3,1,4,350.72,250.92,99.8
2371,2023-09-21,218,2,1,1,245.16,199.16,46.0
2372,2023-09-21,461,1,4,3,1021.52,693.76,327.76
2373,2023-09-21,478,3,5,5,369.37,295.2,74.17
2374,2023-09-21,338,5,2,4,169.24,121.72,47.52
2375,2023-09-21,352,4,1,5,320.34,192.05,128.29
2376,2023-09-21,322,2,4,2,581.94,499.42,82.52
2377,2023-09-21,387,1,1,3,847.28,512.67,334.61
2378,2023-09-21,245,6,1,1,34.38,26.97,7.41
2379,2023-09-21,434,3,5,4,345.7,273.62,72.08
2380,2023-09-22,15,5,2,5,184.02,120.5,63.52
2381,2023-09-22,29,5,4,5,262.51,184.87,77.64
2382,2023-09-22,441,4,1,5,290.59,169.04,121.55
2383,2023-09-23,442,5,3,1,35.14,23.97,11.17
2384,2023-09-23,429,5,4,2,102.06,71.5,30.56
2385,2023-09-23,110,3,4,2,221.73,167.26,54.47
2386,2023-09-23,183,5,1,1,41.77,29.86,11.91
2387,2023-09-23,303,2,4,5,1761.24,1465.85,295.39
2388,2023-09-23,77,3,2,3,248.67,187.33,61.34
2389,2023-09-23,91,4,5,1,51.77,27.16,24.61
2390,2023-09-23,121,2,4,2,665.8,538.47,127.33
2391,2023-09-23,175,1,4,3,956.99,593.43,363.56
2392,2023-09-24,224,3,1,4,335.19,237.67,97.52
2393,2023-09-24,17,3,4,3,301.73,230.76,70.97
2394,2023-09-24,283,3,1,3,263.37,201.99,61.38
2395,2023-09-24,217,4,2,5,324.92,185.62,139.3
2396,2023-09-24,269,1,1,5,1368.66,957.94,410.72
2397,2023-09-24,172,5,3,4,130.13,97.26,32.87
2398,2023-09-24,186,1,3,1,232.25,151.98,80.27
2399,2023-09-24,384,2,1,5,1476.39,1322.21,154.18
2400,2023-09-25,310,3,4,1,105.07,78.42,26.65
2401,2023-09-25,250,1,1,3,836.28,518.5,317.78
2402,2023-09-25,45,5,1,2,78.44,52.02,26.42
2403,2023-09-25,246,5,2,2,83.25,54.57,28.68
2404,2023-09-25,366,5,3,3,100.29,71.34,28.95
2405,2023-09-25,48,1,1,4,976.79,650.69,326.1
2406,2023-09-25,50,2,5,2,460.04,410.04,50.0
2407,2023-09-25,163,4,1,3,197.4,109.23,88.17
2408,2023-09-25,477,1,4,3,1148.92,802.23,346.69
2409,2023-09-26,357,6,4,4,184.68,156.17,28.51
2410,2023-09-26,463,5,5,4,133.57,92.63,40.94
2411,2023-09-26,476,2,1,5,1349.59,1142.24,207.35
2412,2023-09-26,65,5,1,5,220.49,156.07,64.42
2413,2023-09-26,315,2,3,2,420.96,347.99,72.97
2414,2023-09-26,256,3,1,3,224.22,166.13,58.09
2415,2023-09-27,311,3,3,3,217.86,158.21,59.65
2416,2023-09-27,148,3,2,2,136.72,103.67,33.05
2417,2023-09-27,201,3,2,2,170.78,126.6,44.18
2418,2023-09-27,452,5,1,2,88.22,58.81,29.41
2419,2023-09-27,408,3,1,3,263.17,191.1,72.07
2420,2023-09-27,265,5,4,1,49.99,32.76,17.23
2421,2023-09-27,280,6,4,4,152.16,117.06,35.1
2422,2023-09-27,85,3,4,4,443.46,331.87,111.59
2423,2023-09-27,187,6,5,2,58.01,46.07,11.94
2424,2023-09-27,273,5,1,2,91.52,59.72,31.8
2425,2023-09-27,285,5,2,4,137.18,89.17,48.01
2426,2023-09-27,244,1,3,2,381.48,232.8,148.68
2427,2023-09-28,158,1,3,3,688.64,419.78,268.86
2428,2023-09-28,254,5,3,1,32.34,22.86,9.48
2429,2023-09-28,446,2,2,2,491.65,422.93,68.72
2430,2023-09-28,173,6,4,2,72.54,58.39,14.15
2431,2023-09-28,165,6,4,2,89.57,71.88,17.69
2432,2023-09-28,182,3,5,1,75.96,54.04,21.92
2433,2023-09-28,430,5,3,2,64.88,48.17,16.71
2434,2023-09-28,53,4,2,2,124.0,74.34,49.66
2435,2023-09-28,210,4,3,1,52.94,27.41,25.53
2436,2023-09-28,239,3,2,3,253.9,189.54,64.36
2437,2023-09-28,387,6,1,5,138.12,113.95,24.17
2438,2023-09-28,182,1,5,2,513.58,309.77,203.81
2439,2023-09-28,358,2,3,1,191.65,157.94,33.71
2440,2023-09-28,284,6,2,1,32.24,25.11,7.13
2441,2023-09-28,315,6,3,2,47.77,38.98,8.79
2442,2023-09-29,137,4,2,1,52.78,27.06,25.72
2443,2023-09-29,438,4,3,2,97.73,50.91,46.82
2444,2023-09-29,329,6,3,4,115.16,89.92,25.24
2445,2023-09-29,312,6,1,5,148.21,115.72,32.49
2446,2023-09-29,207,5,4,4,210.27,153.66,56.61
2447,2023-09-29,87,1,3,2,401.77,258.11,143.66
2448,2023-09-29,449,3,3,3,224.46,173.88,50.58
2449,2023-09-29,471,2,4,2,695.85,557.15,138.7
2450,2023-09-29,86,2,2,4,1010.91,869.86,141.05
2451,2023-09-29,379,6,5,4,98.7,82.09,16.61
2452,2023-09-30,86,4,2,1,67.07,37.43,29.64
2453,2023-09-30,130,6,5,1,24.46,20.35,4.11
2454,2023-09-30,295,2,2,4,1010.74,849.19,161.55
2455,2023-09-30,227,2,5,1,256.79,221.28,35.51
2456,2023-09-30,60,1,4,1,298.76,186.22,112.54
2457,2023-09-30,167,6,5,5,134.6,110.62,23.98
2458,2023-09-30,143,5,4,5,259.72,179.9,79.82
2459,2023-09-30,445,2,3,3,578.08,505.21,72.87
2460,2023-09-30,473,3,4,5,464.66,358.14,106.52
2461,2023-09-30,85,2,4,1,358.05,313.77,44.28
2462,2023-10-01,244,4,3,1,50.73,27.39,23.34
2463,2023-10-01,296,3,4,3,316.44,241.78,74.66
2464,2023-10-01,255,4,5,2,97.4,52.06,45.34
2465,2023-10-01,201,2,2,5,1328.3,1063.3,265.0
2466,2023-10-01,257,3,5,5,357.14,282.25,74.89
2467,2023-10-01,210,3,3,1,61.49,44.37,17.12
2468,2023-10-02,218,6,1,4,144.54,115.21,29.33
2469,2023-10-02,13,5,3,3,106.44,69.57,36.87
2470,2023-10-02,187,2,5,3,705.45,587.49,117.96
2471,2023-10-02,159,2,1,3,708.65,613.04,95.61
2472,2023-10-02,398,1,3,4,775.41,487.06,288.35
2473,2023-10-02,417,4,1,2,112.37,57.34,55.03
2474,2023-10-02,499,4,1,5,288.02,150.12,137.9
2475,2023-10-02,322,4,4,1,68.97,35.63,33.34
2476,2023-10-02,184,6,3,3,74.5,61.63,12.87
2477,2023-10-03,426,3,3,2,120.06,85.98,34.08
2478,2023-10-03,173,4,4,1,92.31,48.3,44.01
2479,2023-10-03,73,3,1,1,74.79,55.35,19.44
2480,2023-10-03,307,3,4,1,100.72,74.68,26.04
2481,2023-10-03,469,5,1,1,43.13,31.11,12.02
2482,2023-10-03,16,3,2,4,362.27,279.41,82.86
2483,2023-10-03,436,5,1,2,81.23,60.38,20.85
2484,2023-10-04,52,1,1,2,530.44,368.85,161.59
2485,2023-10-04,144,1,1,3,726.61,495.14,231.47
2486,2023-10-04,124,4,3,4,230.58,138.31,92.27
2487,2023-10-04,46,2,2,3,800.56,654.85,145.71
2488,2023-10-04,295,6,2,1,32.44,26.97,5.47
2489,2023-10-04,65,2,1,1,294.54,259.52,35.02
2490,2023-10-04,333,4,3,5,279.93,149.12,130.81
2491,2023-10-05,436,3,1,5,419.72,334.33,85.39
2492,2023-10-05,120,4,2,2,119.49,68.5,50.99
2493,2023-10-05,27,4,3,2,101.1,58.2,42.9
2494,2023-10-05,380,5,2,4,169.25,120.34,48.91
2495,2023-10-05,367,4,5,4,204.79,108.07,96.72
2496,2023-10-05,344,5,4,2,112.12,82.52,29.6
2497,2023-10-05,156,4,4,5,364.68,211.9,152.78
2498,2023-10-05,338,4,2,4,244.23,134.49,109.74
2499,2023-10-05,115,4,2,1,55.05,29.23,25.82
2500,2023-10-05,22,2,1,1,239.07,201.2,37.87
2501,2023-10-05,298,6,1,2,66.0,55.63,10.37
2502,2023-10-06,143,1,4,3,1115.88,704.7,411.18
2503,2023-10-06,198,2,2,3,736.24,633.55,102.69
2504,2023-10-06,156,4,4,2,155.59,93.18,62.41
2505,2023-10-06,160,6,1,2,56.14,46.86,9.28
2506,2023-10-06,380,4,2,4,252.88,130.08,122.8
2507,2023-10-06,10,6,4,4,166.84,132.21,34.63
2508,2023-10-06,57,6,1,1,31.82,26.3,5.52
2509,2023-10-06,53,4,2,4,223.31,119.22,104.09
2510,2023-10-06,110,1,4,3,1032.24,665.22,367.02
2511,2023-10-06,284,2,2,3,713.78,637.83,75.95
2512,2023-10-06,307,6,4,5,232.06,196.68,35.38
2513,2023-10-07,99,1,5,3,766.99,474.94,292.05
2514,2023-10-07,112,4,1,2,135.14,71.41,63.73
2515,2023-10-07,150,2,1,3,831.78,701.47,130.31
2516,2023-10-07,123,6,2,5,144.92,121.56,23.36
2517,2023-10-07,227,3,5,1,77.88,57.18,20.7
2518,2023-10-07,92,5,2,2,91.79,60.06,31.73
2519,2023-10-07,339,6,5,1,28.13,23.57,4.56
2520,2023-10-07,214,6,4,2,82.35,67.36,14.99
2521,2023-10-08,301,3,3,5,374.84,263.55,111.29
2522,2023-10-08,357,1,4,1,367.29,221.3,145.99
2523,2023-10-08,234,6,2,1,31.61,25.07,6.54
2524,2023-10-08,251,2,1,4,939.83,758.22,181.61
2525,2023-10-08,291,3,1,2,143.13,113.22,29.91
2526,2023-10-08,200,1,2,5,1230.45,851.94,378.51
2527,2023-10-08,354,6,2,4,124.37,100.77,23.6
2528,2023-10-08,422,3,3,5,308.55,226.47,82.08
2529,2023-10-08,312,1,1,4,1002.58,673.06,329.52
2530,2023-10-08,479,5,2,5,188.16,137.41,50.75
2531,2023-10-08,246,1,2,1,217.75,149.55,68.2
2532,2023-10-08,162,5,3,2,69.66,51.86,17.8
2533,2023-10-08,37,1,2,5,1353.77,912.56,441.21
2534,2023-10-09,317,3,2,5,405.17,323.93,81.24
2535,2023-10-09,296,5,4,4,244.72,178.91,65.81
2536,2023-10-09,107,3,4,1,116.18,84.4,31.78
2537,2023-10-09,155,3,5,2,161.47,116.91,44.56
2538,2023-10-09,248,6,4,2,93.13,76.07,17.06
2539,2023-10-09,350,1,2,5,1356.67,840.14,516.53
2540,2023-10-09,125,4,4,4,339.8,187.2,152.6
2541,2023-10-09,277,4,5,5,321.85,162.84,159.01
2542,2023-10-09,470,2,4,1,319.31,269.78,49.53
2543,2023-10-09,320,2,4,3,885.28,720.6,164.68
2544,2023-10-09,334,4,2,4,204.57,117.3,87.27
2545,2023-10-09,481,1,4,1,346.79,223.52,123.27
2546,2023-10-09,233,1,1,2,523.54,362.33,161.21
2547,2023-10-10,294,2,4,4,1416.86,1246.57,170.29
2548,2023-10-10,283,4,1,4,276.14,145.8,130.34
2549,2023-10-10,440,6,4,5,206.02,162.64,43.38
2550,2023-10-10,472,6,4,4,143.5,118.7,24.8
2551,2023-10-10,366,6,3,2,47.39,40.08,7.31
2552,2023-10-10,356,5,3,4,146.64,105.65,40.99
2553,2023-10-11,198,5,2,2,84.51,61.82,22.69
2554,2023-10-11,449,1,3,3,685.14,439.81,245.33
2555,2023-10-11,338,6,2,5,130.15,101.72,28.43
2556,2023-10-11,494,4,3,2,115.68,66.3,49.38
2557,2023-10-11,55,6,4,5,191.8,160.84,30.96
2558,2023-10-11,419,3,4,3,279.65,201.12,78.53
2559,2023-10-11,296,3,4,3,283.62,217.37,66.25
2560,2023-10-11,195,4,2,3,198.48,118.68,79.8
2561,2023-10-11,130,4,5,1,54.92,29.47,25.45
2562,2023-10-12,209,1,2,4,982.47,603.92,378.55
2563,2023-10-12,242,6,2,5,134.58,106.25,28.33
2564,2023-10-12,272,1,1,3,850.59,516.67,333.92
2565,2023-10-12,350,3,2,2,174.94,138.17,36.77
2566,2023-10-12,396,1,4,4,1247.63,749.65,497.98
2567,2023-10-12,372,3,1,4,337.39,263.41,73.98
2568,2023-10-12,374,1,1,1,268.4,172.45,95.95
2569,2023-10-12,124,1,3,3,727.43,449.62,277.81
2570,2023-10-12,200,4,2,4,213.1,114.44,98.66
2571,2023-10-12,480,6,3,4,102.38,80.59,21.79
2572,2023-10-13,202,5,3,4,135.34,89.01,46.33
2573,2023-10-13,141,2,1,2,551.34,493.91,57.43
2574,2023-10-13,34,1,5,2,517.25,329.16,188.09
2575,2023-10-13,75,4,1,2,121.05,63.61,57.44
2576,2023-10-13,284,5,2,3,133.44,92.0,41.44
2577,2023-10-13,445,6,3,4,111.18,89.13,22.05
2578,2023-10-13,493,6,1,3,80.34,61.01,19.33
2579,2023-10-13,492,6,1,5,158.34,127.06,31.28
2580,2023-10-13,323,4,4,3,227.49,117.35,110.14
2581,2023-10-13,191,4,3,4,218.46,126.92,91.54
2582,2023-10-13,481,3,4,2,234.48,170.75,63.73
2583,2023-10-14,492,4,1,1,63.22,33.0,30.22
2584,2023-10-14,97,1,4,5,1597.41,1108.16,489.25
2585,2023-10-14,270,5,1,3,113.28,76.16,37.12
2586,2023-10-14,324,1,1,1,245.61,155.27,90.34
2587,2023-10-14,94,3,5,1,65.01,46.03,18.98
2588,2023-10-14,216,3,3,3,195.06,152.21,42.85
2589,2023-10-14,184,6,3,4,108.16,86.09,22.07
2590,2023-10-14,197,3,1,1,71.63,56.13,15.5
2591,2023-10-14,391,2,3,3,611.17,490.5,120.67
2592,2023-10-15,213,6,2,2,60.09,49.57,10.52
2593,2023-10-15,262,5,3,5,155.3,106.51,48.79
2594,2023-10-15,348,5,3,3,104.18,71.12,33.06
2595,2023-10-15,356,6,3,3,66.7,50.05,16.65
2596,2023-10-15,292,3,3,1,65.41,46.79,18.62
2597,2023-10-15,228,4,4,3,268.6,148.91,119.69
2598,2023-10-15,61,3,1,5,481.85,368.76,113.09
2599,2023-10-15,134,6,3,3,77.82,61.87,15.95
2600,2023-10-15,57,4,1,4,236.15,129.38,106.77
2601,2023-10-15,196,1,4,5,1795.8,1087.58,708.22
2602,2023-10-15,37,1,2,1,254.94,162.63,92.31
2603,2023-10-16,427,6,4,4,170.67,132.58,38.09
2604,2023-10-16,106,1,1,1,252.94,167.83,85.11
2605,2023-10-16,480,3,3,3,232.51,178.59,53.92
2606,2023-10-16,105,4,3,4,191.71,112.61,79.1
2607,2023-10-16,489,6,2,2,68.99,55.8,13.19
2608,2023-10-16,414,3,4,3,286.16,201.95,84.21
2609,2023-10-16,243,4,2,2,129.7,66.09,63.61
2610,2023-10-16,384,5,1,3,110.26,81.49,28.77
2611,2023-10-16,492,5,1,1,38.33,26.22,12.11
2612,2023-10-16,412,3,5,5,335.08,267.36,67.72
2613,2023-10-16,275,4,3,4,203.58,109.36,94.22
2614,2023-10-16,112,1,1,1,245.94,158.62,87.32
2615,2023-10-16,278,5,3,4,156.06,105.21,50.85
2616,2023-10-17,181,2,2,5,1223.52,996.87,226.65
2617,2023-10-17,72,6,4,3,132.22,109.03,23.19
2618,2023-10-17,446,1,2,3,843.67,506.82,336.85
2619,2023-10-17,350,6,2,2,55.33,43.22,12.11
2620,2023-10-17,393,3,4,2,210.97,167.78,43.19
2621,2023-10-17,468,1,4,2,585.87,403.25,182.62
2622,2023-10-18,474,5,4,1,51.21,36.11,15.1
2623,2023-10-18,390,3,2,1,83.23,62.89,20.34
2624,2023-10-18,101,4,5,4,250.34,135.39,114.95
2625,2023-10-18,499,2,1,1,268.08,221.78,46.3
2626,2023-10-18,182,2,5,3,607.33,505.57,101.76
2627,2023-10-18,273,3,1,3,216.62,152.62,64.0
2628,2023-10-18,157,1,3,5,1210.43,764.79,445.64
2629,2023-10-18,78,4,1,3,163.85,94.22,69.63
2630,2023-10-18,481,4,4,4,291.11,172.19,118.92
2631,2023-10-18,344,4,4,2,171.74,88.96,82.78
2632,2023-10-18,438,5,3,2,62.65,42.93,19.72
2633,2023-10-19,278,3,3,4,294.35,225.73,68.62
2634,2023-10-19,435,5,4,3,142.0,106.35,35.65
2635,2023-10-19,333,6,3,5,113.13,92.18,20.95
2636,2023-10-19,251,4,1,4,239.52,129.16,110.36
2637,2023-10-19,197,4,1,3,179.38,95.12,84.26
2638,2023-10-19,340,5,3,5,172.61,126.86,45.75
2639,2023-10-20,218,4,1,1,69.8,37.18,32.62
2640,2023-10-20,49,3,1,1,76.97,60.25,16.72
2641,2023-10-20,77,2,2,5,1201.29,1012.84,188.45
2642,2023-10-20,86,6,2,3,91.89,70.08,21.81
2643,2023-10-20,228,4,4,1,89.19,46.27,42.92
2644,2023-10-20,323,2,4,2,665.88,552.73,113.15
2645,2023-10-20,404,6,1,3,104.01,81.58,22.43
2646,2023-10-20,269,3,1,4,383.66,289.54,94.12
2647,2023-10-20,212,6,3,3,80.85,62.28,18.57
2648,2023-10-21,49,4,1,3,169.21,100.11,69.1
2649,2023-10-21,489,6,2,3,91.31,71.94,19.37
2650,2023-10-21,422,4,3,5,283.76,159.16,124.6
2651,2023-10-21,141,4,1,3,207.74,109.88,97.86
2652,2023-10-21,36,3,1,1,72.82,53.93,18.89
2653,2023-10-21,426,2,3,4,901.17,758.48,142.69
2654,2023-10-21,247,4,2,3,180.15,106.04,74.11
2655,2023-10-21,156,2,4,4,1192.02,1009.48,182.54
2656,2023-10-21,440,3,4,2,191.74,147.78,43.96
2657,2023-10-21,360,5,2,2,79.79,56.92,22.87
2658,2023-10-21,5,5,4,1,58.45,39.58,18.87
2659,2023-10-21,495,4,2,2,131.77,73.89,57.88
2660,2023-10-21,125,1,4,5,1462.58,884.35,578.23
2661,2023-10-21,414,2,4,4,1458.43,1218.39,240.04
2662,2023-10-21,281,6,2,5,147.15,120.15,27.0
2663,2023-10-21,266,3,2,3,215.12,164.04,51.08
2664,2023-10-21,329,5,3,2,67.07,45.85,21.22
2665,2023-10-22,230,4,4,3,277.35,147.8,129.55
2666,2023-10-22,353,3,2,2,141.74,106.81,34.93
2667,2023-10-22,340,1,3,3,634.07,443.72,190.35
2668,2023-10-22,411,6,3,5,117.47,99.39,18.08
2669,2023-10-22,203,5,4,1,49.28,35.5,13.78
2670,2023-10-22,299,3,4,2,228.0,170.65,57.35
2671,2023-10-22,9,2,2,1,245.87,208.34,37.53
2672,2023-10-22,199,1,2,5,1170.02,751.77,418.25
2673,2023-10-22,433,4,1,5,361.81,216.89,144.92
2674,2023-10-22,136,6,1,3,93.25,75.2,18.05
2675,2023-10-22,321,6,3,1,29.11,24.35,4.76
2676,2023-10-23,218,5,1,5,232.62,156.7,75.92
2677,2023-10-23,295,5,2,1,34.13,25.38,8.75
2678,2023-10-23,386,2,4,3,1112.89,932.21,180.68
2679,2023-10-23,81,6,5,5,124.52,94.61,29.91
2680,2023-10-23,491,1,3,5,1147.42,720.66,426.76
2681,2023-10-23,114,1,1,1,234.27,147.31,86.96
2682,2023-10-23,367,5,5,2,86.27,61.95,24.32
2683,2023-10-23,212,5,3,1,37.88,25.55,12.33
2684,2023-10-23,352,1,1,5,1272.79,880.02,392.77
2685,2023-10-24,289,4,1,1,54.61,30.05,24.56
2686,2023-10-24,439,2,4,3,948.65,825.28,123.37
2687,2023-10-24,36,4,1,3,211.16,121.04,90.12
2688,2023-10-24,331,3,3,3,220.31,166.62,53.69
2689,2023-10-24,53,6,2,2,68.18,55.8,12.38
2690,2023-10-24,380,4,2,1,61.72,35.9,25.82
2691,2023-10-24,486,1,3,1,224.84,143.19,81.65
2692,2023-10-24,96,4,3,5,257.74,137.31,120.43
2693,2023-10-24,443,6,5,2,65.1,53.93,11.17
2694,2023-10-24,29,1,4,2,640.35,397.34,243.01
2695,2023-10-24,474,3,4,4,374.73,279.39,95.34
2696,2023-10-24,192,1,2,1,230.44,140.53,89.91
2697,2023-10-24,110,6,4,1,40.11,31.5,8.61
2698,2023-10-24,473,1,4,3,1048.86,729.08,319.78
2699,2023-10-24,32,1,5,3,629.16,422.71,206.45
2700,2023-10-25,362,4,5,2,107.11,62.81,44.3
2701,2023-10-25,100,5,5,1,42.2,31.54,10.66
2702,2023-10-25,348,2,3,2,462.54,393.78,68.76
2703,2023-10-25,254,5,3,3,91.4,66.75,24.65
2704,2023-10-25,417,5,1,2,91.06,61.92,29.14
2705,2023-10-25,346,6,2,5,159.95,131.05,28.9
2706,2023-10-25,401,3,2,2,163.06,128.07,34.99
2707,2023-10-25,324,4,1,3,167.54,88.52,79.02
2708,2023-10-26,360,3,2,3,268.36,193.66,74.7
2709,2023-10-26,199,1,2,3,814.29,510.1,304.19
2710,2023-10-26,282,4,1,5,311.64,181.48,130.16
2711,2023-10-26,81,2,5,4,1083.79,945.37,138.42
2712,2023-10-26,265,3,4,5,484.52,385.16,99.36
2713,2023-10-26,318,3,3,3,222.48,168.64,53.84
2714,2023-10-26,119,5,4,5,301.61,198.67,102.94
2715,2023-10-26,482,5,3,3,87.78,60.97,26.81
2716,2023-10-26,134,3,3,4,303.02,222.46,80.56
2717,2023-10-26,366,2,3,3,685.49,609.26,76.23
2718,2023-10-26,282,3,1,4,375.8,289.26,86.54
2719,2023-10-27,169,2,5,4,985.39,825.85,159.54
2720,2023-10-27,83,6,1,2,60.97,45.95,15.02
2721,2023-10-27,406,4,2,4,248.73,140.65,108.08
2722,2023-10-27,10,6,4,2,84.43,67.17,17.26
2723,2023-10-27,155,3,5,4,314.2,234.37,79.83
2724,2023-10-27,421,4,5,2,128.0,67.75,60.25
2725,2023-10-27,232,6,5,4,121.78,95.72,26.06
2726,2023-10-27,324,1,1,4,995.47,691.2,304.27
2727,2023-10-27,191,3,3,5,318.93,254.41,64.52
2728,2023-10-27,42,2,5,1,257.79,230.89,26.9
2729,2023-10-27,5,5,4,5,306.65,222.18,84.47
2730,2023-10-28,163,6,1,5,174.65,144.35,30.3
2731,2023-10-28,474,6,4,1,41.29,32.78,8.51
2732,2023-10-28,245,4,1,5,298.94,157.89,141.05
2733,2023-10-28,372,5,1,2,80.47,56.2,24.27
2734,2023-10-28,365,5,5,4,149.54,111.55,37.99
2735,2023-10-28,340,1,3,5,1044.13,648.59,395.54
2736,2023-10-28,356,1,3,2,484.52,295.65,188.87
2737,2023-10-28,52,5,1,4,187.74,125.47,62.27
2738,2023-10-28,54,1,2,1,234.52,150.97,83.55
2739,2023-10-28,389,1,1,2,462.89,310.36,152.53
2740,2023-10-29,36,4,1,1,57.36,29.83,27.53
2741,2023-10-29,335,4,4,3,263.54,145.82,117.72
2742,2023-10-29,183,5,1,4,145.62,109.04,36.58
2743,2023-10-29,281,1,2,4,1033.56,636.82,396.74
2744,2023-10-29,156,5,4,1,46.84,34.48,12.36
2745,2023-10-29,459,5,1,4,158.79,104.87,53.92
2746,2023-10-29,105,1,3,4,892.71,541.97,350.74
2747,2023-10-29,130,3,5,4,326.59,236.12,90.47
2748,2023-10-29,51,2,4,4,1417.27,1162.8,254.47
2749,2023-10-29,135,1,4,3,1062.49,689.68,372.81
2750,2023-10-29,476,3,1,5,391.69,274.68,117.01
2751,2023-10-30,259,3,1,3,223.05,176.69,46.36
2752,2023-10-30,340,6,3,1,26.54,20.04,6.5
2753,2023-10-30,421,3,5,4,277.45,207.69,69.76
2754,2023-10-30,340,1,3,1,219.58,142.36,77.22
2755,2023-10-30,32,4,5,3,157.19,91.14,66.05
2756,2023-10-30,330,3,2,2,169.36,129.34,40.02
2757,2023-10-30,391,2,3,3,646.75,529.97,116.78
2758,2023-10-30,70,6,4,3,114.34,86.25,28.09
2759,2023-10-30,334,3,2,1,80.44,61.87,18.57
2760,2023-10-30,288,3,4,5,551.47,418.1,133.37
2761,2023-10-31,142,1,4,3,1048.4,725.66,322.74
2762,2023-10-31,9,6,2,1,30.74,25.98,4.76
2763,2023-10-31,489,4,2,2,113.0,67.22,45.78
2764,2023-10-31,131,1,3,1,213.26,145.32,67.94
2765,2023-10-31,244,2,3,1,196.3,176.25,20.05
2766,2023-10-31,336,1,1,1,244.6,146.77,97.83
2767,2023-10-31,490,1,2,3,672.06,439.87,232.19
2768,2023-11-01,162,4,3,2,115.44,60.01,55.43
2769,2023-11-01,15,6,2,5,164.04,131.53,32.51
2770,2023-11-01,131,3,3,1,68.11,53.72,14.39
2771,2023-11-01,164,1,5,3,678.1,414.37,263.73
2772,2023-11-01,432,4,4,3,273.73,147.2,126.53
2773,2023-11-01,150,4,1,2,119.03,67.03,52.0
2774,2023-11-01,225,3,1,4,378.59,288.62,89.97
2775,2023-11-01,42,6,5,1,30.08,22.82,7.26
2776,2023-11-01,27,3,3,2,132.43,102.36,30.07
2777,2023-11-01,8,6,2,1,30.56,24.41,6.15
2778,2023-11-01,337,6,4,3,112.84,92.59,20.25
2779,2023-11-02,184,4,3,2,90.11,47.44,42.67
2780,2023-11-02,162,5,3,1,31.55,22.59,8.96
2781,2023-11-02,483,3,4,2,223.96,160.58,63.38
2782,2023-11-02,411,4,3,1,53.63,28.54,25.09
2783,2023-11-02,109,1,4,4,1243.66,821.62,422.04
2784,2023-11-02,152,6,5,4,112.72,87.23,25.49
2785,2023-11-02,399,4,3,5,256.16,149.55,106.61
2786,2023-11-02,382,2,1,3,898.26,771.88,126.38
2787,2023-11-02,93,4,1,5,302.83,156.71,146.12
2788,2023-11-02,336,3,1,4,343.13,245.96,97.17
2789,2023-11-02,341,3,5,3,246.14,189.16,56.98
2790,2023-11-02,472,6,4,3,114.67,87.8,26.87
2791,2023-11-02,127,1,5,5,1096.05,685.35,410.7
2792,2023-11-02,176,6,4,5,215.22,164.19,51.03
2793,2023-11-02,205,1,4,3,1115.99,779.7,336.29
2794,2023-11-02,372,2,1,2,551.06,441.95,109.11
2795,2023-11-03,66,4,1,1,66.55,37.55,29.0
2796,2023-11-03,9,6,2,4,102.76,85.48,17.28
2797,2023-11-03,78,4,1,2,126.14,67.82,58.32
2798,2023-11-03,195,6,2,4,118.04,90.62,27.42
2799,2023-11-03,274,1,4,1,291.1,176.11,114.99
2800,2023-11-03,465,3,1,3,275.48,205.88,69.6
2801,2023-11-03,86,4,2,1,60.07,35.55,24.52
2802,2023-11-03,187,4,5,5,319.5,174.67,144.83
2803,2023-11-03,192,5,2,4,136.48,99.53,36.95
2804,2023-11-03,430,5,3,1,34.35,25.43,8.92
2805,2023-11-04,116,5,1,4,173.63,127.3,46.33
2806,2023-11-04,485,1,4,2,674.84,410.89,263.95
2807,2023-11-04,333,4,3,1,58.23,34.31,23.92
2808,2023-11-04,490,2,2,3,852.52,715.03,137.49
2809,2023-11-04,230,4,4,2,173.32,87.22,86.1
2810,2023-11-04,154,6,2,1,29.74,25.25,4.49
2811,2023-11-04,270,3,1,3,271.72,214.99,56.73
2812,2023-11-05,233,3,1,4,306.21,237.47,68.74
2813,2023-11-05,115,5,2,5,205.41,135.6,69.81
2814,2023-11-05,257,5,5,5,179.28,118.39,60.89
2815,2023-11-05,429,4,4,2,165.66,97.06,68.6
2816,2023-11-05,101,3,5,4,284.63,217.13,67.5
2817,2023-11-05,493,4,1,2,137.74,77.31,60.43
2818,2023-11-05,342,1,4,3,1140.77,729.67,411.1
2819,2023-11-05,230,4,4,4,333.65,178.2,155.45
2820,2023-11-05,338,2,2,3,679.23,596.58,82.65
2821,2023-11-05,466,6,2,5,133.13,103.46,29.67
2822,2023-11-05,141,5,1,1,36.45,26.05,10.4
2823,2023-11-05,364,4,3,4,179.63,98.29,81.34
2824,2023-11-05,98,2,4,2,733.22,586.59,146.63
2825,2023-11-05,148,3,2,4,288.41,216.5,71.91
2826,2023-11-05,154,4,2,2,114.51,67.02,47.49
2827,2023-11-06,284,1,2,1,215.25,142.37,72.88
2828,2023-11-06,493,4,1,1,70.9,36.32,34.58
2829,2023-11-06,62,1,5,2,500.93,328.44,172.49
2830,2023-11-06,93,1,1,1,233.31,152.88,80.43
2831,2023-11-06,133,3,3,3,189.12,139.3,49.82
2832,2023-11-06,434,3,5,1,73.69,53.06,20.63
2833,2023-11-06,142,1,4,2,767.93,516.27,251.66
2834,2023-11-06,288,3,4,3,308.65,216.73,91.92
2835,2023-11-06,70,1,4,2,625.43,388.81,236.62
2836,2023-11-06,447,6,3,3,81.17,68.88,12.29
2837,2023-11-06,311,1,3,2,449.25,278.99,170.26
2838,2023-11-06,346,4,2,3,163.94,89.66,74.28
2839,2023-11-06,460,1,5,1,254.47,170.02,84.45
2840,2023-11-06,56,1,2,3,775.96,514.02,261.94
2841,2023-11-06,335,6,4,1,43.44,34.36,9.08
2842,2023-11-07,252,3,5,4,308.78,226.51,82.27
2843,2023-11-07,406,4,2,3,197.68,115.95,81.73
2844,2023-11-07,143,1,4,4,1544.5,1053.63,490.87
2845,2023-11-07,46,1,2,3,833.74,542.49,291.25
2846,2023-11-07,135,4,4,2,148.4,79.07,69.33
2847,2023-11-07,22,4,1,3,214.27,110.14,104.13
2848,2023-11-07,219,2,5,2,501.39,418.23,83.16
2849,2023-11-07,35,3,2,3,226.9,180.44,46.46
2850,2023-11-07,373,2,1,5,1218.07,994.27,223.8
2851,2023-11-07,6,4,2,2,125.02,67.4,57.62
2852,2023-11-07,409,5,1,3,109.46,76.77,32.69
2853,2023-11-07,328,6,1,4,116.46,94.74,21.72
2854,2023-11-07,72,3,4,2,204.15,152.6,51.55
2855,2023-11-07,322,1,4,5,1788.02,1095.85,692.17
2856,2023-11-07,467,4,5,4,229.59,119.96,109.63
2857,2023-11-07,208,5,1,1,47.91,35.75,12.16
2858,2023-11-07,263,4,5,3,150.39,90.09,60.3
2859,2023-11-07,97,5,4,1,46.72,33.63,13.09
2860,2023-11-08,44,3,4,4,425.27,327.27,98.0
2861,2023-11-08,220,4,5,1,52.76,29.18,23.58
2862,2023-11-08,346,5,2,1,35.8,23.49,12.31
2863,2023-11-08,406,6,2,1,27.02,21.58,5.44
2864,2023-11-08,63,2,2,4,1029.49,834.16,195.33
2865,2023-11-08,453,4,1,2,141.44,71.92,69.52
2866,2023-11-08,240,3,1,4,304.5,217.07,87.43
2867,2023-11-08,425,1,5,2,409.23,253.16,156.07
2868,2023-11-08,70,1,4,5,1841.52,1159.46,682.06
2869,2023-11-08,82,6,1,1,35.64,27.2,8.44
2870,2023-11-08,246,6,2,5,171.4,142.86,28.54
2871,2023-11-08,76,6,1,1,31.55,25.96,5.59
2872,2023-11-08,63,3,2,5,453.37,328.02,125.35
2873,2023-11-08,417,3,1,5,481.47,341.51,139.96
2874,2023-11-08,65,4,1,4,215.89,120.04,95.85
2875,2023-11-08,102,5,4,3,142.96,95.27,47.69
2876,2023-11-08,363,1,1,3,805.46,536.38,269.08
2877,2023-11-08,419,6,4,1,43.7,33.76,9.94
2878,2023-11-09,376,6,4,1,35.74,27.23,8.51
2879,2023-11-09,366,1,3,4,899.76,622.17,277.59
2880,2023-11-09,18,3,1,5,359.06,276.96,82.1
2881,2023-11-09,158,6,3,1,23.23,17.79,5.44
2882,2023-11-09,247,1,2,2,448.2,302.65,145.55
2883,2023-11-09,133,6,3,2,53.66,44.39,9.27
2884,2023-11-09,20,4,4,3,229.55,132.53,97.02
2885,2023-11-09,307,5,4,1,56.92,41.52,15.4
2886,2023-11-09,358,1,3,5,970.2,600.39,369.81
2887,2023-11-09,271,4,1,3,191.88,111.4,80.48
2888,2023-11-09,32,1,5,1,213.08,148.93,64.15
2889,2023-11-10,374,2,1,3,856.15,747.64,108.51
2890,2023-11-10,472,1,4,2,666.03,451.73,214.3
2891,2023-11-10,222,1,4,1,379.67,257.85,121.82
2892,2023-11-10,451,4,4,5,457.82,247.49,210.33
2893,2023-11-10,180,5,1,5,201.25,148.58,52.67
2894,2023-11-10,450,4,1,2,134.47,79.98,54.49
2895,2023-11-10,345,6,2,1,32.04,26.3,5.74
2896,2023-11-10,434,3,5,3,242.84,188.46,54.38
2897,2023-11-10,391,3,3,2,134.63,100.12,34.51
2898,2023-11-10,6,6,2,4,119.23,97.65,21.58
2899,2023-11-10,60,6,4,5,219.31,184.43,34.88
2900,2023-11-10,61,6,1,3,88.31,69.69,18.62
2901,2023-11-10,231,6,5,3,80.01,61.08,18.93
2902,2023-11-10,385,4,3,5,222.07,131.27,90.8
2903,2023-11-10,282,4,1,1,57.45,29.45,28.0
2904,2023-11-10,187,3,5,4,304.73,228.52,76.21
2905,2023-11-11,188,6,5,3,82.32,65.73,16.59
2906,2023-11-11,258,5,3,3,93.23,62.01,31.22
2907,2023-11-11,2,3,5,4,333.14,235.49,97.65
2908,2023-11-11,193,4,4,3,234.3,119.61,114.69
2909,2023-11-11,208,6,1,5,163.82,132.13,31.69
2910,2023-11-11,460,4,5,2,122.31,73.08,49.23
2911,2023-11-11,290,3,2,1,90.07,68.75,21.32
2912,2023-11-12,64,1,1,2,596.52,377.13,219.39
2913,2023-11-12,50,2,5,1,204.98,182.26,22.72
2914,2023-11-12,432,1,4,3,938.92,587.03,351.89
2915,2023-11-12,36,3,1,1,85.21,60.24,24.97
2916,2023-11-12,276,3,4,5,572.19,424.39,147.8
2917,2023-11-12,100,3,5,3,258.27,189.1,69.17
2918,2023-11-12,125,2,4,1,372.16,308.99,63.17
2919,2023-11-12,36,6,1,2,70.47,58.92,11.55
2920,2023-11-12,52,3,1,4,315.4,225.11,90.29
2921,2023-11-12,259,5,1,1,43.5,30.22,13.28
2922,2023-11-12,401,5,2,5,198.45,146.35,52.1
2923,2023-11-13,186,3,3,2,141.93,108.13,33.8
2924,2023-11-13,293,5,3,2,73.09,51.38,21.71
2925,2023-11-13,76,5,1,3,122.96,82.78,40.18
2926,2023-11-13,89,4,1,2,109.39,55.52,53.87
2927,2023-11-13,353,5,2,5,196.48,136.39,60.09
2928,2023-11-13,48,1,1,4,1075.2,736.6,338.6
2929,2023-11-13,229,6,2,5,144.86,123.09,21.77
2930,2023-11-13,108,6,4,5,190.91,147.42,43.49
2931,2023-11-13,29,3,4,3,291.13,216.3,74.83
2932,2023-11-13,37,3,2,4,288.52,224.56,63.96
2933,2023-11-13,497,1,4,2,666.03,446.0,220.03
2934,2023-11-13,252,2,5,4,848.71,693.66,155.05
2935,2023-11-13,124,6,3,3,84.54,71.25,13.29
2936,2023-11-13,198,1,2,4,1045.92,729.22,316.7
2937,2023-11-14,428,3,4,4,431.26,305.5,125.76
2938,2023-11-14,461,4,4,2,158.73,92.68,66.05
2939,2023-11-14,105,1,3,1,184.22,117.15,67.07
2940,2023-11-14,166,5,1,4,156.21,115.4,40.81
2941,2023-11-14,86,5,2,5,175.7,130.66,45.04
2942,2023-11-14,307,2,4,3,962.0,796.84,165.16
2943,2023-11-14,131,2,3,4,798.57,664.53,134.04
2944,2023-11-14,490,3,2,2,182.83,138.11,44.72
2945,2023-11-14,295,6,2,1,29.47,22.53,6.94
2946,2023-11-14,409,2,1,3,733.72,637.76,95.96
2947,2023-11-14,77,6,2,5,134.77,109.81,24.96
2948,2023-11-14,106,2,1,5,1272.41,1027.89,244.52
2949,2023-11-14,99,2,5,1,257.96,230.14,27.82
2950,2023-11-15,298,2,1,3,883.17,794.74,88.43
2951,2023-11-15,265,1,4,3,898.07,588.04,310.03
2952,2023-11-15,294,1,4,2,682.38,454.17,228.21
2953,2023-11-15,76,4,1,1,60.89,35.62,25.27
2954,2023-11-15,260,4,2,5,324.74,179.05,145.69
2955,2023-11-15,154,6,2,5,158.97,124.93,34.04
2956,2023-11-15,225,6,1,2,64.9,50.83,14.07
2957,2023-11-15,175,1,4,3,1161.16,812.32,348.84
2958,2023-11-15,48,3,1,1,89.59,70.88,18.71
2959,2023-11-16,379,3,5,1,82.0,65.19,16.81
2960,2023-11-16,350,1,2,1,259.61,176.92,82.69
2961,2023-11-16,177,5,5,2,73.5,55.11,18.39
2962,2023-11-16,150,3,1,2,149.13,111.27,37.86
2963,2023-11-16,126,3,2,5,395.78,291.01,104.77
2964,2023-11-16,363,2,1,3,792.2,636.54,155.66
2965,2023-11-16,377,5,4,1,49.17,35.81,13.36
2966,2023-11-16,133,4,3,3,169.03,91.38,77.65
2967,2023-11-17,497,6,4,5,211.24,160.03,51.21
2968,2023-11-17,34,5,5,5,216.54,150.95,65.59
2969,2023-11-17,313,4,4,2,171.63,101.35,70.28
2970,2023-11-17,80,4,2,1,58.42,34.06,24.36
2971,2023-11-17,172,1,3,5,1084.15,714.74,369.41
2972,2023-11-17,214,6,4,3,116.43,96.81,19.62
2973,2023-11-17,35,6,2,3,102.98,79.96,23.02
2974,2023-11-17,199,4,2,1,66.3,36.26,30.04
2975,2023-11-17,14,1,2,3,794.48,502.7,291.78
2976,2023-11-17,186,5,3,4,140.2,103.13,37.07
2977,2023-11-17,423,2,5,5,1151.42,964.99,186.43
2978,2023-11-18,472,2,4,5,1474.25,1298.53,175.72
2979,2023-11-18,83,1,1,2,482.6,329.19,153.41
2980,2023-11-18,150,3,1,3,254.91,189.35,65.56
2981,2023-11-18,122,5,2,3,107.09,72.5,34.59
2982,2023-11-18,393,2,4,3,1004.47,822.23,182.24
2983,2023-11-18,449,1,3,2,458.34,279.57,178.77
2984,2023-11-18,33,3,4,2,185.4,140.88,44.52
2985,2023-11-18,493,6,1,2,58.16,49.42,8.74
2986,2023-11-18,34,2,5,1,251.83,203.87,47.96
2987,2023-11-18,477,6,4,4,154.47,116.49,37.98
2988,2023-11-18,48,4,1,5,301.04,179.37,121.67
2989,2023-11-18,405,2,3,1,238.39,199.87,38.52
2990,2023-11-18,379,1,5,4,853.14,536.22,316.92
2991,2023-11-19,62,1,5,5,1156.25,742.75,413.5
2992,2023-11-19,231,3,5,1,66.59,50.61,15.98
2993,2023-11-19,182,2,5,2,507.05,433.64,73.41
2994,2023-11-19,396,6,4,1,37.59,28.96,8.63
2995,2023-11-19,44,6,4,2,74.48,61.69,12.79
2996,2023-11-19,29,6,4,2,77.59,63.5,14.09
2997,2023-11-19,253,5,2,4,153.26,105.05,48.21
2998,2023-11-19,192,5,2,5,201.1,136.09,65.01
2999,2023-11-19,369,1,4,5,1621.76,1040.9,580.86
3000,2023-11-19,334,5,2,3,134.07,95.78,38.29
3001,2023-11-19,465,2,1,3,814.68,675.46,139.22
3002,2023-11-19,316,4,5,4,220.82,127.84,92.98
3003,2023-11-19,77,6,2,3,95.16,78.89,16.27
3004,2023-11-19,60,6,4,3,123.57,95.54,28.03
3005,2023-11-19,394,2,3,4,968.33,854.05,114.28
3006,2023-11-19,437,6,4,5,180.84,141.42,39.42
3007,2023-11-19,176,5,4,5,250.89,176.3,74.59
3008,2023-11-19,444,2,2,4,1146.17,946.36,199.81
3009,2023-11-19,302,5,2,1,44.14,31.05,13.09
3010,2023-11-20,329,3,3,5,300.43,216.52,83.91
3011,2023-11-20,386,3,4,2,241.34,174.07,67.27
3012,2023-11-20,60,4,4,2,139.2,70.76,68.44
3013,2023-11-20,219,3,5,5,394.69,277.19,117.5
3014,2023-11-20,180,4,1,4,248.06,126.22,121.84
3015,2023-11-20,473,6,4,2,90.5,74.6,15.9
3016,2023-11-20,195,6,2,3,76.88,57.74,19.14
3017,2023-11-20,478,3,5,2,172.09,127.05,45.04
3018,2023-11-20,334,1,2,2,452.85,294.21,158.64
3019,2023-11-20,215,4,5,4,230.29,135.84,94.45
3020,2023-11-20,84,3,4,3,344.78,275.3,69.48
3021,2023-11-20,227,3,5,2,131.15,100.42,30.73
3022,2023-11-21,71,3,2,5,425.29,317.82,107.47
3023,2023-11-21,176,2,4,2,685.62,603.3,82.32
3024,2023-11-21,490,5,2,3,111.44,83.56,27.88
3025,2023-11-21,422,5,3,5,167.7,110.94,56.76
3026,2023-11-21,181,6,2,2,53.39,41.23,12.16
3027,2023-11-21,275,4,3,3,162.42,81.25,81.17
3028,2023-11-21,143,1,4,2,755.13,502.86,252.27
3029,2023-11-21,206,4,4,5,413.24,232.63,180.61
3030,2023-11-21,2,5,5,5,213.02,140.64,72.38
3031,2023-11-21,143,3,4,2,223.71,167.41,56.3
3032,2023-11-21,380,2,2,4,1127.46,950.2,177.26
3033,2023-11-21,255,2,5,3,802.96,645.19,157.77
3034,2023-11-22,244,1,3,5,1108.21,741.68,366.53
3035,2023-11-22,279,3,4,2,215.5,158.03,57.47
3036,2023-11-22,245,2,1,1,292.97,259.66,33.31
3037,2023-11-22,488,1,3,2,410.32,258.39,151.93
3038,2023-11-22,133,1,3,4,869.68,570.69,298.99
3039,2023-11-22,138,6,3,5,142.93,112.83,30.1
3040,2023-11-22,174,1,5,3,773.22,483.58,289.64
3041,2023-11-22,398,2,3,2,377.36,332.44,44.92
3042,2023-11-22,242,3,2,2,158.52,119.72,38.8
3043,2023-11-22,276,6,4,5,229.17,193.3,35.87
3044,2023-11-23,139,5,5,3,109.91,81.37,28.54
3045,2023-11-23,252,5,5,2,65.14,45.59,19.55
3046,2023-11-23,167,4,5,4,218.41,121.29,97.12
3047,2023-11-23,245,3,1,1,85.87,63.44,22.43
3048,2023-11-23,441,2,1,3,820.35,667.82,152.53
3049,2023-11-23,424,3,1,1,91.69,71.55,20.14
3050,2023-11-23,6,6,2,2,68.1,56.08,12.02
3051,2023-11-24,111,3,4,4,389.64,308.2,81.44
3052,2023-11-24,285,6,2,5,170.12,143.57,26.55
3053,2023-11-24,47,5,4,3,139.79,94.31,45.48
3054,2023-11-24,190,1,5,2,535.73,355.58,180.15
3055,2023-11-24,204,3,4,5,593.54,454.97,138.57
3056,2023-11-24,86,2,2,2,521.47,425.1,96.37
3057,2023-11-24,313,5,4,4,246.93,162.61,84.32
3058,2023-11-24,321,5,3,3,110.27,78.12,32.15
3059,2023-11-25,46,3,2,4,273.77,203.4,70.37
3060,2023-11-25,477,5,4,3,183.93,120.22,63.71
3061,2023-11-25,84,4,4,5,373.71,210.71,163.0
3062,2023-11-25,403,2,4,2,706.88,633.74,73.14
3063,2023-11-25,312,4,1,5,269.24,142.16,127.08
3064,2023-11-25,404,6,1,4,125.17,104.04,21.13
3065,2023-11-25,466,3,2,5,439.58,341.68,97.9
3066,2023-11-25,431,6,3,3,77.54,59.57,17.97
3067,2023-11-26,171,4,4,3,242.51,126.1,116.41
3068,2023-11-26,235,2,1,1,249.52,219.69,29.83
3069,2023-11-26,368,2,1,3,684.56,606.86,77.7
3070,2023-11-26,481,4,4,3,238.96,124.99,113.97
3071,2023-11-26,162,3,3,5,312.43,226.38,86.05
3072,2023-11-26,225,3,1,4,305.88,220.31,85.57
3073,2023-11-26,162,1,3,5,980.23,637.07,343.16
3074,2023-11-26,167,2,5,1,210.92,183.91,27.01
3075,2023-11-26,138,4,3,4,206.04,110.37,95.67
3076,2023-11-26,339,1,5,1,249.04,157.07,91.97
3077,2023-11-26,298,2,1,5,1372.5,1185.16,187.34
3078,2023-11-26,107,1,4,4,1379.8,831.11,548.69
3079,2023-11-26,253,2,2,2,440.75,380.38,60.37
3080,2023-11-26,127,1,5,2,516.26,339.96,176.3
3081,2023-11-26,424,1,1,2,463.23,298.97,164.26
3082,2023-11-26,108,3,4,2,190.81,133.79,57.02
3083,2023-11-26,293,6,3,2,48.45,40.81,7.64
3084,2023-11-26,322,3,4,5,486.14,363.47,122.67
3085,2023-11-26,459,3,1,3,237.9,170.28,67.62
3086,2023-11-26,211,5,1,3,132.67,98.31,34.36
3087,2023-11-26,326,6,4,1,46.15,37.81,8.34
3088,2023-11-26,320,6,4,2,79.5,59.97,19.53
3089,2023-11-26,282,6,1,4,108.76,84.87,23.89
3090,2023-11-27,200,2,2,2,485.31,396.67,88.64
3091,2023-11-27,493,1,1,2,490.13,299.68,190.45
3092,2023-11-27,426,1,3,1,243.4,166.55,76.85
3093,2023-11-27,440,4,4,5,436.99,260.19,176.8
3094,2023-11-27,496,2,2,4,1106.74,899.07,207.67
3095,2023-11-27,363,2,1,2,480.8,399.82,80.98
3096,2023-11-27,286,6,1,2,72.02,55.58,16.44
3097,2023-11-27,112,6,1,5,158.7,122.02,36.68
3098,2023-11-27,54,4,2,4,233.95,136.75,97.2
3099,2023-11-27,69,3,3,1,58.48,46.58,11.9
3100,2023-11-27,92,5,2,4,176.69,130.88,45.81
3101,2023-11-27,67,3,5,5,350.07,262.71,87.36
3102,2023-11-27,237,6,1,1,35.69,29.97,5.72
3103,2023-11-27,371,2,4,4,1237.95,1073.57,164.38
3104,2023-11-27,105,5,3,4,129.67,91.44,38.23
3105,2023-11-27,82,5,1,3,119.94,84.41,35.53
3106,2023-11-27,36,4,1,2,115.25,63.69,51.56
3107,2023-11-27,188,2,5,1,235.45,204.8,30.65
3108,2023-11-27,353,1,2,5,1411.47,927.04,484.43
3109,2023-11-28,109,1,4,1,382.38,264.76,117.62
3110,2023-11-28,220,3,5,5,357.68,264.58,93.1
3111,2023-11-28,125,5,4,3,160.49,108.95,51.54
3112,2023-11-28,396,4,4,4,366.86,213.97,152.89
3113,2023-11-28,328,5,1,5,235.05,174.89,60.16
3114,2023-11-28,471,6,4,1,40.49,33.68,6.81
3115,2023-11-28,60,6,4,1,43.68,32.84,10.84
3116,2023-11-28,348,4,3,3,175.64,89.95,85.69
3117,2023-11-28,295,6,2,5,170.48,129.43,41.05
3118,2023-11-28,306,6,5,5,130.62,109.22,21.4
3119,2023-11-28,497,3,4,3,318.28,241.85,76.43
3120,2023-11-29,330,6,2,4,136.23,102.74,33.49
3121,2023-11-29,252,4,5,1,53.61,30.96,22.65
3122,2023-11-29,74,2,3,2,474.11,396.91,77.2
3123,2023-11-29,265,2,4,4,1380.43,1202.61,177.82
3124,2023-11-29,240,4,1,3,180.11,104.65,75.46
3125,2023-11-29,136,6,1,4,133.5,101.93,31.57
3126,2023-11-29,109,1,4,4,1248.12,811.14,436.98
3127,2023-11-29,323,4,4,2,142.65,72.9,69.75
3128,2023-11-29,298,5,1,1,47.14,31.66,15.48
3129,2023-11-29,331,5,3,5,164.07,112.37,51.7
3130,2023-11-29,433,5,1,4,167.99,122.11,45.88
3131,2023-11-29,271,6,1,4,130.88,103.67,27.21
3132,2023-11-29,74,4,3,3,153.77,77.7,76.07
3133,2023-11-29,105,1,3,2,396.99,244.82,152.17
3134,2023-11-30,383,5,4,1,50.43,37.78,12.65
3135,2023-11-30,140,2,3,3,621.05,525.34,95.71
3136,2023-11-30,287,6,5,5,136.32,103.31,33.01
3137,2023-11-30,37,5,2,5,199.96,140.95,59.01
3138,2023-11-30,463,4,5,1,64.8,37.34,27.46
3139,2023-11-30,29,3,4,3,361.62,258.36,103.26
3140,2023-11-30,390,2,2,5,1374.3,1226.25,148.05
3141,2023-11-30,68,1,4,5,1616.9,1130.73,486.17
3142,2023-11-30,193,1,4,4,1312.44,914.69,397.75
3143,2023-11-30,162,1,3,2,399.96,276.43,123.53
3144,2023-11-30,146,1,3,2,445.78,280.44,165.34
3145,2023-11-30,282,1,1,5,1417.98,862.43,555.55
3146,2023-11-30,433,3,1,5,434.15,333.96,100.19
3147,2023-11-30,354,1,2,2,571.94,388.14,183.8
3148,2023-12-01,431,6,3,4,110.07,84.36,25.71
3149,2023-12-01,53,3,2,1,88.41,65.65,22.76
3150,2023-12-01,483,1,4,2,746.28,498.17,248.11
3151,2023-12-01,110,5,4,3,158.89,118.29,40.6
3152,2023-12-01,412,4,5,4,210.98,123.04,87.94
3153,2023-12-01,244,2,3,3,607.47,501.52,105.95
3154,2023-12-01,472,6,4,1,37.46,29.13,8.33
3155,2023-12-01,435,2,4,3,1154.58,959.96,194.62
3156,2023-12-01,162,4,3,1,51.85,26.36,25.49
3157,2023-12-02,79,4,1,4,280.94,154.15,126.79
3158,2023-12-02,182,6,5,1,29.86,24.55,5.31
3159,2023-12-02,165,3,4,4,485.82,378.26,107.56
3160,2023-12-02,185,2,1,1,286.56,232.11,54.45
3161,2023-12-02,70,3,4,4,384.36,277.75,106.61
3162,2023-12-02,265,1,4,3,870.16,561.73,308.43
3163,2023-12-02,389,6,1,3,107.57,82.4,25.17
3164,2023-12-02,464,1,5,5,1348.1,931.61,416.49
3165,2023-12-02,11,5,1,1,40.39,29.19,11.2
3166,2023-12-02,94,5,5,1,32.99,23.3,9.69
3167,2023-12-02,353,3,2,2,155.72,116.58,39.14
3168,2023-12-02,70,6,4,3,137.83,111.5,26.33
3169,2023-12-02,78,1,1,3,725.05,489.46,235.59
3170,2023-12-02,167,1,5,3,723.3,448.49,274.81
3171,2023-12-03,57,1,1,2,513.97,308.95,205.02
3172,2023-12-03,275,3,3,3,190.41,146.04,44.37
3173,2023-12-03,410,6,2,2,54.59,42.24,12.35
3174,2023-12-03,226,1,2,3,796.49,507.55,288.94
3175,2023-12-03,54,6,2,4,124.62,96.78,27.84
3176,2023-12-03,251,4,1,2,128.77,72.79,55.98
3177,2023-12-03,201,2,2,1,225.25,190.83,34.42
3178,2023-12-03,10,4,4,3,230.37,126.65,103.72
3179,2023-12-03,468,6,4,3,129.22,105.05,24.17
3180,2023-12-03,231,3,5,1,70.05,49.24,20.81
3181,2023-12-03,419,6,4,1,36.13,28.81,7.32
3182,2023-12-03,470,2,4,2,622.22,509.73,112.49
3183,2023-12-03,34,5,5,4,161.0,110.37,50.63
3184,2023-12-03,202,1,3,2,421.03,268.73,152.3
3185,2023-12-04,221,5,2,4,161.93,111.36,50.57
3186,2023-12-04,230,5,4,5,254.94,184.58,70.36
3187,2023-12-04,116,6,1,2,68.21,52.75,15.46
3188,2023-12-04,210,4,3,3,169.24,92.98,76.26
3189,2023-12-04,143,1,4,3,1158.72,768.33,390.39
3190,2023-12-04,416,3,4,2,193.35,146.31,47.04
3191,2023-12-04,159,3,1,2,186.7,132.73,53.97
3192,2023-12-04,428,3,4,4,459.66,336.83,122.83
3193,2023-12-04,315,5,3,1,33.42,23.42,10.0
3194,2023-12-04,266,1,2,2,440.26,285.59,154.67
3195,2023-12-04,134,4,3,3,156.99,87.51,69.48
3196,2023-12-04,187,6,5,2,61.15,49.53,11.62
3197,2023-12-04,421,6,5,4,109.87,89.53,20.34
3198,2023-12-04,361,5,1,5,217.12,151.21,65.91
3199,2023-12-04,119,5,4,4,216.29,159.16,57.13
3200,2023-12-05,253,1,2,2,532.48,351.98,180.5
3201,2023-12-05,337,6,4,3,126.68,104.05,22.63
3202,2023-12-05,366,1,3,1,224.28,155.58,68.7
3203,2023-12-05,146,2,3,1,237.12,201.36,35.76
3204,2023-12-05,490,2,2,5,1124.08,977.36,146.72
3205,2023-12-05,403,4,4,4,370.26,203.07,167.19
3206,2023-12-05,152,3,5,2,152.93,112.47,40.46
3207,2023-12-05,213,4,2,2,112.36,66.94,45.42
3208,2023-12-05,277,4,5,1,53.89,27.31,26.58
3209,2023-12-05,344,4,4,4,298.48,165.75,132.73
3210,2023-12-06,459,2,1,3,837.66,682.63,155.03
3211,2023-12-06,374,5,1,4,177.81,124.98,52.83
3212,2023-12-06,64,3,1,2,188.26,138.68,49.58
3213,2023-12-06,66,5,1,4,178.51,131.3,47.21
3214,2023-12-06,16,5,2,1,45.13,30.43,14.7
3215,2023-12-06,470,6,4,5,230.7,191.45,39.25
3216,2023-12-06,217,1,2,4,1091.26,703.73,387.53
3217,2023-12-06,172,3,3,5,306.84,237.74,69.1
3218,2023-12-06,277,3,5,3,245.62,192.66,52.96
3219,2023-12-06,377,6,4,4,174.34,135.17,39.17
3220,2023-12-06,491,5,3,3,114.82,81.78,33.04
3221,2023-12-06,321,4,3,2,90.54,51.36,39.18
3222,2023-12-06,286,4,1,3,200.73,116.4,84.33
3223,2023-12-06,359,4,1,3,160.79,81.99,78.8
3224,2023-12-06,30,5,2,5,203.81,150.73,53.08
3225,2023-12-06,259,4,1,5,293.01,170.33,122.68
3226,2023-12-07,431,3,3,4,283.55,206.69,76.86
3227,2023-12-07,220,6,5,5,145.39,112.28,33.11
3228,2023-12-07,132,2,2,2,519.65,423.04,96.61
3229,2023-12-07,381,5,2,1,35.94,24.16,11.78
3230,2023-12-07,439,2,4,2,619.65,510.94,108.71
3231,2023-12-07,486,5,3,1,38.83,27.77,11.06
3232,2023-12-07,233,4,1,2,129.43,68.21,61.22
3233,2023-12-07,161,4,4,3,271.85,141.63,130.22
3234,2023-12-07,145,6,2,3,103.05,86.95,16.1
3235,2023-12-07,183,4,1,2,120.48,70.65,49.83
3236,2023-12-07,434,1,5,4,988.9,636.47,352.43
3237,2023-12-07,153,3,4,2,213.46,160.01,53.45
3238,2023-12-07,276,1,4,4,1416.96,939.57,477.39
3239,2023-12-07,179,6,2,5,135.52,106.82,28.7
3240,2023-12-07,273,4,1,2,126.68,69.62,57.06
3241,2023-12-07,270,6,1,5,167.45,140.83,26.62
3242,2023-12-07,48,6,1,2,68.46,57.95,10.51
3243,2023-12-08,55,3,4,1,118.89,86.97,31.92
3244,2023-12-08,71,6,2,5,140.48,110.41,30.07
3245,2023-12-08,250,5,1,5,190.19,140.57,49.62
3246,2023-12-08,30,6,2,2,60.46,47.31,13.15
3247,2023-12-08,179,5,2,2,80.1,57.9,22.2
3248,2023-12-08,94,2,5,2,511.87,449.39,62.48
3249,2023-12-08,490,1,2,3,687.24,462.66,224.58
3250,2023-12-08,28,3,2,5,404.92,290.53,114.39
3251,2023-12-08,112,4,1,3,212.71,116.18,96.53
3252,2023-12-08,465,2,1,5,1428.03,1176.3,251.73
3253,2023-12-08,168,5,5,4,129.22,95.87,33.35
3254,2023-12-08,67,2,5,4,809.42,723.61,85.81
3255,2023-12-08,12,2,4,1,350.03,285.65,64.38
3256,2023-12-09,457,1,4,5,1566.76,970.08,596.68
3257,2023-12-09,233,1,1,4,1072.84,726.79,346.05
3258,2023-12-09,156,5,4,4,245.24,164.55,80.69
3259,2023-12-09,276,2,4,1,308.46,257.91,50.55
3260,2023-12-09,2,4,5,4,200.21,117.9,82.31
3261,2023-12-09,257,6,5,5,132.89,100.29,32.6
3262,2023-12-09,317,2,2,1,247.77,200.88,46.89
3263,2023-12-09,332,3,3,1,69.49,54.35,15.14
3264,2023-12-09,496,1,2,1,277.09,185.53,91.56
3265,2023-12-09,422,5,3,4,123.61,92.23,31.38
3266,2023-12-09,408,2,1,2,546.34,445.71,100.63
3267,2023-12-09,173,4,4,4,282.61,145.56,137.05
3268,2023-12-09,386,2,4,1,300.69,257.2,43.49
3269,2023-12-10,284,2,2,3,804.52,688.38,116.14
3270,2023-12-10,370,3,3,2,137.76,108.75,29.01
3271,2023-12-10,67,3,5,3,232.43,182.92,49.51
3272,2023-12-10,425,5,5,4,132.68,97.18,35.5
3273,2023-12-10,347,2,1,4,1139.86,926.4,213.46
3274,2023-12-10,74,6,3,1,23.99,19.59,4.4
3275,2023-12-10,283,4,1,3,207.47,103.95,103.52
3276,2023-12-10,163,5,1,3,128.51,86.98,41.53
3277,2023-12-10,454,3,1,3,266.68,200.35,66.33
3278,2023-12-10,438,5,3,2,67.12,48.91,18.21
3279,2023-12-10,455,2,1,4,1135.64,1012.1,123.54
3280,2023-12-10,412,3,5,1,87.1,66.21,20.89
3281,2023-12-10,53,1,2,5,1378.17,922.97,455.2
3282,2023-12-10,78,6,1,2,71.89,59.09,12.8
3283,2023-12-10,228,3,4,4,378.02,265.07,112.95
3284,2023-12-10,487,6,2,2,60.49,49.75,10.74
3285,2023-12-10,142,1,4,3,891.89,571.11,320.78
3286,2023-12-10,144,6,1,2,59.48,49.77,9.71
3287,2023-12-10,82,6,1,2,57.27,46.63,10.64
3288,2023-12-10,160,1,1,3,821.54,566.61,254.93
3289,2023-12-10,47,5,4,3,159.46,108.92,50.54
3290,2023-12-10,115,6,2,4,109.51,90.58,18.93
3291,2023-12-10,174,3,5,3,219.64,155.45,64.19
3292,2023-12-10,212,3,3,5,301.44,234.13,67.31
3293,2023-12-10,244,3,3,1,72.14,52.58,19.56
3294,2023-12-11,41,4,2,2,115.31,61.08,54.23
3295,2023-12-11,111,2,4,2,725.04,588.35,136.69
3296,2023-12-11,98,4,4,5,435.89,246.92,188.97
3297,2023-12-11,452,2,1,4,920.27,744.15,176.12
3298,2023-12-11,77,4,2,1,53.99,27.37,26.62
3299,2023-12-11,146,6,3,4,99.06,82.5,16.56
3300,2023-12-11,157,1,3,5,1076.64,727.17,349.47
3301,2023-12-11,467,6,5,4,105.04,82.31,22.73
3302,2023-12-11,309,1,4,3,1047.22,657.57,389.65
3303,2023-12-11,324,3,1,2,156.52,123.15,33.37
3304,2023-12-11,132,3,2,1,72.46,52.48,19.98
3305,2023-12-11,437,5,4,1,56.34,36.81,19.53
3306,2023-12-12,260,1,2,3,783.03,492.0,291.03
3307,2023-12-12,392,3,2,5,347.19,261.57,85.62
3308,2023-12-12,175,1,4,5,1856.53,1270.33,586.2
3309,2023-12-12,51,5,4,2,116.86,83.61,33.25
3310,2023-12-12,478,1,5,5,1027.35,685.74,341.61
3311,2023-12-12,315,4,3,3,163.99,87.96,76.03
3312,2023-12-12,54,3,2,3,226.32,178.67,47.65
3313,2023-12-12,107,6,4,2,76.42,62.01,14.41
3314,2023-12-12,298,4,1,3,215.43,110.45,104.98
3315,2023-12-12,469,1,1,4,930.83,579.08,351.75
3316,2023-12-12,349,6,3,3,78.74,63.39,15.35
3317,2023-12-13,181,1,2,2,547.42,336.04,211.38
3318,2023-12-13,193,4,4,4,334.56,191.1,143.46
3319,2023-12-13,206,5,4,1,48.49,33.41,15.08
3320,2023-12-13,234,6,2,2,61.93,47.23,14.7
3321,2023-12-13,152,6,5,5,128.89,107.3,21.59
3322,2023-12-13,240,5,1,3,110.97,77.24,33.73
3323,2023-12-13,100,5,5,1,41.12,27.77,13.35
3324,2023-12-13,169,5,5,5,197.69,143.86,53.83
3325,2023-12-13,398,2,3,3,633.14,561.99,71.15
3326,2023-12-13,460,4,5,3,183.65,94.81,88.84
3327,2023-12-14,87,2,3,3,618.5,494.93,123.57
3328,2023-12-14,498,5,4,2,121.07,80.16,40.91
3329,2023-12-14,365,1,5,1,246.44,155.54,90.9
3330,2023-12-14,194,3,3,2,153.41,122.01,31.4
3331,2023-12-14,264,6,2,4,115.84,97.58,18.26
3332,2023-12-14,435,5,4,5,291.24,196.37,94.87
3333,2023-12-14,499,1,1,3,852.87,573.17,279.7
3334,2023-12-14,187,5,5,1,34.15,23.94,10.21
3335,2023-12-14,118,3,2,2,176.21,127.39,48.82
3336,2023-12-14,344,1,4,2,762.3,458.97,303.33
3337,2023-12-14,245,5,1,2,80.26,54.5,25.76
3338,2023-12-14,118,4,2,5,328.06,166.31,161.75
3339,2023-12-14,211,6,1,3,83.58,69.2,14.38
3340,2023-12-14,149,2,2,2,482.41,415.06,67.35
3341,2023-12-14,114,5,1,3,119.51,86.13,33.38
3342,2023-12-14,294,5,4,3,171.19,126.57,44.62
3343,2023-12-14,444,1,2,4,998.86,605.9,392.96
3344,2023-12-14,247,1,2,5,1329.2,873.89,455.31
3345,2023-12-14,192,3,2,4,311.77,240.16,71.61
3346,2023-12-14,115,5,2,1,40.82,29.92,10.9
3347,2023-12-15,33,6,4,5,175.2,147.73,27.47
3348,2023-12-15,68,4,4,5,452.39,262.12,190.27
3349,2023-12-15,165,4,4,5,377.53,193.91,183.62
3350,2023-12-15,74,6,3,3,70.36,57.24,13.12
3351,2023-12-15,297,3,5,5,419.98,321.29,98.69
3352,2023-12-15,89,4,1,2,136.29,75.38,60.91
3353,2023-12-15,191,1,3,5,1098.53,695.3,403.23
3354,2023-12-15,90,4,5,5,297.57,153.74,143.83
3355,2023-12-15,36,5,1,3,112.94,80.38,32.56
3356,2023-12-15,338,6,2,3,97.17,82.28,14.89
3357,2023-12-15,338,4,2,2,123.74,65.09,58.65
3358,2023-12-15,349,5,3,2,71.04,50.27,20.77
3359,2023-12-15,203,4,4,1,79.68,45.21,34.47
3360,2023-12-15,392,6,2,4,137.52,108.61,28.91
3361,2023-12-16,68,2,4,3,975.79,790.47,185.32
3362,2023-12-16,113,6,2,1,32.83,26.53,6.3
3363,2023-12-16,145,5,2,4,140.14,98.51,41.63
3364,2023-12-16,45,2,1,4,910.17,750.21,159.96
3365,2023-12-16,309,2,4,2,579.85,487.04,92.81
3366,2023-12-16,39,3,2,2,156.87,114.04,42.83
3367,2023-12-16,73,3,1,2,166.83,121.09,45.74
3368,2023-12-16,307,2,4,1,325.27,285.6,39.67
3369,2023-12-16,344,1,4,1,321.92,193.46,128.46
3370,2023-12-16,112,5,1,3,120.94,90.33,30.61
3371,2023-12-16,56,2,2,1,244.24,208.23,36.01
3372,2023-12-16,232,2,5,5,1348.04,1101.15,246.89
3373,2023-12-16,253,6,2,2,55.23,46.48,8.75
3374,2023-12-16,479,5,2,1,35.03,25.29,9.74
3375,2023-12-16,150,6,1,1,33.45,26.58,6.87
3376,2023-12-17,301,2,3,1,241.49,203.84,37.65
3377,2023-12-17,57,2,1,1,275.23,235.27,39.96
3378,2023-12-17,186,5,3,3,90.87,66.31,24.56
3379,2023-12-17,366,6,3,3,73.57,57.39,16.18
3380,2023-12-17,378,4,1,2,127.23,69.42,57.81
3381,2023-12-17,205,5,4,3,160.59,117.16,43.43
3382,2023-12-17,303,1,4,4,1451.29,946.23,505.06
3383,2023-12-17,299,5,4,3,142.04,96.78,45.26
3384,2023-12-17,234,1,2,1,236.0,150.8,85.2
3385,2023-12-17,197,1,1,4,1100.8,692.62,408.18
3386,2023-12-17,216,4,3,4,234.04,125.74,108.3
3387,2023-12-17,283,3,1,3,225.75,178.8,46.95
3388,2023-12-17,186,2,3,3,571.3,498.55,72.75
3389,2023-12-17,73,1,1,1,255.41,170.54,84.87
3390,2023-12-17,193,4,4,1,71.41,39.61,31.8
3391,2023-12-17,242,2,2,4,909.39,745.77,163.62
3392,2023-12-18,35,4,2,1,51.38,26.11,25.27
3393,2023-12-18,305,1,4,2,655.78,416.63,239.15
3394,2023-12-18,10,1,4,5,1823.26,1121.35,701.91
3395,2023-12-18,46,6,2,2,57.52,48.58,8.94
3396,2023-12-18,183,4,1,1,67.75,35.24,32.51
3397,2023-12-18,158,3,3,3,222.5,155.82,66.68
3398,2023-12-18,32,6,5,5,156.07,120.09,35.98
3399,2023-12-18,352,2,1,1,242.35,204.45,37.9
3400,2023-12-18,362,1,5,5,1233.29,788.18,445.11
3401,2023-12-18,409,2,1,5,1300.93,1166.64,134.29
3402,2023-12-18,339,5,5,1,42.57,28.87,13.7
3403,2023-12-18,491,1,3,3,700.77,457.6,243.17
3404,2023-12-18,234,6,2,3,94.88,77.38,17.5
3405,2023-12-18,113,3,2,4,314.13,230.29,83.84
3406,2023-12-18,293,3,3,5,350.4,258.82,91.58
3407,2023-12-19,71,4,2,2,117.86,64.83,53.03
3408,2023-12-19,348,1,3,2,418.55,255.11,163.44
3409,2023-12-19,223,1,1,3,757.22,523.64,233.58
3410,2023-12-19,79,5,1,5,241.15,176.33,64.82
3411,2023-12-19,18,4,1,2,134.09,72.26,61.83
3412,2023-12-19,16,6,2,2,63.34,50.43,12.91
3413,2023-12-19,412,2,5,2,495.97,433.07,62.9
3414,2023-12-19,463,5,5,1,42.25,30.18,12.07
3415,2023-12-19,380,2,2,4,1114.89,903.04,211.85
3416,2023-12-19,83,4,1,5,311.51,162.6,148.91
3417,2023-12-19,155,4,5,3,148.6,81.35,67.25
3418,2023-12-19,237,5,1,3,122.92,90.48,32.44
3419,2023-12-19,115,2,2,3,843.73,755.87,87.86
3420,2023-12-19,144,3,1,3,265.9,195.91,69.99
3421,2023-12-19,378,4,1,4,260.83,136.18,124.65
3422,2023-12-19,469,3,1,4,353.75,282.35,71.4
3423,2023-12-19,480,2,3,5,1141.25,937.05,204.2
3424,2023-12-19,104,4,4,5,423.44,238.65,184.79
3425,2023-12-19,148,6,2,5,138.88,105.66,33.22
3426,2023-12-20,156,5,4,5,269.76,200.93,68.83
3427,2023-12-20,246,5,2,4,137.49,95.2,42.29
3428,2023-12-20,181,6,2,4,112.2,93.78,18.42
3429,2023-12-20,393,5,4,2,94.33,68.7,25.63
3430,2023-12-20,72,1,4,4,1534.36,997.21,537.15
3431,2023-12-20,246,2,2,2,536.9,440.09,96.81
3432,2023-12-20,388,5,3,2,58.92,39.97,18.95
3433,2023-12-20,133,4,3,1,49.29,25.61,23.68
3434,2023-12-20,250,4,1,1,68.22,35.16,33.06
3435,2023-12-20,42,6,5,2,60.1,50.05,10.05
3436,2023-12-20,295,3,2,3,218.59,157.51,61.08
3437,2023-12-21,195,3,2,3,243.77,178.07,65.7
3438,2023-12-21,9,1,2,1,267.89,163.23,104.66
3439,2023-12-21,339,6,5,1,31.24,25.71,5.53
3440,2023-12-21,233,3,1,3,236.9,182.47,54.43
3441,2023-12-21,236,5,2,4,137.48,92.8,44.68
3442,2023-12-21,158,3,3,3,219.21,169.36,49.85
3443,2023-12-21,459,1,1,2,538.97,354.43,184.54
3444,2023-12-21,347,6,1,1,27.27,21.5,5.77
3445,2023-12-21,489,4,2,2,136.21,79.85,56.36
3446,2023-12-21,178,6,4,5,203.62,166.53,37.09
3447,2023-12-21,274,6,4,1,46.44,38.51,7.93
3448,2023-12-21,270,5,1,2,80.26,52.63,27.63
3449,2023-12-21,107,1,4,1,332.08,225.69,106.39
3450,2023-12-21,446,2,2,3,656.98,583.28,73.7
3451,2023-12-21,84,2,4,2,767.53,631.84,135.69
3452,2023-12-21,387,3,1,1,84.38,65.99,18.39
3453,2023-12-21,367,6,5,3,90.04,70.27,19.77
3454,2023-12-21,400,6,2,5,129.64,101.96,27.68
3455,2023-12-21,438,2,3,4,851.45,695.82,155.63
3456,2023-12-21,430,3,3,4,307.01,215.73,91.28
3457,2023-12-22,453,4,1,3,188.71,102.85,85.86
3458,2023-12-22,61,5,1,3,109.48,79.32,30.16
3459,2023-12-22,279,1,4,1,360.96,239.71,121.25
3460,2023-12-22,40,4,4,5,380.57,212.37,168.2
3461,2023-12-22,163,4,1,5,311.52,182.89,128.63
3462,2023-12-22,333,3,3,4,231.96,179.15,52.81
3463,2023-12-22,11,6,1,5,136.65,114.38,22.27
3464,2023-12-22,323,6,4,5,228.98,173.63,55.35
3465,2023-12-22,321,3,3,3,223.88,169.83,54.05
3466,2023-12-22,113,1,2,1,276.83,187.48,89.35
3467,2023-12-23,467,6,5,3,73.79,57.54,16.25
3468,2023-12-23,452,5,1,2,72.27,47.96,24.31
3469,2023-12-23,10,3,4,5,604.39,464.15,140.24
3470,2023-12-23,223,2,1,4,1027.92,833.7,194.22
3471,2023-12-23,463,2,5,3,611.63,547.89,63.74
3472,2023-12-23,303,1,4,5,1545.15,960.64,584.51
3473,2023-12-23,104,4,4,5,432.44,246.72,185.72
3474,2023-12-23,457,3,4,1,115.86,88.1,27.76
3475,2023-12-23,414,5,4,5,253.11,168.31,84.8
3476,2023-12-23,329,5,3,5,155.16,102.46,52.7
3477,2023-12-23,89,5,1,5,181.65,127.19,54.46
3478,2023-12-23,423,4,5,5,247.98,130.43,117.55
3479,2023-12-23,410,3,2,1,83.21,59.36,23.85
3480,2023-12-23,98,2,4,4,1231.61,990.28,241.33
3481,2023-12-23,226,2,2,2,539.83,464.5,75.33
3482,2023-12-23,137,3,2,1,77.19,61.08,16.11
3483,2023-12-23,76,4,1,1,54.51,28.45,26.06
3484,2023-12-23,497,5,4,5,269.13,182.9,86.23
3485,2023-12-23,371,2,4,4,1335.32,1147.91,187.41
3486,2023-12-24,312,6,1,5,176.0,133.49,42.51
3487,2023-12-24,63,6,2,4,118.15,91.7,26.45
3488,2023-12-24,274,6,4,5,212.67,173.39,39.28
3489,2023-12-24,43,1,3,1,228.71,153.43,75.28
3490,2023-12-24,255,3,5,3,238.19,167.04,71.15
3491,2023-12-24,473,2,4,2,640.71,562.56,78.15
3492,2023-12-24,449,1,3,2,386.5,257.2,129.3
3493,2023-12-24,159,4,1,1,64.26,36.4,27.86
3494,2023-12-24,254,5,3,3,104.61,71.41,33.2
3495,2023-12-24,397,1,3,5,986.52,643.96,342.56
3496,2023-12-24,461,6,4,3,115.2,93.75,21.45
3497,2023-12-24,36,2,1,2,500.75,404.58,96.17
3498,2023-12-24,209,1,2,4,863.29,545.12,318.17
3499,2023-12-24,425,1,5,5,1125.37,717.92,407.45
3500,2023-12-24,152,4,5,3,156.81,87.16,69.65
3501,2023-12-24,116,4,1,5,296.8,166.85,129.95
3502,2023-12-25,271,5,1,1,42.12,28.76,13.36
3503,2023-12-25,341,2,5,2,431.96,368.31,63.65
3504,2023-12-25,182,2,5,4,942.31,815.82,126.49
3505,2023-12-25,281,2,2,2,506.39,442.95,63.44
3506,2023-12-25,86,3,2,4,339.8,254.38,85.42
3507,2023-12-25,97,4,4,1,73.96,41.65,32.31
3508,2023-12-25,46,1,2,1,268.13,172.05,96.08
3509,2023-12-25,319,1,4,2,592.8,389.78,203.02
3510,2023-12-25,146,6,3,2,51.31,42.46,8.85
3511,2023-12-25,122,6,2,4,116.06,88.05,28.01
3512,2023-12-25,121,3,4,5,516.66,395.09,121.57
3513,2023-12-25,291,1,1,4,911.63,561.68,349.95
3514,2023-12-26,145,3,2,5,448.25,349.11,99.14
3515,2023-12-26,313,1,4,5,1888.78,1160.65,728.13
3516,2023-12-26,471,1,4,3,1110.35,749.09,361.26
3517,2023-12-26,207,6,4,4,157.85,128.07,29.78
3518,2023-12-26,465,1,1,5,1210.72,755.11,455.61
3519,2023-12-26,442,4,3,1,58.11,34.33,23.78
3520,2023-12-26,179,2,2,1,213.97,173.76,40.21
3521,2023-12-26,165,3,4,1,117.38,89.95,27.43
3522,2023-12-26,383,6,4,3,111.29,91.24,20.05
3523,2023-12-26,358,2,3,1,193.43,157.89,35.54
3524,2023-12-26,56,5,2,1,43.64,31.07,12.57
3525,2023-12-26,10,1,4,4,1200.11,756.5,443.61
3526,2023-12-26,105,3,3,1,68.22,52.3,15.92
3527,2023-12-26,67,5,5,1,38.14,26.3,11.84
3528,2023-12-27,323,1,4,1,376.66,232.92,143.74
3529,2023-12-27,211,4,1,2,134.14,79.04,55.1
3530,2023-12-27,109,3,4,5,493.95,381.36,112.59
3531,2023-12-27,318,6,3,2,57.39,48.48,8.91
3532,2023-12-27,116,5,1,2,91.61,59.78,31.83
3533,2023-12-27,410,4,2,3,189.66,99.9,89.76
3534,2023-12-27,289,5,1,3,132.99,87.41,45.58
3535,2023-12-27,457,2,4,1,310.57,277.37,33.2
3536,2023-12-27,337,3,4,1,98.96,78.62,20.34
3537,2023-12-27,213,3,2,5,350.3,274.4,75.9
3538,2023-12-27,130,4,5,1,53.9,30.59,23.31
3539,2023-12-27,100,1,5,1,222.38,134.84,87.54
3540,2023-12-27,45,4,1,3,213.02,112.2,100.82
3541,2023-12-27,345,4,2,1,57.11,33.84,23.27
3542,2023-12-27,202,6,3,4,116.7,95.78,20.92
3543,2023-12-27,364,4,3,3,161.08,86.82,74.26
3544,2023-12-27,100,1,5,2,521.87,350.27,171.6
3545,2023-12-27,120,1,2,3,805.81,510.7,295.11
3546,2023-12-27,485,2,4,3,983.43,861.6,121.83
3547,2023-12-27,194,3,3,2,156.38,123.78,32.6
3548,2023-12-27,314,2,3,1,230.02,196.19,33.83
3549,2023-12-27,63,6,2,5,169.94,142.64,27.3
3550,2023-12-27,103,5,4,4,233.28,161.28,72.0
3551,2023-12-28,354,4,2,1,51.9,28.73,23.17
3552,2023-12-28,430,1,3,2,372.46,238.43,134.03
3553,2023-12-28,116,4,1,3,171.29,99.39,71.9
3554,2023-12-28,427,1,4,4,1424.61,858.68,565.93
3555,2023-12-28,20,1,4,3,898.04,597.11,300.93
3556,2023-12-28,237,6,1,1,32.28,25.0,7.28
3557,2023-12-28,129,3,2,5,407.74,321.54,86.2
3558,2023-12-28,352,1,1,5,1206.21,842.9,363.31
3559,2023-12-28,184,1,3,1,216.28,134.97,81.31
3560,2023-12-28,63,3,2,2,154.49,115.27,39.22
3561,2023-12-28,173,1,4,5,1901.94,1243.09,658.85
3562,2023-12-28,356,4,3,4,216.02,120.52,95.5
3563,2023-12-28,320,5,4,5,237.94,173.58,64.36
3564,2023-12-28,199,1,2,1,242.12,150.52,91.6
3565,2023-12-28,35,5,2,3,105.71,74.82,30.89
3566,2023-12-29,142,4,4,5,453.4,231.61,221.79
3567,2023-12-29,278,3,3,5,316.4,248.54,67.86
3568,2023-12-29,175,5,4,1,57.16,37.31,19.85
3569,2023-12-29,390,1,2,2,572.85,350.84,222.01
3570,2023-12-29,231,2,5,2,457.93,402.45,55.48
3571,2023-12-29,331,3,3,4,307.56,229.87,77.69
3572,2023-12-29,47,4,4,5,378.39,212.87,165.52
3573,2023-12-29,410,2,2,1,274.57,245.11,29.46
3574,2023-12-29,186,2,3,2,487.17,413.95,73.22
3575,2023-12-29,459,3,1,3,263.02,201.65,61.37
3576,2023-12-29,20,5,4,1,53.05,37.61,15.44
3577,2023-12-30,316,3,5,1,70.48,49.46,21.02
3578,2023-12-30,295,6,2,4,110.81,93.76,17.05
3579,2023-12-30,454,3,1,3,268.6,208.42,60.18
3580,2023-12-30,475,3,1,5,396.78,310.23,86.55
3581,2023-12-30,94,5,5,5,193.01,131.82,61.19
3582,2023-12-30,401,5,2,3,106.29,77.53,28.76
3583,2023-12-30,350,3,2,5,400.36,309.77,90.59
3584,2023-12-30,136,4,1,2,142.31,78.78,63.53
3585,2023-12-30,203,2,4,5,1821.69,1553.19,268.5
3586,2023-12-30,227,1,5,2,463.7,312.62,151.08
3587,2023-12-30,239,6,2,5,153.0,117.36,35.64
3588,2023-12-30,398,4,3,1,48.02,25.77,22.25
3589,2023-12-30,406,4,2,2,104.31,53.41,50.9
3590,2023-12-30,73,1,1,3,859.49,601.26,258.23
3591,2023-12-30,303,5,4,1,50.93,34.53,16.4
3592,2023-12-30,261,2,4,3,861.56,764.48,97.08
3593,2023-12-30,445,4,3,3,171.63,89.89,81.74
3594,2023-12-30,222,1,4,5,1640.22,1106.2,534.02
3595,2023-12-30,382,2,1,5,1480.92,1239.19,241.73
3596,2023-12-30,385,1,3,5,915.18,637.63,277.55
3597,2023-12-30,51,5,4,4,222.45,165.46,56.99
3598,2023-12-30,375,5,4,4,189.56,127.35,62.21
3599,2023-12-30,249,4,2,5,265.71,156.81,108.9
3600,2023-12-30,121,1,4,5,1864.46,1149.3,715.16
3601,2023-12-31,424,1,1,2,499.17,341.85,157.32
3602,2023-12-31,289,1,1,2,563.99,376.86,187.13
3603,2023-12-31,229,5,2,3,114.39,78.63,35.76
3604,2023-12-31,327,1,2,5,1066.92,723.81,343.11
3605,2023-12-31,422,4,3,2,95.52,51.08,44.44
3606,2023-12-31,174,4,5,4,229.56,130.52,99.04
3607,2023-12-31,62,3,5,4,292.21,209.05,83.16
3608,2023-12-31,361,3,1,4,351.21,272.68,78.53
3609,2023-12-31,67,5,5,5,192.23,139.76,52.47
3610,2023-12-31,443,4,5,4,210.65,111.8,98.85
3611,2023-12-31,84,5,4,1,56.86,38.18,18.68
3612,2023-12-31,475,1,1,5,1157.1,757.71,399.39
3613,2023-12-31,491,6,3,4,87.05,68.76,18.29
3614,2023-12-31,207,6,4,4,138.48,116.7,21.78
3615,2023-12-31,359,4,1,1,53.9,31.49,22.41
3616,2023-12-31,288,3,4,5,600.49,444.42,156.07
3617,2024-01-01,356,2,3,2,441.47,363.65,77.82
3618,2024-01-01,62,6,5,2,62.59,51.86,10.73
3619,2024-01-01,145,5,2,5,202.42,139.39,63.03
3620,2024-01-01,163,6,1,4,111.0,84.63,26.37
3621,2024-01-01,88,6,4,3,116.11,93.23,22.88
3622,2024-01-01,415,3,1,5,369.75,282.62,87.13
3623,2024-01-01,249,6,2,3,92.84,75.58,17.26
3624,2024-01-01,37,5,2,3,109.64,74.99,34.65
3625,2024-01-01,436,3,1,2,189.45,145.56,43.89
3626,2024-01-01,337,2,4,4,1450.75,1191.55,259.2
3627,2024-01-01,309,2,4,5,1641.3,1365.91,275.39
3628,2024-01-01,172,3,3,4,233.19,175.81,57.38
3629,2024-01-01,393,4,4,3,222.77,114.2,108.57
3630,2024-01-01,43,1,3,3,634.12,394.14,239.98
3631,2024-01-01,275,4,3,2,96.99,56.33,40.66
3632,2024-01-01,160,6,1,5,156.4,121.88,34.52
3633,2024-01-02,420,3,5,5,350.3,255.28,95.02
3634,2024-01-02,381,3,2,1,75.56,55.69,19.87
3635,2024-01-02,92,2,2,1,258.22,218.64,39.58
3636,2024-01-02,246,1,2,3,687.76,460.88,226.88
3637,2024-01-02,280,3,4,5,570.47,440.26,130.21
3638,2024-01-02,252,6,5,5,143.64,109.45,34.19
3639,2024-01-02,382,3,1,4,297.45,225.48,71.97
3640,2024-01-02,86,3,2,5,448.6,334.52,114.08
3641,2024-01-02,183,2,1,5,1312.2,1092.93,219.27
3642,2024-01-02,118,6,2,3,85.26,68.43,16.83
3643,2024-01-02,136,4,1,1,67.7,37.59,30.11
3644,2024-01-02,449,3,3,1,67.54,51.83,15.71
3645,2024-01-03,113,5,2,4,150.46,99.06,51.4
3646,2024-01-03,182,5,5,1,41.83,29.39,12.44
3647,2024-01-03,121,1,4,3,1158.25,752.54,405.71
3648,2024-01-03,455,6,1,1,35.23,27.42,7.81
3649,2024-01-03,232,6,5,2,59.51,47.56,11.95
3650,2024-01-03,387,4,1,5,277.61,146.81,130.8
3651,2024-01-03,185,2,1,4,1031.13,907.16,123.97
3652,2024-01-04,91,2,5,4,1075.99,895.91,180.08
3653,2024-01-04,171,2,4,2,774.77,677.7,97.07
3654,2024-01-04,45,6,1,2,53.76,43.48,10.28
3655,2024-01-04,310,5,4,4,209.28,141.43,67.85
3656,2024-01-04,257,5,5,2,74.94,51.4,23.54
3657,2024-01-04,72,2,4,4,1290.62,1096.02,194.6
3658,2024-01-05,389,3,1,4,289.77,205.36,84.41
3659,2024-01-05,216,3,3,5,383.47,302.98,80.49
3660,2024-01-05,181,4,2,4,224.21,134.22,89.99
3661,2024-01-05,270,2,1,4,1118.16,952.31,165.85
3662,2024-01-05,429,6,4,4,142.03,112.14,29.89
3663,2024-01-05,63,1,2,3,686.11,427.57,258.54
3664,2024-01-05,237,2,1,4,898.3,776.67,121.63
3665,2024-01-05,386,2,4,4,1210.28,1065.58,144.7
3666,2024-01-05,430,6,3,1,28.41,21.75,6.66
3667,2024-01-05,145,1,2,4,955.56,630.62,324.94
3668,2024-01-06,329,4,3,3,152.27,78.21,74.06
3669,2024-01-06,167,1,5,1,205.54,131.98,73.56
3670,2024-01-06,75,3,1,2,162.69,119.05,43.64
3671,2024-01-06,395,6,3,2,48.82,41.32,7.5
3672,2024-01-06,20,2,4,2,648.71,530.1,118.61
3673,2024-01-06,93,4,1,5,293.24,165.32,127.92
3674,2024-01-06,466,4,2,2,126.69,74.75,51.94
3675,2024-01-06,473,1,4,4,1512.81,947.9,564.91
3676,2024-01-06,202,1,3,4,977.24,642.09,335.15
3677,2024-01-06,162,6,3,2,51.55,43.33,8.22
3678,2024-01-07,481,5,4,3,165.33,110.74,54.59
3679,2024-01-07,428,1,4,3,1091.36,747.48,343.88
3680,2024-01-07,480,1,3,1,219.32,134.67,84.65
3681,2024-01-07,367,2,5,4,817.99,734.98,83.01
3682,2024-01-07,495,4,2,5,306.96,174.0,132.96
3683,2024-01-07,489,4,2,4,268.88,139.84,129.04
3684,2024-01-07,452,6,1,2,71.76,56.99,14.77
3685,2024-01-07,25,3,5,3,225.17,168.22,56.95
3686,2024-01-07,304,4,4,2,153.37,89.09,64.28
3687,2024-01-07,246,6,2,1,26.36,21.75,4.61
3688,2024-01-07,474,5,4,3,161.47,115.82,45.65
3689,2024-01-07,92,2,2,2,490.42,439.11,51.31
3690,2024-01-07,333,6,3,1,23.57,19.83,3.74
3691,2024-01-07,204,4,4,2,173.96,91.73,82.23
3692,2024-01-08,259,3,1,2,160.72,128.21,32.51
3693,2024-01-08,78,5,1,1,41.14,30.46,10.68
3694,2024-01-08,412,2,5,3,642.71,564.63,78.08
3695,2024-01-08,102,2,4,1,313.79,275.71,38.08
3696,2024-01-08,119,5,4,3,164.69,119.87,44.82
3697,2024-01-08,168,3,5,3,250.52,197.15,53.37
3698,2024-01-08,415,1,1,4,905.0,596.3,308.7
3699,2024-01-08,120,1,2,1,278.51,179.16,99.35
3700,2024-01-08,381,3,2,2,147.04,108.37,38.67
3701,2024-01-09,270,3,1,1,93.75,73.97,19.78
3702,2024-01-09,244,5,3,4,122.0,90.32,31.68
3703,2024-01-09,199,3,2,2,142.91,110.31,32.6
3704,2024-01-09,216,5,3,1,29.91,22.04,7.87
3705,2024-01-09,29,4,4,5,434.23,227.38,206.85
3706,2024-01-09,46,2,2,4,1119.59,975.84,143.75
3707,2024-01-09,218,6,1,3,83.41,69.13,14.28
3708,2024-01-09,226,1,2,4,985.46,631.28,354.18
3709,2024-01-09,200,6,2,3,103.31,78.46,24.85
3710,2024-01-09,242,6,2,1,25.61,20.5,5.11
3711,2024-01-09,410,3,2,1,79.84,59.53,20.31
3712,2024-01-09,5,4,4,4,358.58,213.61,144.97
3713,2024-01-09,399,2,3,5,944.5,781.63,162.87
3714,2024-01-10,394,6,3,4,110.29,86.05,24.24
3715,2024-01-10,113,3,2,4,314.32,247.6,66.72
3716,2024-01-10,289,4,1,1,68.41,40.08,28.33
3717,2024-01-10,285,6,2,2,51.21,40.89,10.32
3718,2024-01-10,278,1,3,4,951.15,643.09,308.06
3719,2024-01-10,227,1,5,4,1058.84,657.33,401.51
3720,2024-01-10,496,3,2,3,206.47,150.58,55.89
3721,2024-01-10,94,5,5,2,76.66,52.35,24.31
3722,2024-01-11,152,3,5,4,277.22,200.1,77.12
3723,2024-01-11,40,2,4,2,594.09,512.98,81.11
3724,2024-01-11,479,4,2,5,302.74,180.22,122.52
3725,2024-01-11,196,1,4,3,869.97,532.29,337.68
3726,2024-01-11,60,3,4,2,219.04,163.06,55.98
3727,2024-01-11,461,4,4,4,298.78,170.74,128.04
3728,2024-01-12,55,6,4,5,223.29,179.78,43.51
3729,2024-01-12,370,4,3,3,167.23,92.18,75.05
3730,2024-01-12,386,4,4,5,397.93,204.66,193.27
3731,2024-01-12,68,4,4,5,384.32,220.47,163.85
3732,2024-01-12,458,6,4,2,84.86,68.34,16.52
3733,2024-01-12,206,2,4,3,979.98,789.24,190.74
3734,2024-01-13,249,1,2,3,651.03,400.77,250.26
3735,2024-01-13,313,2,4,2,697.92,616.16,81.76
3736,2024-01-13,213,3,2,5,422.67,305.9,116.77
3737,2024-01-13,117,1,4,4,1407.37,895.25,512.12
3738,2024-01-13,143,6,4,1,42.44,34.04,8.4
3739,2024-01-13,219,3,5,3,223.55,166.1,57.45
3740,2024-01-13,439,5,4,5,244.8,167.1,77.7
3741,2024-01-13,209,3,2,1,87.7,63.87,23.83
3742,2024-01-13,307,5,4,3,150.0,108.1,41.9
3743,2024-01-13,499,1,1,3,841.75,588.4,253.35
3744,2024-01-13,4,3,1,4,302.93,228.78,74.15
3745,2024-01-13,278,4,3,4,214.86,118.97,95.89
3746,2024-01-14,266,6,2,5,135.51,111.76,23.75
3747,2024-01-14,228,2,4,4,1446.36,1205.66,240.7
3748,2024-01-14,280,6,4,1,40.6,33.48,7.12
3749,2024-01-14,421,4,5,3,182.18,107.96,74.22
3750,2024-01-14,483,3,4,3,363.95,274.94,89.01
3751,2024-01-14,360,3,2,3,214.06,167.76,46.3
3752,2024-01-14,242,3,2,5,348.72,253.12,95.6
3753,2024-01-14,327,2,2,3,750.52,674.34,76.18
3754,2024-01-14,252,1,5,5,1363.73,924.68,439.05
3755,2024-01-14,312,2,1,5,1305.28,1122.06,183.22
3756,2024-01-14,361,5,1,3,120.78,80.07,40.71
3757,2024-01-14,39,3,2,2,143.33,100.66,42.67
3758,2024-01-14,218,6,1,1,29.75,22.41,7.34
3759,2024-01-14,300,1,3,1,217.39,136.13,81.26
3760,2024-01-14,347,3,1,2,165.11,130.49,34.62
3761,2024-01-15,472,1,4,2,687.35,459.6,227.75
3762,2024-01-15,476,3,1,5,438.76,322.48,116.28
3763,2024-01-15,456,1,3,2,405.34,281.11,124.23
3764,2024-01-15,128,4,1,3,197.67,108.96,88.71
3765,2024-01-15,355,4,1,3,204.49,119.84,84.65
3766,2024-01-15,25,6,5,1,26.12,21.59,4.53
3767,2024-01-15,496,5,2,4,163.8,113.64,50.16
3768,2024-01-15,19,6,1,5,176.19,139.32,36.87
3769,2024-01-15,22,2,1,3,832.33,691.28,141.05
3770,2024-01-15,242,1,2,3,734.44,503.45,230.99
3771,2024-01-15,266,1,2,3,650.56,412.8,237.76
3772,2024-01-15,27,1,3,4,754.94,513.39,241.55
3773,2024-01-15,231,5,5,3,118.95,85.63,33.32
3774,2024-01-16,473,4,4,1,90.67,53.81,36.86
3775,2024-01-16,293,5,3,1,37.78,24.64,13.14
3776,2024-01-16,324,1,1,1,277.8,181.73,96.07
3777,2024-01-16,215,5,5,4,163.39,119.32,44.07
3778,2024-01-16,84,6,4,4,140.92,108.81,32.11
3779,2024-01-16,206,1,4,1,345.98,215.52,130.46
3780,2024-01-16,201,2,2,5,1398.18,1156.99,241.19
3781,2024-01-16,488,3,3,2,130.26,94.95,35.31
3782,2024-01-16,299,2,4,5,1899.14,1644.11,255.03
3783,2024-01-16,415,4,1,3,163.74,81.98,81.76
3784,2024-01-16,75,5,1,2,80.26,57.51,22.75
3785,2024-01-16,103,3,4,4,417.81,301.97,115.84
3786,2024-01-16,298,1,1,2,451.2,280.59,170.61
3787,2024-01-16,411,2,3,5,1214.06,1081.8,132.26
3788,2024-01-16,408,3,1,3,233.42,185.36,48.06
3789,2024-01-16,329,6,3,2,55.0,45.07,9.93
3790,2024-01-17,59,4,2,3,183.73,100.58,83.15
3791,2024-01-17,212,3,3,2,146.94,110.88,36.06
3792,2024-01-17,259,4,1,1,72.07,37.33,34.74
3793,2024-01-17,387,4,1,1,62.11,34.65,27.46
3794,2024-01-17,77,1,2,5,1086.07,736.01,350.06
3795,2024-01-17,144,4,1,4,249.53,133.81,115.72
3796,2024-01-17,244,5,3,1,30.45,22.61,7.84
3797,2024-01-17,272,1,1,1,226.13,148.43,77.7
3798,2024-01-17,463,2,5,1,205.48,184.8,20.68
3799,2024-01-17,298,3,1,3,284.92,211.81,73.11
3800,2024-01-17,173,4,4,2,158.39,95.01,63.38
3801,2024-01-17,254,6,3,3,82.61,65.6,17.01
3802,2024-01-17,75,1,1,4,916.11,549.73,366.38
3803,2024-01-18,387,2,1,4,966.73,837.4,129.33
3804,2024-01-18,379,6,5,1,24.36,19.23,5.13
3805,2024-01-18,406,1,2,4,1075.2,712.92,362.28
3806,2024-01-18,411,3,3,2,119.7,90.82,28.88
3807,2024-01-18,49,4,1,5,361.45,212.71,148.74
3808,2024-01-18,306,2,5,3,778.8,662.63,116.17
3809,2024-01-18,107,5,4,2,112.7,76.62,36.08
3810,2024-01-18,372,2,1,2,466.56,382.76,83.8
3811,2024-01-18,454,5,1,4,161.86,110.21,51.65
3812,2024-01-18,387,6,1,3,91.74,77.08,14.66
3813,2024-01-18,395,2,3,5,933.68,812.56,121.12
3814,2024-01-18,304,3,4,4,449.82,333.18,116.64
3815,2024-01-18,194,2,3,1,218.93,176.53,42.4
3816,2024-01-19,42,3,5,5,425.76,319.42,106.34
3817,2024-01-19,109,5,4,3,139.21,99.08,40.13
3818,2024-01-19,230,3,4,4,434.64,318.87,115.77
3819,2024-01-19,53,1,2,5,1182.99,811.57,371.42
3820,2024-01-19,475,6,1,4,127.59,105.79,21.8
3821,2024-01-19,176,3,4,1,101.77,73.71,28.06
3822,2024-01-19,319,2,4,5,1858.08,1659.15,198.93
3823,2024-01-19,449,6,3,2,46.71,36.71,10.0
3824,2024-01-19,417,2,1,4,950.92,821.1,129.82
3825,2024-01-19,369,5,4,2,108.97,73.35,35.62
3826,2024-01-19,360,1,2,3,816.11,566.59,249.52
3827,2024-01-20,404,4,1,3,172.72,102.78,69.94
3828,2024-01-20,243,2,2,3,807.18,667.19,139.99
3829,2024-01-20,240,3,1,3,251.49,187.96,63.53
3830,2024-01-20,420,4,5,4,212.53,110.56,101.97
3831,2024-01-20,104,4,4,3,229.12,132.9,96.22
3832,2024-01-20,111,6,4,3,109.6,82.79,26.81
3833,2024-01-20,269,2,1,2,537.75,449.08,88.67
3834,2024-01-20,279,6,4,3,110.93,92.47,18.46
3835,2024-01-20,79,1,1,3,704.77,442.67,262.1
3836,2024-01-20,239,5,2,1,40.45,27.51,12.94
3837,2024-01-20,4,2,1,1,292.04,255.86,36.18
3838,2024-01-20,197,5,1,4,170.72,123.86,46.86
3839,2024-01-20,12,6,4,5,200.44,157.05,43.39
3840,2024-01-20,22,4,1,3,167.22,85.12,82.1
3841,2024-01-20,442,2,3,4,906.16,757.79,148.37
3842,2024-01-20,417,5,1,1,43.16,31.53,11.63
3843,2024-01-21,16,1,2,4,1008.89,692.83,316.06
3844,2024-01-21,18,3,1,5,405.1,304.81,100.29
3845,2024-01-21,494,2,3,3,576.95,490.38,86.57
3846,2024-01-21,92,3,2,5,414.69,319.08,95.61
3847,2024-01-21,424,5,1,5,232.55,156.42,76.13
3848,2024-01-21,126,4,2,5,326.08,194.08,132.0
3849,2024-01-21,276,1,4,3,1007.87,701.19,306.68
3850,2024-01-21,180,2,1,2,528.73,461.29,67.44
3851,2024-01-21,204,3,4,2,199.06,150.8,48.26
3852,2024-01-21,51,6,4,4,137.74,105.33,32.41
3853,2024-01-22,180,6,1,3,95.19,72.63,22.56
3854,2024-01-22,26,1,1,1,260.39,166.62,93.77
3855,2024-01-22,9,1,2,2,538.18,355.94,182.24
3856,2024-01-22,248,3,4,1,108.62,79.83,28.79
3857,2024-01-22,99,5,5,1,42.41,30.61,11.8
3858,2024-01-22,156,6,4,2,82.58,62.42,20.16
3859,2024-01-23,121,4,4,3,275.99,148.8,127.19
3860,2024-01-23,207,4,4,5,392.59,205.16,187.43
3861,2024-01-23,293,3,3,3,189.52,140.34,49.18
3862,2024-01-23,315,1,3,4,820.87,509.1,311.77
3863,2024-01-23,446,4,2,4,205.11,105.97,99.14
3864,2024-01-23,44,5,4,4,218.63,149.12,69.51
3865,2024-01-23,51,1,4,4,1457.58,962.78,494.8
3866,2024-01-24,395,5,3,5,165.13,116.57,48.56
3867,2024-01-24,258,6,3,5,140.88,105.99,34.89
3868,2024-01-24,424,5,1,5,206.6,154.02,52.58
3869,2024-01-24,170,2,1,4,933.75,837.45,96.3
3870,2024-01-24,43,5,3,2,71.66,47.17,24.49
3871,2024-01-24,82,2,1,5,1218.19,985.5,232.69
3872,2024-01-24,239,1,2,1,268.76,178.76,90.0
3873,2024-01-24,438,5,3,2,61.54,41.09,20.45
3874,2024-01-24,105,4,3,1,51.33,26.05,25.28
3875,2024-01-24,353,5,2,2,91.91,60.65,31.26
3876,2024-01-24,428,2,4,5,1621.47,1336.35,285.12
3877,2024-01-25,401,1,2,4,1141.55,738.22,403.33
3878,2024-01-25,165,5,4,3,164.92,119.05,45.87
3879,2024-01-25,177,3,5,1,72.86,54.65,18.21
3880,2024-01-25,156,2,4,5,1663.44,1431.9,231.54
3881,2024-01-25,78,4,1,5,289.76,168.8,120.96
3882,2024-01-25,495,4,2,1,53.79,27.96,25.83
3883,2024-01-25,194,6,3,4,101.57,76.66,24.91
3884,2024-01-25,417,4,1,2,108.56,56.62,51.94
3885,2024-01-25,133,6,3,2,53.42,41.02,12.4
3886,2024-01-25,150,6,1,3,94.59,78.5,16.09
3887,2024-01-25,19,3,1,1,80.14,62.83,17.31
3888,2024-01-25,123,4,2,5,289.6,166.07,123.53
3889,2024-01-25,43,1,3,2,441.61,265.29,176.32
3890,2024-01-25,142,4,4,1,89.13,46.61,42.52
3891,2024-01-26,281,6,2,2,62.39,51.06,11.33
3892,2024-01-26,329,1,3,5,996.09,648.99,347.1
3893,2024-01-26,423,2,5,1,235.51,210.57,24.94
3894,2024-01-26,197,5,1,5,211.98,144.01,67.97
3895,2024-01-26,443,2,5,2,488.64,421.62,67.02
3896,2024-01-26,348,3,3,1,76.43,58.83,17.6
3897,2024-01-26,291,2,1,3,695.07,558.09,136.98
3898,2024-01-26,234,1,2,4,874.14,604.99,269.15
3899,2024-01-26,367,5,5,3,96.94,70.82,26.12
3900,2024-01-26,285,3,2,5,366.87,278.84,88.03
3901,2024-01-26,114,4,1,1,69.39,39.39,30.0
3902,2024-01-26,21,2,1,1,263.87,225.85,38.02
3903,2024-01-26,321,1,3,5,1084.03,728.57,355.46
3904,2024-01-26,260,2,2,1,278.02,228.42,49.6
3905,2024-01-27,12,1,4,3,1102.79,770.36,332.43
3906,2024-01-27,330,1,2,3,753.25,468.51,284.74
3907,2024-01-27,308,4,5,1,49.16,25.8,23.36
3908,2024-01-27,407,5,5,3,129.62,96.53,33.09
3909,2024-01-27,294,4,4,3,254.64,141.78,112.86
3910,2024-01-27,318,2,3,2,487.11,398.69,88.42
3911,2024-01-27,435,6,4,3,124.07,105.09,18.98
3912,2024-01-27,401,1,2,1,246.56,149.53,97.03
3913,2024-01-27,248,5,4,4,194.96,139.6,55.36
3914,2024-01-27,499,4,1,3,173.88,87.17,86.71
3915,2024-01-27,137,5,2,2,68.0,45.69,22.31
3916,2024-01-27,410,4,2,5,313.54,162.72,150.82
3917,2024-01-27,489,1,2,4,890.69,554.21,336.48
3918,2024-01-28,16,1,2,1,241.43,149.88,91.55
3919,2024-01-28,436,5,1,4,188.4,132.38,56.02
3920,2024-01-28,225,6,1,5,179.74,143.1,36.64
3921,2024-01-28,29,3,4,3,346.15,266.57,79.58
3922,2024-01-28,140,3,3,1,76.73,54.55,22.18
3923,2024-01-29,111,4,4,3,233.88,120.66,113.22
3924,2024-01-29,122,4,2,5,257.46,140.56,116.9
3925,2024-01-29,185,3,1,4,319.64,233.33,86.31
3926,2024-01-29,232,4,5,4,206.4,104.08,102.32
3927,2024-01-29,116,5,1,1,36.54,26.89,9.65
3928,2024-01-29,203,6,4,4,174.03,135.41,38.62
3929,2024-01-29,241,1,2,5,1224.52,759.36,465.16
3930,2024-01-29,84,2,4,1,386.66,314.76,71.9
3931,2024-01-29,222,4,4,4,361.28,188.56,172.72
3932,2024-01-29,43,6,3,3,74.85,61.23,13.62
3933,2024-01-29,365,3,5,5,404.46,318.42,86.04
3934,2024-01-29,454,2,1,4,1091.23,890.99,200.24
3935,2024-01-29,190,1,5,2,527.96,322.2,205.76
3936,2024-01-30,303,3,4,4,487.26,365.73,121.53
3937,2024-01-30,328,4,1,1,62.73,34.4,28.33
3938,2024-01-30,26,2,1,4,1135.2,937.67,197.53
3939,2024-01-30,419,4,4,3,212.33,109.66,102.67
3940,2024-01-30,17,6,4,3,130.38,107.25,23.13
3941,2024-01-30,499,1,1,5,1261.54,769.68,491.86
3942,2024-01-30,457,5,4,3,148.58,103.89,44.69
3943,2024-01-30,187,4,5,5,281.82,151.32,130.5
3944,2024-01-30,454,3,1,4,383.52,299.84,83.68
3945,2024-01-30,103,4,4,2,169.56,87.61,81.95
3946,2024-01-31,173,4,4,2,141.92,80.99,60.93
3947,2024-01-31,97,4,4,4,282.22,153.96,128.26
3948,2024-01-31,18,2,1,1,267.65,231.46,36.19
3949,2024-01-31,239,3,2,2,158.53,123.8,34.73
3950,2024-01-31,97,5,4,2,108.38,73.39,34.99
3951,2024-01-31,147,3,3,2,155.49,116.73,38.76
3952,2024-01-31,369,1,4,3,908.04,611.13,296.91
3953,2024-01-31,195,2,2,3,689.76,559.79,129.97
3954,2024-01-31,117,6,4,2,69.97,56.04,13.93
3955,2024-01-31,139,1,5,5,1234.19,774.33,459.86
3956,2024-01-31,450,3,1,3,217.39,172.8,44.59
3957,2024-02-01,18,5,1,3,114.78,83.65,31.13
3958,2024-02-01,454,4,1,4,234.73,125.15,109.58
3959,2024-02-01,165,5,4,5,277.2,197.33,79.87
3960,2024-02-01,288,2,4,3,924.23,812.54,111.69
3961,2024-02-01,131,5,3,5,160.44,116.85,43.59
3962,2024-02-01,93,1,1,1,241.31,162.87,78.44
3963,2024-02-01,309,5,4,2,112.61,77.02,35.59
3964,2024-02-01,450,2,1,5,1151.41,1011.18,140.23
3965,2024-02-01,61,1,1,4,1205.7,746.74,458.96
3966,2024-02-02,62,3,5,3,251.82,188.62,63.2
3967,2024-02-02,428,2,4,3,955.28,815.57,139.71
3968,2024-02-02,338,5,2,2,77.38,55.36,22.02
3969,2024-02-02,60,6,4,2,73.66,59.63,14.03
3970,2024-02-02,118,6,2,3,79.0,64.96,14.04
3971,2024-02-02,52,2,1,4,956.0,820.53,135.47
3972,2024-02-03,281,1,2,5,1158.73,809.24,349.49
3973,2024-02-03,185,3,1,3,266.01,194.17,71.84
3974,2024-02-03,333,6,3,5,110.53,90.58,19.95
3975,2024-02-03,126,6,2,4,122.31,95.58,26.73
3976,2024-02-03,171,4,4,4,291.92,161.58,130.34
3977,2024-02-03,390,5,2,4,141.49,101.07,40.42
3978,2024-02-04,358,4,3,5,292.08,158.3,133.78
3979,2024-02-04,407,3,5,4,321.62,254.21,67.41
3980,2024-02-04,72,2,4,5,1440.45,1199.64,240.81
3981,2024-02-04,42,5,5,5,181.07,131.32,49.75
3982,2024-02-04,451,6,4,4,156.92,130.56,26.36
3983,2024-02-04,344,1,4,2,731.97,493.49,238.48
3984,2024-02-04,483,4,4,4,341.48,186.1,155.38
3985,2024-02-05,294,1,4,5,1807.64,1126.82,680.82
3986,2024-02-05,430,5,3,5,186.38,125.19,61.19
3987,2024-02-05,137,5,2,3,106.88,72.13,34.75
3988,2024-02-05,10,4,4,1,76.39,44.23,32.16
3989,2024-02-05,58,5,1,5,202.94,132.17,70.77
3990,2024-02-05,72,2,4,5,1720.72,1449.36,271.36
3991,2024-02-05,96,6,3,1,23.1,19.31,3.79
3992,2024-02-05,360,1,2,3,820.13,496.72,323.41
3993,2024-02-05,498,6,4,4,179.75,148.16,31.59
3994,2024-02-05,175,5,4,5,268.89,180.83,88.06
3995,2024-02-05,180,6,1,1,29.28,24.55,4.73
3996,2024-02-06,415,6,1,1,28.51,23.48,5.03
3997,2024-02-06,457,6,4,2,82.91,67.64,15.27
3998,2024-02-06,289,2,1,2,579.85,501.6,78.25
3999,2024-02-06,450,5,1,5,207.61,155.35,52.26
4000,2024-02-06,39,6,2,5,156.91,122.55,34.36
4001,2024-02-06,380,3,2,4,345.2,258.49,86.71
4002,2024-02-06,372,1,1,5,1504.43,1021.51,482.92
4003,2024-02-06,206,5,4,2,95.73,62.55,33.18
4004,2024-02-06,18,4,1,3,181.38,96.92,84.46
4005,2024-02-06,310,4,4,2,140.63,72.33,68.3
4006,2024-02-06,258,3,3,2,143.93,104.13,39.8
4007,2024-02-07,458,4,4,4,316.59,165.15,151.44
4008,2024-02-07,412,1,5,1,271.85,188.99,82.86
4009,2024-02-07,50,3,5,2,173.31,122.48,50.83
4010,2024-02-07,132,3,2,1,82.52,64.57,17.95
4011,2024-02-07,28,2,2,4,1145.73,975.78,169.95
4012,2024-02-07,433,1,1,5,1436.58,962.98,473.6
4013,2024-02-07,123,2,2,3,806.89,712.89,94.0
4014,2024-02-07,439,3,4,3,356.76,257.68,99.08
4015,2024-02-07,77,2,2,5,1166.08,964.96,201.12
4016,2024-02-08,346,6,2,3,96.77,77.36,19.41
4017,2024-02-08,83,4,1,2,140.99,83.2,57.79
4018,2024-02-08,61,1,1,2,458.03,305.29,152.74
4019,2024-02-09,461,4,4,4,369.74,190.51,179.23
4020,2024-02-09,284,3,2,3,206.78,152.13,54.65
4021,2024-02-09,107,6,4,1,46.52,38.64,7.88
4022,2024-02-09,26,3,1,5,371.08,295.67,75.41
4023,2024-02-09,423,4,5,2,103.75,55.68,48.07
4024,2024-02-10,403,6,4,5,225.77,176.01,49.76
4025,2024-02-10,299,1,4,1,354.26,245.58,108.68
4026,2024-02-10,495,5,2,5,226.47,154.01,72.46
4027,2024-02-10,334,2,2,5,1122.83,925.73,197.1
4028,2024-02-10,328,6,1,5,170.35,138.95,31.4
4029,2024-02-10,107,1,4,4,1288.08,847.07,441.01
4030,2024-02-10,110,4,4,1,75.62,45.06,30.56
4031,2024-02-10,15,1,2,5,1094.32,673.3,421.02
4032,2024-02-11,353,6,2,1,25.82,20.03,5.79
4033,2024-02-11,312,5,1,2,78.23,55.25,22.98
4034,2024-02-11,312,5,1,3,135.77,89.7,46.07
4035,2024-02-11,115,5,2,1,41.71,30.31,11.4
4036,2024-02-11,474,1,4,5,1924.88,1211.66,713.22
4037,2024-02-11,200,3,2,4,356.83,267.81,89.02
4038,2024-02-11,5,5,4,5,299.34,204.96,94.38
4039,2024-02-11,160,2,1,4,1171.45,1027.81,143.64
4040,2024-02-11,418,5,1,4,144.08,101.67,42.41
4041,2024-02-11,330,4,2,3,190.91,102.13,88.78
4042,2024-02-11,79,1,1,1,232.86,156.84,76.02
4043,2024-02-11,469,4,1,5,277.09,146.23,130.86
4044,2024-02-11,498,2,4,2,614.94,492.05,122.89
4045,2024-02-11,265,3,4,2,232.21,172.46,59.75
4046,2024-02-12,255,5,5,3,129.7,86.87,42.83
4047,2024-02-12,114,5,1,3,128.24,85.33,42.91
4048,2024-02-12,274,6,4,1,42.16,31.73,10.43
4049,2024-02-12,78,6,1,3,107.9,87.46,20.44
4050,2024-02-12,70,3,4,1,108.66,83.62,25.04
4051,2024-02-12,95,1,3,5,997.28,610.59,386.69
4052,2024-02-13,303,6,4,1,41.14,30.86,10.28
4053,2024-02-13,323,5,4,2,98.66,67.67,30.99
4054,2024-02-13,258,4,3,5,270.94,161.85,109.09
4055,2024-02-13,401,2,2,1,273.53,234.35,39.18
4056,2024-02-13,315,2,3,4,873.11,769.03,104.08
4057,2024-02-13,108,1,4,4,1522.29,1019.58,502.71
4058,2024-02-13,7,1,2,2,543.17,371.89,171.28
4059,2024-02-13,322,4,4,5,361.37,194.9,166.47
4060,2024-02-13,399,2,3,4,814.26,682.53,131.73
4061,2024-02-14,333,2,3,5,1113.47,944.71,168.76
4062,2024-02-14,150,3,1,3,242.6,176.39,66.21
4063,2024-02-14,228,4,4,3,221.41,115.44,105.97
4064,2024-02-14,27,6,3,2,52.09,43.68,8.41
4065,2024-02-14,70,2,4,1,380.08,314.09,65.99
4066,2024-02-15,454,5,1,1,40.95,29.18,11.77
4067,2024-02-15,364,4,3,4,208.2,111.67,96.53
4068,2024-02-15,131,1,3,2,461.38,281.9,179.48
4069,2024-02-15,142,5,4,5,253.03,175.18,77.85
4070,2024-02-15,249,2,2,5,1226.6,1091.92,134.68
4071,2024-02-15,29,4,4,2,178.75,90.65,88.1
4072,2024-02-15,333,3,3,1,62.39,47.54,14.85
4073,2024-02-16,165,4,4,1,85.98,49.62,36.36
4074,2024-02-16,483,2,4,4,1282.26,1096.26,186.0
4075,2024-02-16,112,5,1,2,96.05,70.7,25.35
4076,2024-02-16,331,2,3,3,672.56,549.14,123.42
4077,2024-02-16,165,4,4,3,256.41,152.35,104.06
4078,2024-02-16,45,1,1,4,913.33,583.45,329.88
4079,2024-02-16,484,2,5,5,1067.17,894.1,173.07
4080,2024-02-17,358,3,3,1,77.63,57.99,19.64
4081,2024-02-17,400,4,2,5,268.36,140.79,127.57
4082,2024-02-17,339,5,5,4,153.56,105.86,47.7
4083,2024-02-17,37,1,2,5,1163.64,741.12,422.52
4084,2024-02-17,345,3,2,1,71.87,51.92,19.95
4085,2024-02-18,491,1,3,2,409.79,246.97,162.82
4086,2024-02-18,385,6,3,1,27.77,22.97,4.8
4087,2024-02-18,399,5,3,2,59.05,39.48,19.57
4088,2024-02-18,270,1,1,2,522.33,361.7,160.63
4089,2024-02-18,378,5,1,1,42.3,28.33,13.97
4090,2024-02-18,143,1,4,3,961.69,591.86,369.83
4091,2024-02-18,132,5,2,4,137.02,98.0,39.02
4092,2024-02-18,428,3,4,4,479.47,363.26,116.21
4093,2024-02-18,105,3,3,3,186.29,143.05,43.24
4094,2024-02-18,18,6,1,2,66.91,52.01,14.9
4095,2024-02-18,398,2,3,3,723.36,630.08,93.28
4096,2024-02-19,367,2,5,5,1079.09,907.7,171.39
4097,2024-02-19,407,3,5,2,165.04,124.82,40.22
4098,2024-02-19,66,5,1,3,127.54,88.09,39.45
4099,2024-02-19,354,1,2,2,529.36,349.22,180.14
4100,2024-02-19,360,2,2,5,1246.22,998.66,247.56
4101,2024-02-19,253,2,2,5,1241.63,1081.81,159.82
4102,2024-02-19,183,2,1,5,1233.05,1032.63,200.42
4103,2024-02-19,444,3,2,1,91.25,67.95,23.3
4104,2024-02-19,162,1,3,5,1192.66,786.92,405.74
4105,2024-02-19,491,3,3,2,132.45,102.98,29.47
4106,2024-02-19,197,2,1,4,1180.08,1004.48,175.6
4107,2024-02-19,264,3,2,5,353.64,258.65,94.99
4108,2024-02-20,348,3,3,5,304.24,226.35,77.89
4109,2024-02-20,465,3,1,5,479.06,336.5,142.56
4110,2024-02-20,334,5,2,5,173.46,122.87,50.59
4111,2024-02-20,204,1,4,5,1708.26,1170.87,537.39
4112,2024-02-20,12,3,4,2,222.77,159.78,62.99
4113,2024-02-20,93,5,1,3,138.16,91.77,46.39
4114,2024-02-20,61,4,1,3,208.48,106.37,102.11
4115,2024-02-20,135,3,4,3,364.61,269.78,94.83
4116,2024-02-20,96,4,3,2,112.23,64.68,47.55
4117,2024-02-20,223,5,1,3,138.65,100.33,38.32
4118,2024-02-20,396,5,4,2,116.91,83.37,33.54
4119,2024-02-21,331,6,3,2,45.44,34.19,11.25
4120,2024-02-21,235,5,1,3,138.74,90.57,48.17
4121,2024-02-21,284,6,2,3,96.28,74.6,21.68
4122,2024-02-21,220,2,5,3,809.34,668.29,141.05
4123,2024-02-21,36,4,1,3,178.81,102.77,76.04
4124,2024-02-21,244,4,3,5,284.5,142.6,141.9
4125,2024-02-21,15,3,2,1,79.94,60.03,19.91
4126,2024-02-21,40,3,4,2,205.33,145.36,59.97
4127,2024-02-22,365,4,5,2,106.73,56.85,49.88
4128,2024-02-22,431,6,3,1,28.52,23.73,4.79
4129,2024-02-22,54,5,2,4,167.8,111.6,56.2
4130,2024-02-22,42,6,5,4,106.99,88.56,18.43
4131,2024-02-22,319,2,4,5,1439.85,1295.02,144.83
4132,2024-02-23,392,5,2,4,169.19,117.7,51.49
4133,2024-02-23,215,5,5,2,66.02,46.0,20.02
4134,2024-02-23,93,4,1,5,291.42,146.04,145.38
4135,2024-02-23,194,1,3,5,932.08,588.0,344.08
4136,2024-02-23,482,1,3,5,1201.87,822.45,379.42
4137,2024-02-23,419,5,4,5,248.03,182.18,65.85
4138,2024-02-23,444,6,2,2,54.77,45.92,8.85
4139,2024-02-23,296,4,4,4,284.19,151.7,132.49
4140,2024-02-23,21,5,1,2,91.6,60.88,30.72
4141,2024-02-23,203,2,4,1,377.69,326.22,51.47
4142,2024-02-23,396,1,4,1,289.79,192.63,97.16
4143,2024-02-23,206,2,4,1,312.31,272.11,40.2
4144,2024-02-24,390,6,2,4,117.07,89.93,27.14
4145,2024-02-24,258,4,3,2,104.66,57.07,47.59
4146,2024-02-24,498,1,4,5,1612.16,1030.35,581.81
4147,2024-02-24,485,1,4,4,1337.74,920.2,417.54
4148,2024-02-24,259,4,1,3,168.81,94.71,74.1
4149,2024-02-24,372,5,1,1,42.33,31.73,10.6
4150,2024-02-24,142,4,4,2,178.01,100.84,77.17
4151,2024-02-24,9,5,2,2,68.83,47.0,21.83
4152,2024-02-24,39,3,2,5,343.62,263.66,79.96
4153,2024-02-24,375,4,4,5,441.4,227.89,213.51
4154,2024-02-24,452,4,1,2,139.81,80.85,58.96
4155,2024-02-24,318,3,3,5,371.88,276.79,95.09
4156,2024-02-25,143,4,4,4,352.81,210.96,141.85
4157,2024-02-25,163,5,1,4,189.21,141.54,47.67
4158,2024-02-25,285,5,2,2,88.34,57.73,30.61
4159,2024-02-25,365,5,5,5,180.23,133.92,46.31
4160,2024-02-25,342,4,4,2,143.13,77.44,65.69
4161,2024-02-25,330,5,2,3,116.26,80.52,35.74
4162,2024-02-25,186,6,3,1,23.24,18.3,4.94
4163,2024-02-25,123,3,2,1,74.49,53.52,20.97
4164,2024-02-25,363,3,1,5,383.02,283.33,99.69
4165,2024-02-26,359,6,1,3,84.84,69.44,15.4
4166,2024-02-26,269,4,1,3,165.52,96.81,68.71
4167,2024-02-26,243,5,2,5,188.31,132.12,56.19
4168,2024-02-26,459,5,1,2,78.14,56.47,21.67
4169,2024-02-27,337,4,4,1,85.0,48.86,36.14
4170,2024-02-27,20,1,4,4,1353.98,887.63,466.35
4171,2024-02-27,309,3,4,1,122.17,95.62,26.55
4172,2024-02-27,22,3,1,5,407.59,294.24,113.35
4173,2024-02-27,372,1,1,1,293.22,205.25,87.97
4174,2024-02-27,462,4,2,4,247.55,125.45,122.1
4175,2024-02-27,497,3,4,3,312.02,226.72,85.3
4176,2024-02-28,390,4,2,2,108.08,56.16,51.92
4177,2024-02-28,415,1,1,4,915.31,570.96,344.35
4178,2024-02-28,380,1,2,5,1139.92,777.27,362.65
4179,2024-02-28,147,5,3,2,70.01,48.97,21.04
4180,2024-02-28,456,1,3,2,393.62,237.41,156.21
4181,2024-02-28,12,6,4,4,178.37,134.89,43.48
4182,2024-02-28,248,4,4,1,84.65,42.57,42.08
4183,2024-02-28,493,5,1,5,238.61,170.98,67.63
4184,2024-02-28,181,1,2,2,449.84,305.2,144.64
4185,2024-02-29,138,4,3,5,261.6,137.04,124.56
4186,2024-02-29,371,5,4,2,114.42,74.39,40.03
4187,2024-02-29,279,1,4,1,378.12,250.14,127.98
4188,2024-02-29,124,5,3,2,70.58,51.79,18.79
4189,2024-02-29,332,4,3,3,171.42,87.11,84.31
4190,2024-02-29,35,2,2,4,965.51,786.02,179.49
4191,2024-03-01,158,1,3,5,1087.49,701.05,386.44
4192,2024-03-01,212,3,3,1,58.4,42.78,15.62
4193,2024-03-01,332,4,3,3,137.08,74.96,62.12
4194,2024-03-01,301,3,3,5,358.8,253.59,105.21
4195,2024-03-01,303,2,4,3,912.83,791.51,121.32
4196,2024-03-02,160,1,1,5,1152.96,729.98,422.98
4197,2024-03-02,215,4,5,2,111.25,56.07,55.18
4198,2024-03-02,210,6,3,2,54.0,41.79,12.21
4199,2024-03-02,391,2,3,3,634.39,567.47,66.92
4200,2024-03-02,360,6,2,3,96.46,73.07,23.39
4201,2024-03-02,29,2,4,4,1239.96,999.04,240.92
4202,2024-03-02,75,5,1,3,108.12,76.91,31.21
4203,2024-03-02,433,2,1,2,586.15,505.29,80.86
4204,2024-03-02,272,4,1,2,123.18,65.3,57.88
4205,2024-03-02,340,1,3,2,402.89,263.21,139.68
4206,2024-03-02,81,2,5,5,1299.52,1065.64,233.88
4207,2024-03-02,468,5,4,2,116.95,86.67,30.28
4208,2024-03-03,398,2,3,4,751.03,628.14,122.89
4209,2024-03-03,448,4,3,4,208.96,117.12,91.84
4210,2024-03-03,128,5,1,3,116.74,83.79,32.95
4211,2024-03-03,451,3,4,2,213.06,155.42,57.64
4212,2024-03-03,218,4,1,5,312.33,172.21,140.12
4213,2024-03-03,170,2,1,2,495.57,441.19,54.38
4214,2024-03-03,42,4,5,2,109.44,58.59,50.85
4215,2024-03-03,423,4,5,1,49.11,26.5,22.61
4216,2024-03-03,73,1,1,3,722.6,500.0,222.6
4217,2024-03-03,36,1,1,5,1422.02,855.54,566.48
4218,2024-03-03,318,4,3,1,45.71,26.89,18.82
4219,2024-03-03,246,2,2,5,1169.24,937.49,231.75
4220,2024-03-04,289,4,1,4,248.8,140.11,108.69
4221,2024-03-04,177,4,5,5,288.15,151.31,136.84
4222,2024-03-04,132,2,2,3,717.17,588.2,128.97
4223,2024-03-04,500,3,5,2,163.04,120.79,42.25
4224,2024-03-04,455,4,1,4,280.99,158.75,122.24
4225,2024-03-04,477,6,4,1,40.4,33.36,7.04
4226,2024-03-04,344,3,4,3,364.97,270.74,94.23
4227,2024-03-04,433,6,1,3,97.97,74.17,23.8
4228,2024-03-04,42,4,5,5,251.54,126.1,125.44
4229,2024-03-04,330,5,2,2,89.63,59.28,30.35
4230,2024-03-04,367,5,5,3,106.33,74.29,32.04
4231,2024-03-04,73,4,1,4,278.71,158.39,120.32
4232,2024-03-04,298,5,1,2,77.71,56.83,20.88
4233,2024-03-05,240,6,1,4,114.28,92.6,21.68
4234,2024-03-05,272,1,1,5,1184.87,821.06,363.81
4235,2024-03-05,79,1,1,2,543.99,344.71,199.28
4236,2024-03-05,425,3,5,4,288.76,209.72,79.04
4237,2024-03-05,44,4,4,3,207.75,119.39,88.36
4238,2024-03-05,259,3,1,1,93.61,73.4,20.21
4239,2024-03-05,383,1,4,1,303.78,191.54,112.24
4240,2024-03-05,235,5,1,2,88.76,59.02,29.74
4241,2024-03-05,278,3,3,4,302.99,237.94,65.05
4242,2024-03-05,104,5,4,1,57.49,40.76,16.73
4243,2024-03-06,402,6,5,3,91.84,76.18,15.66
4244,2024-03-06,86,3,2,1,90.27,66.4,23.87
4245,2024-03-06,95,1,3,1,199.03,134.94,64.09
4246,2024-03-06,272,1,1,3,808.2,561.21,246.99
4247,2024-03-06,361,2,1,5,1369.44,1117.16,252.28
4248,2024-03-06,262,4,3,3,157.19,81.98,75.21
4249,2024-03-06,76,2,1,5,1119.17,933.43,185.74
4250,2024-03-06,125,5,4,4,210.92,152.79,58.13
4251,2024-03-06,211,2,1,4,906.31,753.2,153.11
4252,2024-03-06,132,5,2,4,173.05,127.83,45.22
4253,2024-03-06,37,4,2,2,108.8,63.86,44.94
4254,2024-03-07,396,4,4,1,80.78,47.14,33.64
4255,2024-03-07,29,6,4,2,92.68,75.31,17.37
4256,2024-03-07,484,6,5,2,55.43,45.64,9.79
4257,2024-03-07,423,2,5,5,1010.09,898.44,111.65
4258,2024-03-07,138,1,3,5,968.01,659.37,308.64
4259,2024-03-07,352,5,1,2,83.92,59.8,24.12
4260,2024-03-07,472,6,4,2,74.48,62.83,11.65
4261,2024-03-07,351,2,5,3,758.25,675.63,82.62
4262,2024-03-07,106,6,1,4,114.68,92.01,22.67
4263,2024-03-07,57,4,1,3,202.31,115.74,86.57
4264,2024-03-07,120,5,2,3,119.55,77.85,41.7
4265,2024-03-07,416,1,4,4,1545.79,1075.72,470.07
4266,2024-03-07,484,6,5,5,128.82,108.95,19.87
4267,2024-03-07,59,5,2,1,40.47,28.08,12.39
4268,2024-03-08,32,2,5,1,216.41,191.61,24.8
4269,2024-03-08,294,4,4,4,286.42,161.48,124.94
4270,2024-03-08,470,3,4,1,106.73,77.21,29.52
4271,2024-03-08,33,4,4,4,287.21,170.89,116.32
4272,2024-03-08,107,4,4,2,179.69,94.4,85.29
4273,2024-03-08,251,3,1,3,251.03,200.44,50.59
4274,2024-03-08,65,2,1,1,285.19,247.91,37.28
4275,2024-03-08,8,5,2,2,78.56,57.78,20.78
4276,2024-03-08,7,2,2,1,263.26,211.82,51.44
4277,2024-03-08,151,5,1,3,128.17,86.77,41.4
4278,2024-03-08,256,4,1,4,215.92,126.12,89.8
4279,2024-03-08,388,2,3,1,198.52,166.86,31.66
4280,2024-03-09,402,5,5,4,154.01,107.19,46.82
4281,2024-03-09,309,4,4,2,151.93,86.61,65.32
4282,2024-03-09,258,4,3,1,58.43,34.13,24.3
4283,2024-03-09,387,3,1,2,181.76,133.58,48.18
4284,2024-03-09,415,4,1,3,185.3,96.79,88.51
4285,2024-03-09,194,5,3,2,69.47,47.67,21.8
4286,2024-03-09,156,2,4,3,911.09,813.31,97.78
4287,2024-03-10,185,6,1,3,90.42,75.34,15.08
4288,2024-03-10,223,5,1,2,71.58,53.09,18.49
4289,2024-03-10,472,4,4,1,70.51,36.47,34.04
4290,2024-03-10,322,6,4,5,231.94,180.54,51.4
4291,2024-03-10,3,5,1,3,108.64,80.36,28.28
4292,2024-03-10,303,5,4,2,113.58,80.43,33.15
4293,2024-03-11,487,5,2,1,34.01,22.73,11.28
4294,2024-03-11,113,2,2,4,1003.17,815.66,187.51
4295,2024-03-11,299,1,4,1,314.87,204.24,110.63
4296,2024-03-11,162,5,3,4,156.02,106.15,49.87
4297,2024-03-11,299,2,4,2,600.67,494.7,105.97
4298,2024-03-11,170,4,1,1,59.66,32.46,27.2
4299,2024-03-11,48,2,1,4,1029.5,911.98,117.52
4300,2024-03-12,341,1,5,5,1209.61,814.23,395.38
4301,2024-03-12,396,2,4,2,677.12,578.27,98.85
4302,2024-03-12,247,3,2,2,162.96,114.45,48.51
4303,2024-03-12,175,5,4,5,309.2,212.56,96.64
4304,2024-03-12,157,2,3,3,681.72,547.69,134.03
4305,2024-03-12,154,6,2,2,64.21,48.17,16.04
4306,2024-03-12,481,1,4,3,1037.31,713.43,323.88
4307,2024-03-12,455,1,1,1,276.08,173.28,102.8
4308,2024-03-12,134,5,3,2,60.38,44.66,15.72
4309,2024-03-12,12,4,4,3,245.32,145.38,99.94
4310,2024-03-12,84,1,4,5,1881.5,1281.72,599.78
4311,2024-03-12,13,5,3,5,173.61,121.12,52.49
4312,2024-03-12,477,5,4,1,54.58,36.73,17.85
4313,2024-03-12,269,4,1,2,114.73,57.46,57.27
4314,2024-03-12,339,6,5,1,32.46,25.23,7.23
4315,2024-03-12,254,2,3,1,243.68,198.66,45.02
4316,2024-03-12,248,1,4,3,1089.02,695.74,393.28
4317,2024-03-13,432,2,4,5,1509.1,1317.8,191.3
4318,2024-03-13,244,4,3,3,135.0,78.71,56.29
4319,2024-03-13,87,3,3,3,184.78,138.53,46.25
4320,2024-03-13,171,1,4,3,1042.67,660.33,382.34
4321,2024-03-13,441,6,1,4,137.85,115.31,22.54
4322,2024-03-13,348,2,3,1,233.66,208.51,25.15
4323,2024-03-13,114,6,1,1,33.31,25.23,8.08
4324,2024-03-13,26,6,1,1,27.61,21.5,6.11
4325,2024-03-13,459,1,1,2,587.5,379.84,207.66
4326,2024-03-13,282,4,1,2,122.03,69.55,52.48
4327,2024-03-13,446,5,2,1,45.59,32.16,13.43
4328,2024-03-13,307,5,4,3,153.92,101.42,52.5
4329,2024-03-14,443,2,5,5,1244.77,996.64,248.13
4330,2024-03-14,104,3,4,4,469.96,354.95,115.01
4331,2024-03-14,279,2,4,2,642.43,517.03,125.4
4332,2024-03-14,116,5,1,3,125.72,86.22,39.5
4333,2024-03-14,177,6,5,3,77.47,59.7,17.77
4334,2024-03-14,196,3,4,3,300.58,226.1,74.48
4335,2024-03-14,100,3,5,5,431.31,343.46,87.85
4336,2024-03-14,300,3,3,2,132.48,95.72,36.76
4337,2024-03-15,261,2,4,2,726.89,581.72,145.17
4338,2024-03-15,348,4,3,2,100.73,55.57,45.16
4339,2024-03-15,127,3,5,3,213.45,160.02,53.43
4340,2024-03-15,435,2,4,1,336.21,295.0,41.21
4341,2024-03-15,348,5,3,2,60.52,40.73,19.79
4342,2024-03-15,318,3,3,3,173.73,137.03,36.7
4343,2024-03-15,282,6,1,1,30.09,25.0,5.09
4344,2024-03-15,443,1,5,2,453.88,293.29,160.59
4345,2024-03-15,135,5,4,2,113.95,78.91,35.04
4346,2024-03-15,194,1,3,5,1093.78,722.8,370.98
4347,2024-03-15,116,3,1,1,71.71,54.82,16.89
4348,2024-03-15,263,5,5,2,78.54,56.61,21.93
4349,2024-03-15,64,4,1,4,216.56,108.43,108.13
4350,2024-03-15,280,4,4,2,140.12,76.47,63.65
4351,2024-03-15,203,1,4,1,331.96,222.33,109.63
4352,2024-03-15,122,4,2,3,173.82,99.89,73.93
4353,2024-03-16,214,2,4,5,1671.07,1501.71,169.36
4354,2024-03-16,399,6,3,1,23.74,19.35,4.39
4355,2024-03-16,97,1,4,2,626.66,395.07,231.59
4356,2024-03-16,474,6,4,4,175.55,144.36,31.19
4357,2024-03-16,441,2,1,3,694.86,567.54,127.32
4358,2024-03-16,395,4,3,2,114.29,66.57,47.72
4359,2024-03-16,187,1,5,2,470.28,291.93,178.35
4360,2024-03-16,134,6,3,5,138.07,109.5,28.57
4361,2024-03-16,340,1,3,3,694.99,483.78,211.21
4362,2024-03-16,127,2,5,5,1099.95,887.05,212.9
4363,2024-03-16,436,3,1,3,287.95,213.8,74.15
4364,2024-03-16,317,6,2,1,26.69,21.23,5.46
4365,2024-03-17,428,3,4,3,311.55,237.7,73.85
4366,2024-03-17,465,6,1,4,126.38,94.95,31.43
4367,2024-03-17,184,3,3,3,224.92,160.85,64.07
4368,2024-03-17,178,5,4,3,175.02,116.7,58.32
4369,2024-03-17,242,6,2,1,30.25,24.84,5.41
4370,2024-03-17,113,4,2,4,228.65,120.42,108.23
4371,2024-03-17,491,5,3,4,138.34,98.71,39.63
4372,2024-03-17,212,5,3,5,147.17,106.74,40.43
4373,2024-03-18,446,6,2,1,31.2,26.23,4.97
4374,2024-03-18,302,6,2,4,132.9,104.36,28.54
4375,2024-03-18,51,2,4,4,1176.03,1015.4,160.63
4376,2024-03-18,118,6,2,5,134.13,106.02,28.11
4377,2024-03-18,391,2,3,3,618.43,555.68,62.75
4378,2024-03-18,99,3,5,4,340.22,242.18,98.04
4379,2024-03-18,280,1,4,4,1153.74,764.4,389.34
4380,2024-03-18,283,3,1,3,265.37,205.81,59.56
4381,2024-03-18,157,2,3,5,1168.15,1039.55,128.6
4382,2024-03-18,196,2,4,2,686.15,596.74,89.41
4383,2024-03-19,325,5,1,3,131.94,90.93,41.01
4384,2024-03-19,376,5,4,4,215.51,146.81,68.7
4385,2024-03-19,287,5,5,4,156.21,114.81,41.4
4386,2024-03-19,271,5,1,1,46.74,32.39,14.35
4387,2024-03-19,188,2,5,2,494.9,419.18,75.72
4388,2024-03-19,246,1,2,4,1038.57,633.32,405.25
4389,2024-03-19,77,2,2,2,457.5,366.81,90.69
4390,2024-03-19,208,4,1,5,287.48,167.2,120.28
4391,2024-03-19,121,2,4,2,722.64,645.29,77.35
4392,2024-03-20,413,5,1,1,38.03,28.42,9.61
4393,2024-03-20,495,2,2,2,536.86,429.57,107.29
4394,2024-03-20,90,2,5,4,1028.65,837.64,191.01
4395,2024-03-20,85,3,4,4,464.29,352.9,111.39
4396,2024-03-20,370,3,3,2,136.23,95.94,40.29
4397,2024-03-20,15,1,2,1,234.5,143.45,91.05
4398,2024-03-20,318,2,3,1,189.66,163.6,26.06
4399,2024-03-20,67,4,5,4,231.23,118.9,112.33
4400,2024-03-21,500,3,5,3,194.02,149.31,44.71
4401,2024-03-21,248,2,4,5,1560.65,1333.99,226.66
4402,2024-03-21,365,5,5,5,189.46,123.2,66.26
4403,2024-03-21,92,3,2,1,81.32,57.86,23.46
4404,2024-03-21,153,4,4,4,328.55,195.82,132.73
4405,2024-03-21,498,6,4,1,43.75,36.5,7.25
4406,2024-03-21,3,5,1,1,47.04,30.76,16.28
4407,2024-03-21,112,3,1,2,190.34,138.66,51.68
4408,2024-03-21,133,4,3,3,166.12,91.05,75.07
4409,2024-03-21,290,6,2,2,67.91,57.39,10.52
4410,2024-03-21,72,3,4,2,244.77,183.14,61.63
4411,2024-03-22,498,6,4,3,114.98,93.59,21.39
4412,2024-03-22,255,3,5,5,404.23,290.39,113.84
4413,2024-03-22,112,1,1,2,591.67,400.35,191.32
4414,2024-03-22,152,3,5,5,428.4,320.66,107.74
4415,2024-03-22,485,3,4,1,118.05,90.2,27.85
4416,2024-03-22,330,3,2,2,177.51,129.14,48.37
4417,2024-03-22,19,5,1,2,89.94,59.1,30.84
4418,2024-03-22,383,2,4,5,1926.7,1577.75,348.95
4419,2024-03-22,61,6,1,3,91.13,69.68,21.45
4420,2024-03-22,31,6,1,1,28.41,24.07,4.34
4421,2024-03-22,113,2,2,5,1324.17,1127.05,197.12
4422,2024-03-23,251,6,1,1,27.71,21.24,6.47
4423,2024-03-23,431,1,3,4,845.45,587.46,257.99
4424,2024-03-23,225,2,1,1,283.8,246.7,37.1
4425,2024-03-23,32,6,5,4,122.55,99.6,22.95
4426,2024-03-23,424,6,1,1,32.12,26.51,5.61
4427,2024-03-23,297,2,5,1,239.6,193.48,46.12
4428,2024-03-23,206,5,4,3,172.23,118.72,53.51
4429,2024-03-23,208,1,1,2,519.58,345.2,174.38
4430,2024-03-23,172,4,3,3,151.23,77.86,73.37
4431,2024-03-23,257,2,5,1,216.71,181.79,34.92
4432,2024-03-24,452,2,1,4,972.34,831.89,140.45
4433,2024-03-24,93,6,1,3,96.62,75.26,21.36
4434,2024-03-24,21,4,1,2,113.29,63.74,49.55
4435,2024-03-24,13,3,3,4,272.35,217.69,54.66
4436,2024-03-24,345,1,2,5,1178.78,740.81,437.97
4437,2024-03-24,341,2,5,2,416.78,352.74,64.04
4438,2024-03-24,44,1,4,1,361.54,238.62,122.92
4439,2024-03-24,169,2,5,5,1203.09,996.16,206.93
4440,2024-03-24,229,6,2,2,58.0,45.92,12.08
4441,2024-03-24,3,2,1,4,1085.14,968.09,117.05
4442,2024-03-25,233,6,1,5,159.01,125.49,33.52
4443,2024-03-25,203,2,4,5,1625.72,1367.68,258.04
4444,2024-03-25,181,1,2,2,468.0,301.64,166.36
4445,2024-03-25,109,4,4,2,170.99,97.07,73.92
4446,2024-03-25,137,3,2,3,214.71,159.81,54.9
4447,2024-03-25,244,6,3,3,70.43,59.21,11.22
4448,2024-03-25,135,6,4,3,118.6,96.73,21.87
4449,2024-03-25,160,4,1,5,272.05,162.98,109.07
4450,2024-03-25,147,5,3,5,152.04,109.37,42.67
4451,2024-03-25,186,5,3,2,67.4,49.71,17.69
4452,2024-03-26,356,4,3,4,228.14,131.15,96.99
4453,2024-03-26,279,4,4,5,357.96,189.57,168.39
4454,2024-03-26,47,5,4,2,112.97,78.29,34.68
4455,2024-03-26,456,4,3,1,56.02,30.51,25.51
4456,2024-03-26,219,6,5,2,49.28,38.61,10.67
4457,2024-03-26,91,1,5,4,908.81,629.6,279.21
4458,2024-03-26,303,2,4,1,341.46,277.65,63.81
4459,2024-03-27,432,1,4,3,905.95,588.85,317.1
4460,2024-03-27,119,1,4,3,1008.43,699.29,309.14
4461,2024-03-27,59,4,2,3,164.72,91.23,73.49
4462,2024-03-27,256,1,1,1,234.29,155.76,78.53
4463,2024-03-28,477,6,4,1,45.16,36.46,8.7
4464,2024-03-28,72,5,4,1,51.66,37.69,13.97
4465,2024-03-28,483,4,4,3,234.28,139.59,94.69
4466,2024-03-28,460,2,5,4,985.06,856.0,129.06
4467,2024-03-28,265,4,4,4,356.1,179.97,176.13
4468,2024-03-28,272,1,1,5,1283.43,866.38,417.05
4469,2024-03-28,451,4,4,3,243.35,129.59,113.76
4470,2024-03-29,262,1,3,1,233.39,151.41,81.98
4471,2024-03-29,56,5,2,5,209.44,145.29,64.15
4472,2024-03-29,233,3,1,1,85.12,67.58,17.54
4473,2024-03-29,8,5,2,4,182.08,135.81,46.27
4474,2024-03-29,196,1,4,2,629.55,435.57,193.98
4475,2024-03-29,82,1,1,1,265.46,177.43,88.03
4476,2024-03-29,189,1,1,2,478.68,308.05,170.63
4477,2024-03-29,444,3,2,3,210.17,163.15,47.02
4478,2024-03-29,275,3,3,3,218.43,154.69,63.74
4479,2024-03-29,417,3,1,3,266.4,210.49,55.91
4480,2024-03-29,141,3,1,5,436.98,336.29,100.69
4481,2024-03-29,313,1,4,3,1004.6,604.97,399.63
4482,2024-03-29,71,6,2,1,25.71,21.18,4.53
4483,2024-03-30,444,1,2,4,865.84,562.6,303.24
4484,2024-03-30,334,3,2,3,245.43,181.26,64.17
4485,2024-03-30,178,5,4,3,150.01,108.5,41.51
4486,2024-03-30,81,6,5,1,27.78,22.56,5.22
4487,2024-03-30,163,1,1,5,1501.5,928.75,572.75
4488,2024-03-30,475,2,1,3,833.35,739.6,93.75
4489,2024-03-30,91,6,5,1,27.46,23.19,4.27
4490,2024-03-30,156,5,4,1,52.35,34.39,17.96
4491,2024-03-30,423,1,5,3,748.52,473.15,275.37
4492,2024-03-30,109,3,4,2,191.57,143.4,48.17
4493,2024-03-30,432,4,4,5,381.59,210.91,170.68
4494,2024-03-30,269,1,1,5,1496.59,927.78,568.81
4495,2024-03-30,46,6,2,1,28.28,22.7,5.58
4496,2024-03-30,111,6,4,2,76.15,62.72,13.43
4497,2024-03-31,408,2,1,3,839.51,726.2,113.31
4498,2024-03-31,376,4,4,4,350.68,189.7,160.98
4499,2024-03-31,327,4,2,2,125.44,63.57,61.87
4500,2024-03-31,396,1,4,1,341.91,231.44,110.47
4501,2024-03-31,145,1,2,3,723.59,450.83,272.76
4502,2024-03-31,348,1,3,2,439.7,278.27,161.43
4503,2024-03-31,195,4,2,1,52.09,27.02,25.07
4504,2024-03-31,271,3,1,2,173.64,134.53,39.11
4505,2024-03-31,158,1,3,4,781.47,512.61,268.86
4506,2024-03-31,288,1,4,2,609.19,409.25,199.94
4507,2024-04-01,179,1,2,3,719.29,496.61,222.68
4508,2024-04-01,114,4,1,2,112.05,56.73,55.32
4509,2024-04-01,117,1,4,4,1236.48,864.06,372.42
4510,2024-04-01,151,5,1,5,223.33,151.83,71.5
4511,2024-04-01,455,5,1,3,126.83,84.99,41.84
4512,2024-04-01,382,3,1,3,247.73,180.59,67.14
4513,2024-04-01,175,3,4,5,545.12,421.1,124.02
4514,2024-04-01,108,2,4,5,1571.63,1378.5,193.13
4515,2024-04-01,343,6,1,4,138.63,104.86,33.77
4516,2024-04-02,159,6,1,5,171.57,139.77,31.8
4517,2024-04-02,56,6,2,5,165.1,139.79,25.31
4518,2024-04-02,21,2,1,2,449.97,390.13,59.84
4519,2024-04-02,49,4,1,3,211.2,121.49,89.71
4520,2024-04-02,487,1,2,3,652.87,433.03,219.84
4521,2024-04-02,350,5,2,4,145.46,97.29,48.17
4522,2024-04-02,46,4,2,2,103.23,59.58,43.65
4523,2024-04-02,412,2,5,2,457.61,386.49,71.12
4524,2024-04-03,475,1,1,5,1276.64,882.81,393.83
4525,2024-04-03,162,1,3,2,453.2,300.2,153.0
4526,2024-04-03,245,1,1,1,293.08,193.64,99.44
4527,2024-04-03,4,2,1,4,989.5,867.25,122.25
4528,2024-04-03,24,6,1,5,134.58,107.23,27.35
4529,2024-04-03,200,3,2,2,144.64,114.17,30.47
4530,2024-04-03,90,4,5,3,156.94,81.21,75.73
4531,2024-04-03,485,4,4,2,153.06,76.69,76.37
4532,2024-04-03,170,4,1,4,242.9,139.52,103.38
4533,2024-04-03,461,1,4,4,1196.25,785.11,411.14
4534,2024-04-03,193,6,4,4,143.65,108.3,35.35
4535,2024-04-03,438,5,3,4,138.14,91.51,46.63
4536,2024-04-04,286,3,1,5,415.26,303.84,111.42
4537,2024-04-04,214,1,4,4,1325.99,859.6,466.39
4538,2024-04-04,464,1,5,5,1086.15,671.52,414.63
4539,2024-04-05,358,5,3,1,37.94,25.69,12.25
4540,2024-04-05,5,6,4,3,113.67,93.44,20.23
4541,2024-04-05,28,4,2,1,63.34,32.02,31.32
4542,2024-04-05,278,2,3,1,184.43,155.01,29.42
4543,2024-04-05,256,3,1,3,223.01,176.91,46.1
4544,2024-04-05,455,3,1,1,95.14,71.01,24.13
4545,2024-04-05,468,4,4,2,156.86,78.93,77.93
4546,2024-04-05,423,2,5,5,1086.63,958.89,127.74
4547,2024-04-06,401,4,2,2,114.23,61.13,53.1
4548,2024-04-06,55,2,4,5,1526.34,1342.2,184.14
4549,2024-04-06,130,6,5,4,124.5,101.33,23.17
4550,2024-04-06,248,6,4,2,91.13,73.12,18.01
4551,2024-04-06,424,5,1,2,90.39,64.96,25.43
4552,2024-04-06,354,6,2,1,32.69,27.04,5.65
4553,2024-04-06,96,2,3,4,742.91,601.47,141.44
4554,2024-04-06,248,6,4,3,117.66,90.79,26.87
4555,2024-04-06,490,5,2,5,184.04,124.1,59.94
4556,2024-04-06,402,2,5,5,1364.81,1192.46,172.35
4557,2024-04-06,209,1,2,5,1396.21,886.25,509.96
4558,2024-04-06,277,2,5,2,434.34,373.23,61.11
4559,2024-04-07,470,6,4,2,88.16,67.76,20.4
4560,2024-04-07,88,2,4,4,1260.36,1041.4,218.96
4561,2024-04-07,30,6,2,1,26.16,20.13,6.03
4562,2024-04-07,274,1,4,4,1381.75,951.52,430.23
4563,2024-04-07,406,2,2,1,236.25,201.69,34.56
4564,2024-04-07,332,6,3,2,56.16,42.71,13.45
4565,2024-04-07,138,2,3,5,1211.49,1021.41,190.08
4566,2024-04-07,125,2,4,2,573.94,463.43,110.51
4567,2024-04-07,246,2,2,1,276.86,223.15,53.71
4568,2024-04-07,485,4,4,4,363.29,216.85,146.44
4569,2024-04-07,120,3,2,1,90.51,71.06,19.45
4570,2024-04-07,493,6,1,2,60.02,46.63,13.39
4571,2024-04-07,60,5,4,5,275.05,190.0,85.05
4572,2024-04-07,327,1,2,1,279.36,189.62,89.74
4573,2024-04-08,148,4,2,1,68.83,38.97,29.86
4574,2024-04-08,447,6,3,5,113.22,86.49,26.73
4575,2024-04-08,30,1,2,5,1168.55,801.27,367.28
4576,2024-04-08,227,1,5,3,742.25,461.35,280.9
4577,2024-04-08,366,1,3,1,181.07,123.56,57.51
4578,2024-04-08,33,1,4,4,1229.73,799.7,430.03
4579,2024-04-08,369,2,4,2,735.53,615.55,119.98
4580,2024-04-08,160,4,1,3,190.96,96.51,94.45
4581,2024-04-08,281,3,2,1,78.69,59.33,19.36
4582,2024-04-08,2,4,5,4,225.4,117.14,108.26
4583,2024-04-08,34,1,5,2,422.49,293.96,128.53
4584,2024-04-08,34,1,5,4,842.77,526.03,316.74
4585,2024-04-08,65,3,1,4,328.93,249.69,79.24
4586,2024-04-09,394,6,3,4,97.72,78.08,19.64
4587,2024-04-09,227,4,5,4,253.78,129.69,124.09
4588,2024-04-09,397,5,3,2,74.37,48.71,25.66
4589,2024-04-09,334,2,2,2,548.84,467.43,81.41
4590,2024-04-09,100,5,5,3,111.78,83.7,28.08
4591,2024-04-09,306,6,5,5,146.65,116.73,29.92
4592,2024-04-09,41,2,2,5,1090.34,972.63,117.71
4593,2024-04-09,256,5,1,1,45.12,30.8,14.32
4594,2024-04-10,447,4,3,4,223.91,131.06,92.85
4595,2024-04-10,152,5,5,1,37.11,26.87,10.24
4596,2024-04-10,101,3,5,2,133.63,101.55,32.08
4597,2024-04-10,121,2,4,1,296.83,241.6,55.23
4598,2024-04-10,232,2,5,5,1213.12,1079.19,133.93
4599,2024-04-10,315,3,3,4,238.08,184.21,53.87
4600,2024-04-10,196,4,4,5,358.15,186.76,171.39
4601,2024-04-10,435,6,4,2,88.24,74.78,13.46
4602,2024-04-10,2,3,5,2,153.11,117.75,35.36
4603,2024-04-10,358,5,3,3,112.19,81.0,31.19
4604,2024-04-11,99,1,5,2,431.81,287.43,144.38
4605,2024-04-11,186,5,3,3,103.09,75.34,27.75
4606,2024-04-11,402,5,5,4,150.07,112.06,38.01
4607,2024-04-11,327,6,2,3,98.23,75.37,22.86
4608,2024-04-11,125,4,4,4,286.25,156.14,130.11
4609,2024-04-11,162,6,3,4,113.24,86.79,26.45
4610,2024-04-11,380,6,2,1,26.93,22.18,4.75
4611,2024-04-11,446,1,2,2,526.26,350.82,175.44
4612,2024-04-11,164,4,5,1,51.36,26.15,25.21
4613,2024-04-11,122,5,2,1,41.83,31.08,10.75
4614,2024-04-11,37,5,2,5,210.15,146.16,63.99
4615,2024-04-11,460,3,5,2,136.8,101.17,35.63
4616,2024-04-11,110,2,4,4,1218.94,1071.46,147.48
4617,2024-04-12,241,1,2,1,265.46,173.01,92.45
4618,2024-04-12,55,5,4,5,238.62,155.76,82.86
4619,2024-04-12,444,1,2,4,891.46,575.98,315.48
4620,2024-04-12,196,2,4,1,379.28,320.83,58.45
4621,2024-04-12,432,4,4,5,449.44,246.58,202.86
4622,2024-04-12,490,4,2,3,179.33,102.99,76.34
4623,2024-04-12,176,6,4,1,38.38,32.07,6.31
4624,2024-04-12,109,5,4,5,270.69,197.53,73.16
4625,2024-04-12,155,6,5,4,126.83,99.15,27.68
4626,2024-04-12,418,3,1,2,162.45,128.74,33.71
4627,2024-04-13,38,3,3,5,352.23,268.0,84.23
4628,2024-04-13,207,1,4,4,1389.13,941.5,447.63
4629,2024-04-13,269,4,1,2,109.27,58.31,50.96
4630,2024-04-13,120,5,2,1,45.5,33.04,12.46
4631,2024-04-13,486,1,3,4,828.34,498.09,330.25
4632,2024-04-13,425,3,5,2,155.26,120.55,34.71
4633,2024-04-13,475,4,1,1,59.98,32.19,27.79
4634,2024-04-13,194,2,3,2,399.19,348.71,50.48
4635,2024-04-13,65,4,1,3,170.52,98.09,72.43
4636,2024-04-13,205,2,4,3,1036.97,864.87,172.1
4637,2024-04-13,405,4,3,5,217.51,129.9,87.61
4638,2024-04-13,452,3,1,4,287.66,218.02,69.64
4639,2024-04-14,365,6,5,3,83.21,68.26,14.95
4640,2024-04-14,58,3,1,3,216.75,171.14,45.61
4641,2024-04-14,184,6,3,5,124.96,105.07,19.89
4642,2024-04-14,412,6,5,4,119.77,93.69,26.08
4643,2024-04-14,327,3,2,1,84.78,59.76,25.02
4644,2024-04-14,292,2,3,5,1101.79,922.5,179.29
4645,2024-04-14,441,4,1,4,234.4,127.07,107.33
4646,2024-04-14,120,6,2,1,32.67,27.38,5.29
4647,2024-04-14,355,2,1,1,229.58,195.78,33.8
4648,2024-04-15,469,4,1,5,354.85,197.12,157.73
4649,2024-04-15,71,4,2,2,132.26,77.77,54.49
4650,2024-04-15,324,6,1,2,56.2,43.63,12.57
4651,2024-04-15,392,5,2,2,79.74,52.72,27.02
4652,2024-04-15,239,6,2,2,68.36,53.4,14.96
4653,2024-04-15,232,4,5,3,179.76,93.25,86.51
4654,2024-04-15,184,5,3,1,31.12,20.83,10.29
4655,2024-04-15,459,1,1,4,909.12,626.92,282.2
4656,2024-04-15,415,3,1,4,312.91,232.8,80.11
4657,2024-04-15,272,6,1,5,157.97,125.62,32.35
4658,2024-04-15,194,2,3,3,545.19,474.01,71.18
4659,2024-04-15,136,4,1,5,312.24,179.2,133.04
4660,2024-04-16,376,5,4,5,253.76,181.21,72.55
4661,2024-04-16,239,3,2,1,78.18,56.1,22.08
4662,2024-04-16,78,6,1,4,115.94,89.19,26.75
4663,2024-04-16,254,1,3,1,215.45,149.15,66.3
4664,2024-04-16,75,2,1,1,301.48,263.1,38.38
4665,2024-04-16,447,2,3,4,977.29,809.69,167.6
4666,2024-04-16,147,1,3,5,1048.35,708.3,340.05
4667,2024-04-16,164,6,5,4,113.1,90.25,22.85
4668,2024-04-16,482,3,3,3,212.68,158.94,53.74
4669,2024-04-16,56,2,2,1,258.06,206.61,51.45
4670,2024-04-16,492,1,1,1,240.88,157.96,82.92
4671,2024-04-16,351,6,5,1,32.62,24.54,8.08
4672,2024-04-16,479,4,2,1,53.32,27.82,25.5
4673,2024-04-16,84,3,4,3,328.43,246.24,82.19
4674,2024-04-16,30,6,2,4,102.47,83.1,19.37
4675,2024-04-17,280,4,4,3,248.86,138.18,110.68
4676,2024-04-17,43,4,3,5,288.69,163.45,125.24
4677,2024-04-17,232,5,5,5,218.27,157.3,60.97
4678,2024-04-17,139,4,5,2,97.89,48.96,48.93
4679,2024-04-17,346,5,2,3,134.27,99.24,35.03
4680,2024-04-17,257,3,5,5,396.91,309.63,87.28
4681,2024-04-17,65,2,1,2,451.41,390.24,61.17
4682,2024-04-18,495,5,2,3,132.02,94.72,37.3
4683,2024-04-18,456,1,3,5,1031.21,625.07,406.14
4684,2024-04-18,186,2,3,5,1129.53,964.1,165.43
4685,2024-04-18,98,5,4,4,199.92,145.82,54.1
4686,2024-04-18,374,3,1,1,87.5,66.82,20.68
4687,2024-04-19,196,2,4,5,1518.98,1227.62,291.36
4688,2024-04-19,344,3,4,3,321.76,235.31,86.45
4689,2024-04-19,81,5,5,1,42.25,27.74,14.51
4690,2024-04-19,458,2,4,3,921.5,751.89,169.61
4691,2024-04-19,258,3,3,2,120.5,87.43,33.07
4692,2024-04-19,57,3,1,3,219.01,163.07,55.94
4693,2024-04-19,270,4,1,3,170.46,95.12,75.34
4694,2024-04-19,440,1,4,4,1452.3,900.43,551.87
4695,2024-04-19,222,4,4,4,338.49,178.42,160.07
4696,2024-04-19,339,3,5,1,82.14,64.84,17.3
4697,2024-04-20,454,6,1,5,146.63,114.36,32.27
4698,2024-04-20,427,4,4,5,384.1,201.98,182.12
4699,2024-04-20,359,3,1,3,240.58,178.45,62.13
4700,2024-04-20,205,6,4,5,173.46,132.46,41.0
4701,2024-04-20,356,3,3,2,136.17,104.83,31.34
4702,2024-04-20,67,5,5,2,72.03,52.99,19.04
4703,2024-04-20,461,5,4,2,121.38,84.48,36.9
4704,2024-04-20,437,3,4,1,115.48,80.96,34.52
4705,2024-04-20,404,5,1,4,173.06,121.49,51.57
4706,2024-04-20,409,4,1,1,54.53,27.49,27.04
4707,2024-04-21,71,5,2,3,113.62,75.74,37.88
4708,2024-04-21,343,2,1,5,1185.44,1058.68,126.76
4709,2024-04-21,341,3,5,3,200.33,152.6,47.73
4710,2024-04-21,72,3,4,2,248.11,176.55,71.56
4711,2024-04-21,28,1,2,5,1256.4,853.08,403.32
4712,2024-04-21,498,3,4,3,362.38,277.95,84.43
4713,2024-04-21,164,5,5,2,66.38,47.11,19.27
4714,2024-04-21,41,1,2,4,1119.99,777.03,342.96
4715,2024-04-21,133,2,3,5,1166.54,1021.36,145.18
4716,2024-04-21,271,6,1,5,152.36,129.46,22.9
4717,2024-04-21,350,5,2,1,44.54,32.03,12.51
4718,2024-04-21,423,4,5,2,116.47,67.68,48.79
4719,2024-04-21,68,3,4,4,416.47,291.57,124.9
4720,2024-04-22,95,5,3,2,66.61,45.27,21.34
4721,2024-04-22,387,5,1,1,47.28,35.06,12.22
4722,2024-04-22,222,6,4,1,45.54,35.82,9.72
4723,2024-04-22,72,5,4,4,231.4,156.24,75.16
4724,2024-04-22,32,1,5,4,960.0,668.81,291.19
4725,2024-04-22,320,2,4,4,1327.29,1178.43,148.86
4726,2024-04-22,93,2,1,3,765.23,677.98,87.25
4727,2024-04-22,204,1,4,3,1026.77,677.95,348.82
4728,2024-04-22,34,6,5,3,76.19,62.81,13.38
4729,2024-04-22,402,4,5,5,253.35,145.83,107.52
4730,2024-04-22,472,3,4,5,525.87,379.61,146.26
4731,2024-04-23,344,5,4,5,252.87,178.92,73.95
4732,2024-04-23,434,5,5,1,36.85,24.42,12.43
4733,2024-04-23,88,3,4,2,188.55,141.33,47.22
4734,2024-04-23,389,5,1,1,36.26,24.1,12.16
4735,2024-04-24,310,4,4,2,177.12,92.72,84.4
4736,2024-04-24,261,5,4,2,121.38,86.14,35.24
4737,2024-04-24,75,2,1,3,846.14,714.86,131.28
4738,2024-04-24,26,4,1,5,291.53,170.34,121.19
4739,2024-04-24,407,4,5,1,60.9,33.46,27.44
4740,2024-04-24,13,6,3,2,55.8,44.95,10.85
4741,2024-04-24,490,4,2,5,263.4,132.82,130.58
4742,2024-04-24,331,1,3,4,977.12,609.3,367.82
4743,2024-04-24,33,5,4,2,104.15,71.54,32.61
4744,2024-04-24,19,1,1,3,682.68,443.37,239.31
4745,2024-04-24,388,3,3,3,209.47,163.71,45.76
4746,2024-04-24,27,4,3,5,265.99,148.96,117.03
4747,2024-04-24,455,1,1,1,294.88,192.78,102.1
4748,2024-04-24,178,2,4,1,382.2,312.94,69.26
4749,2024-04-25,401,5,2,2,90.54,64.11,26.43
4750,2024-04-25,80,6,2,1,31.68,23.86,7.82
4751,2024-04-25,103,2,4,3,918.77,774.39,144.38
4752,2024-04-25,38,1,3,2,401.57,274.24,127.33
4753,2024-04-25,273,5,1,1,36.39,24.92,11.47
4754,2024-04-25,428,4,4,2,159.34,87.63,71.71
4755,2024-04-25,194,6,3,2,55.76,43.75,12.01
4756,2024-04-25,233,2,1,3,683.37,566.03,117.34
4757,2024-04-25,438,5,3,1,38.14,25.89,12.25
4758,2024-04-26,371,4,4,4,346.58,206.87,139.71
4759,2024-04-26,379,5,5,5,199.19,132.32,66.87
4760,2024-04-26,357,5,4,2,92.4,63.14,29.26
4761,2024-04-26,28,1,2,2,523.21,335.92,187.29
4762,2024-04-26,103,6,4,4,176.55,136.65,39.9
4763,2024-04-26,151,1,1,5,1399.13,886.48,512.65
4764,2024-04-26,394,3,3,2,125.42,90.37,35.05
4765,2024-04-27,416,6,4,5,217.42,174.92,42.5
4766,2024-04-27,348,4,3,3,141.79,82.96,58.83
4767,2024-04-27,84,3,4,2,232.39,164.06,68.33
4768,2024-04-27,332,2,3,2,432.84,387.1,45.74
4769,2024-04-27,178,4,4,1,85.7,43.2,42.5
4770,2024-04-27,488,2,3,2,398.27,333.16,65.11
4771,2024-04-27,271,3,1,5,426.87,339.03,87.84
4772,2024-04-27,293,1,3,3,672.53,414.64,257.89
4773,2024-04-27,256,6,1,4,129.15,99.15,30.0
4774,2024-04-27,340,2,3,4,763.17,630.2,132.97
4775,2024-04-27,8,4,2,3,155.06,87.02,68.04
4776,2024-04-27,314,2,3,2,443.42,367.28,76.14
4777,2024-04-27,311,3,3,5,325.72,237.39,88.33
4778,2024-04-28,52,5,1,2,89.18,60.74,28.44
4779,2024-04-28,350,2,2,5,1243.93,1089.6,154.33
4780,2024-04-28,59,5,2,3,137.21,99.72,37.49
4781,2024-04-28,391,3,3,3,204.28,148.12,56.16
4782,2024-04-28,105,4,3,4,186.43,95.08,91.35
4783,2024-04-28,207,2,4,5,1528.63,1317.72,210.91
4784,2024-04-28,472,5,4,2,108.91,78.05,30.86
4785,2024-04-28,59,2,2,5,1133.2,936.95,196.25
4786,2024-04-28,391,3,3,2,145.41,111.65,33.76
4787,2024-04-28,477,6,4,3,121.06,95.72,25.34
4788,2024-04-28,141,3,1,4,354.47,282.61,71.86
4789,2024-04-28,185,5,1,1,40.74,27.25,13.49
4790,2024-04-28,467,5,5,3,105.91,75.56,30.35
4791,2024-04-28,193,6,4,3,126.23,96.86,29.37
4792,2024-04-28,442,1,3,4,791.59,529.15,262.44
4793,2024-04-29,312,2,1,3,825.46,711.4,114.06
4794,2024-04-29,308,2,5,5,1200.67,993.03,207.64
4795,2024-04-29,469,2,1,2,599.52,506.47,93.05
4796,2024-04-29,268,2,3,4,728.22,622.51,105.71
4797,2024-04-29,256,4,1,1,58.55,32.96,25.59
4798,2024-04-30,299,4,4,3,217.49,114.82,102.67
4799,2024-04-30,418,4,1,3,163.95,92.88,71.07
4800,2024-04-30,137,1,2,1,257.39,167.44,89.95
4801,2024-04-30,359,5,1,5,200.47,138.37,62.1
4802,2024-04-30,408,3,1,3,256.18,192.01,64.17
4803,2024-04-30,12,5,4,5,293.56,207.98,85.58
4804,2024-04-30,426,3,3,3,196.32,151.83,44.49
4805,2024-04-30,225,2,1,5,1117.55,963.46,154.09
4806,2024-04-30,222,5,4,4,187.03,124.58,62.45
4807,2024-04-30,10,5,4,2,99.25,65.96,33.29
4808,2024-04-30,332,1,3,1,223.76,146.93,76.83
4809,2024-04-30,300,6,3,1,25.61,19.75,5.86
4810,2024-05-01,56,1,2,1,225.26,149.41,75.85
4811,2024-05-01,451,3,4,4,424.57,317.62,106.95
4812,2024-05-01,61,5,1,5,202.25,144.57,57.68
4813,2024-05-01,458,2,4,4,1505.04,1260.6,244.44
4814,2024-05-01,233,2,1,2,520.44,430.33,90.11
4815,2024-05-01,422,3,3,4,259.53,198.05,61.48
4816,2024-05-01,50,3,5,2,130.95,100.28,30.67
4817,2024-05-01,403,3,4,2,224.43,159.64,64.79
4818,2024-05-01,46,6,2,3,92.3,71.04,21.26
4819,2024-05-02,30,2,2,3,806.11,684.25,121.86
4820,2024-05-02,297,1,5,2,486.06,311.42,174.64
4821,2024-05-02,356,1,3,1,219.79,147.45,72.34
4822,2024-05-02,132,5,2,5,195.58,131.04,64.54
4823,2024-05-02,428,5,4,1,46.51,34.27,12.24
4824,2024-05-02,49,2,1,3,890.96,762.16,128.8
4825,2024-05-02,296,4,4,1,71.81,37.99,33.82
4826,2024-05-02,417,3,1,3,284.03,215.92,68.11
4827,2024-05-03,441,5,1,3,143.35,96.21,47.14
4828,2024-05-03,487,1,2,4,1056.11,708.88,347.23
4829,2024-05-03,216,4,3,5,264.68,150.07,114.61
4830,2024-05-03,202,5,3,3,99.2,67.39,31.81
4831,2024-05-03,426,6,3,5,113.49,95.2,18.29
4832,2024-05-03,221,5,2,5,184.93,133.84,51.09
4833,2024-05-03,143,3,4,5,477.44,343.02,134.42
4834,2024-05-03,279,1,4,3,1028.93,648.91,380.02
4835,2024-05-04,497,6,4,2,74.2,60.89,13.31
4836,2024-05-04,343,2,1,5,1279.0,1101.61,177.39
4837,2024-05-04,467,5,5,3,103.52,73.49,30.03
4838,2024-05-04,43,5,3,4,116.82,83.35,33.47
4839,2024-05-04,379,4,5,5,256.99,142.17,114.82
4840,2024-05-04,248,1,4,1,327.76,207.57,120.19
4841,2024-05-04,16,5,2,3,127.52,94.64,32.88
4842,2024-05-04,423,6,5,1,25.98,20.62,5.36
4843,2024-05-04,401,3,2,2,150.17,116.74,33.43
4844,2024-05-04,320,2,4,1,340.46,279.34,61.12
4845,2024-05-04,436,5,1,1,43.14,31.33,11.81
4846,2024-05-04,411,4,3,1,54.4,30.94,23.46
4847,2024-05-04,100,3,5,1,67.29,52.74,14.55
4848,2024-05-04,227,5,5,1,34.06,22.66,11.4
4849,2024-05-04,197,5,1,5,229.46,159.33,70.13
4850,2024-05-04,293,4,3,3,137.87,79.07,58.8
4851,2024-05-05,42,6,5,2,53.46,41.25,12.21
4852,2024-05-05,92,4,2,4,218.86,122.92,95.94
4853,2024-05-05,147,4,3,5,239.61,136.06,103.55
4854,2024-05-05,308,5,5,3,127.4,89.19,38.21
4855,2024-05-05,206,4,4,5,352.79,185.68,167.11
4856,2024-05-05,496,5,2,1,42.48,29.49,12.99
4857,2024-05-05,11,6,1,4,138.36,116.6,21.76
4858,2024-05-05,66,1,1,2,602.69,384.98,217.71
4859,2024-05-05,59,4,2,3,176.33,95.26,81.07
4860,2024-05-05,224,2,1,2,576.98,518.44,58.54
4861,2024-05-05,288,6,4,3,135.74,112.01,23.73
4862,2024-05-06,150,2,1,1,298.54,261.85,36.69
4863,2024-05-06,361,5,1,2,74.67,52.59,22.08
4864,2024-05-06,157,5,3,5,177.06,122.76,54.3
4865,2024-05-06,223,3,1,5,418.45,332.36,86.09
4866,2024-05-06,326,6,4,1,34.63,26.19,8.44
4867,2024-05-06,424,5,1,3,139.48,96.37,43.11
4868,2024-05-06,345,2,2,2,563.87,476.67,87.2
4869,2024-05-06,393,2,4,1,336.78,281.86,54.92
4870,2024-05-06,490,2,2,3,801.03,706.07,94.96
4871,2024-05-06,170,3,1,3,241.55,172.22,69.33
4872,2024-05-07,497,2,4,4,1233.95,1101.64,132.31
4873,2024-05-07,43,3,3,2,137.44,97.02,40.42
4874,2024-05-07,336,5,1,1,39.41,26.16,13.25
4875,2024-05-07,50,2,5,2,512.79,431.52,81.27
4876,2024-05-07,432,2,4,4,1464.92,1264.56,200.36
4877,2024-05-07,334,3,2,4,312.63,225.08,87.55
4878,2024-05-07,363,4,1,5,309.76,162.43,147.33
4879,2024-05-07,289,4,1,2,126.17,63.67,62.5
4880,2024-05-07,181,4,2,5,286.63,155.75,130.88
4881,2024-05-07,88,6,4,1,44.07,36.74,7.33
4882,2024-05-07,370,1,3,3,729.81,445.18,284.63
4883,2024-05-07,129,1,2,5,1230.28,850.12,380.16
4884,2024-05-07,60,4,4,5,463.31,244.96,218.35
4885,2024-05-08,56,3,2,1,77.18,54.64,22.54
4886,2024-05-08,455,4,1,4,239.96,138.67,101.29
4887,2024-05-08,106,4,1,4,246.55,132.14,114.41
4888,2024-05-08,29,4,4,4,283.16,151.79,131.37
4889,2024-05-08,373,6,1,5,171.14,137.87,33.27
4890,2024-05-08,9,5,2,2,76.99,56.26,20.73
4891,2024-05-08,362,4,5,5,245.14,139.64,105.5
4892,2024-05-08,322,6,4,5,226.29,170.62,55.67
4893,2024-05-08,435,2,4,3,1128.45,1011.95,116.5
4894,2024-05-09,435,3,4,4,443.02,338.69,104.33
4895,2024-05-09,417,1,1,5,1506.31,1015.38,490.93
4896,2024-05-09,140,5,3,4,150.77,109.6,41.17
4897,2024-05-09,14,2,2,5,1374.38,1117.73,256.65
4898,2024-05-09,417,2,1,5,1391.37,1175.71,215.66
4899,2024-05-09,378,6,1,5,151.36,125.55,25.81
4900,2024-05-09,342,1,4,2,577.1,373.08,204.02
4901,2024-05-09,401,4,2,3,163.41,93.48,69.93
4902,2024-05-09,33,1,4,3,889.99,579.64,310.35
4903,2024-05-09,461,5,4,2,93.57,60.83,32.74
4904,2024-05-09,6,5,2,5,179.01,132.81,46.2
4905,2024-05-10,2,5,5,1,34.92,24.3,10.62
4906,2024-05-10,110,6,4,3,129.94,99.83,30.11
4907,2024-05-10,190,2,5,1,241.17,194.65,46.52
4908,2024-05-10,110,4,4,3,238.49,121.64,116.85
4909,2024-05-10,260,1,2,3,740.13,514.07,226.06
4910,2024-05-10,267,6,4,2,72.64,59.18,13.46
4911,2024-05-10,208,6,1,1,34.89,28.92,5.97
4912,2024-05-10,152,1,5,5,1211.8,820.42,391.38
4913,2024-05-10,179,2,2,4,927.44,818.41,109.03
4914,2024-05-10,402,1,5,3,643.53,417.36,226.17
4915,2024-05-10,366,5,3,5,144.72,101.72,43.0
4916,2024-05-11,80,3,2,5,347.72,267.88,79.84
4917,2024-05-11,239,3,2,4,294.22,221.0,73.22
4918,2024-05-11,21,6,1,2,60.82,49.05,11.77
4919,2024-05-11,481,4,4,3,213.75,111.96,101.79
4920,2024-05-11,188,1,5,5,1084.25,664.54,419.71
4921,2024-05-11,480,4,3,2,115.27,64.85,50.42
4922,2024-05-11,153,3,4,4,480.68,358.23,122.45
4923,2024-05-11,99,4,5,1,51.51,28.51,23.0
4924,2024-05-11,249,1,2,4,1070.86,720.25,350.61
4925,2024-05-11,313,1,4,2,602.4,368.25,234.15
4926,2024-05-11,9,6,2,2,57.05,45.23,11.82
4927,2024-05-11,199,4,2,2,125.56,64.93,60.63
4928,2024-05-11,125,3,4,3,291.25,213.07,78.18
4929,2024-05-11,152,6,5,2,65.27,50.31,14.96
4930,2024-05-11,461,5,4,1,60.21,41.67,18.54
4931,2024-05-11,179,5,2,3,109.39,81.11,28.28
4932,2024-05-11,267,5,4,4,246.43,161.04,85.39
4933,2024-05-12,175,4,4,4,303.06,160.42,142.64
4934,2024-05-12,139,5,5,2,75.58,52.23,23.35
4935,2024-05-12,360,2,2,5,1153.27,961.61,191.66
4936,2024-05-12,33,6,4,5,223.31,184.7,38.61
4937,2024-05-12,410,3,2,1,71.51,51.67,19.84
4938,2024-05-12,240,5,1,3,128.68,85.79,42.89
4939,2024-05-13,484,5,5,5,161.81,118.7,43.11
4940,2024-05-13,19,6,1,3,90.17,75.82,14.35
4941,2024-05-13,196,1,4,5,1718.83,1046.17,672.66
4942,2024-05-13,149,6,2,3,100.78,77.78,23.0
4943,2024-05-13,123,1,2,5,1187.98,782.22,405.76
4944,2024-05-13,31,6,1,4,125.11,97.9,27.21
4945,2024-05-13,149,4,2,3,178.42,99.07,79.35
4946,2024-05-13,317,6,2,1,27.98,23.52,4.46
4947,2024-05-13,321,1,3,1,184.15,118.51,65.64
4948,2024-05-14,77,4,2,1,62.56,31.82,30.74
4949,2024-05-14,85,3,4,4,435.01,327.17,107.84
4950,2024-05-14,287,6,5,4,109.82,83.94,25.88
4951,2024-05-14,430,3,3,1,58.25,43.86,14.39
4952,2024-05-14,104,2,4,4,1376.57,1134.54,242.03
4953,2024-05-14,340,6,3,5,114.93,97.45,17.48
4954,2024-05-15,64,5,1,4,171.88,122.34,49.54
4955,2024-05-15,250,5,1,5,220.06,163.71,56.35
4956,2024-05-15,369,6,4,5,229.99,186.44,43.55
4957,2024-05-15,329,6,3,3,69.39,56.91,12.48
4958,2024-05-15,489,2,2,3,834.33,710.1,124.23
4959,2024-05-15,61,2,1,2,538.43,438.15,100.28
4960,2024-05-15,175,6,4,3,133.33,109.25,24.08
4961,2024-05-15,165,4,4,5,368.99,212.54,156.45
4962,2024-05-15,222,2,4,3,1093.54,981.73,111.81
4963,2024-05-15,59,3,2,4,355.84,253.45,102.39
4964,2024-05-15,304,1,4,4,1216.99,791.18,425.81
4965,2024-05-15,41,6,2,2,51.15,41.97,9.18
4966,2024-05-15,172,5,3,1,38.63,26.18,12.45
4967,2024-05-15,304,5,4,1,56.34,39.87,16.47
4968,2024-05-15,21,4,1,2,127.1,74.71,52.39
4969,2024-05-15,370,6,3,5,137.92,108.34,29.58
4970,2024-05-16,344,4,4,1,71.69,40.34,31.35
4971,2024-05-16,167,6,5,1,30.98,26.3,4.68
4972,2024-05-16,170,5,1,5,209.8,150.83,58.97
4973,2024-05-16,245,6,1,4,125.48,95.24,30.24
4974,2024-05-16,443,4,5,3,166.69,86.45,80.24
4975,2024-05-16,370,6,3,2,43.81,34.81,9.0
4976,2024-05-16,107,2,4,5,1739.73,1536.36,203.37
4977,2024-05-17,371,5,4,3,147.7,110.71,36.99
4978,2024-05-17,111,3,4,2,206.09,152.49,53.6
4979,2024-05-17,102,3,4,1,108.68,76.84,31.84
4980,2024-05-17,177,1,5,2,453.07,285.42,167.65
4981,2024-05-17,95,5,3,2,67.49,49.08,18.41
4982,2024-05-17,283,3,1,1,77.75,59.37,18.38
4983,2024-05-17,318,6,3,1,29.02,23.24,5.78
4984,2024-05-17,303,2,4,5,1835.73,1492.16,343.57
4985,2024-05-17,309,6,4,4,167.22,129.54,37.68
4986,2024-05-17,221,4,2,5,294.28,166.29,127.99
4987,2024-05-17,472,3,4,4,446.75,354.76,91.99
4988,2024-05-18,367,3,5,3,238.69,178.93,59.76
4989,2024-05-18,119,4,4,4,301.56,161.32,140.24
4990,2024-05-18,9,5,2,1,38.99,27.41,11.58
4991,2024-05-18,171,2,4,4,1223.44,1018.82,204.62
4992,2024-05-18,325,1,1,1,295.72,180.56,115.16
4993,2024-05-18,346,5,2,5,228.18,151.27,76.91
4994,2024-05-18,439,4,4,2,151.6,81.13,70.47
4995,2024-05-18,158,5,3,4,118.42,87.51,30.91
4996,2024-05-18,396,2,4,3,959.02,826.28,132.74
4997,2024-05-18,480,2,3,4,873.24,742.24,131.0
4998,2024-05-18,36,2,1,1,244.02,204.23,39.79
4999,2024-05-18,421,5,5,2,70.3,47.48,22.82
5000,2024-05-19,476,3,1,4,333.27,235.06,98.21
5001,2024-05-19,172,6,3,2,50.85,39.09,11.76
5002,2024-05-19,12,5,4,5,284.54,191.24,93.3
5003,2024-05-19,12,1,4,4,1364.16,873.44,490.72
5004,2024-05-19,395,4,3,1,57.92,32.18,25.74
5005,2024-05-19,488,2,3,3,699.19,574.14,125.05
5006,2024-05-19,139,1,5,1,229.69,147.81,81.88
5007,2024-05-19,303,1,4,2,677.91,465.85,212.06
5008,2024-05-19,166,1,1,3,839.13,523.15,315.98
5009,2024-05-19,59,1,2,3,801.02,490.98,310.04
5010,2024-05-19,290,6,2,4,132.02,105.27,26.75
5011,2024-05-19,128,3,1,2,184.3,136.54,47.76
5012,2024-05-19,242,3,2,4,312.57,241.43,71.14
5013,2024-05-20,145,2,2,4,852.63,712.4,140.23
5014,2024-05-20,301,2,3,2,439.14,359.79,79.35
5015,2024-05-21,2,4,5,1,52.83,27.61,25.22
5016,2024-05-21,103,4,4,5,447.6,240.8,206.8
5017,2024-05-21,381,5,2,4,156.15,102.31,53.84
5018,2024-05-21,259,4,1,5,356.62,191.85,164.77
5019,2024-05-21,197,5,1,2,85.53,56.56,28.97
5020,2024-05-21,486,1,3,3,732.01,494.27,237.74
5021,2024-05-21,259,6,1,4,109.07,84.8,24.27
5022,2024-05-21,495,6,2,3,88.8,74.36,14.44
5023,2024-05-21,181,4,2,3,154.66,85.92,68.74
5024,2024-05-22,103,2,4,1,378.02,308.36,69.66
5025,2024-05-22,458,4,4,4,343.79,197.74,146.05
5026,2024-05-22,149,3,2,5,378.87,272.64,106.23
5027,2024-05-22,358,4,3,4,228.49,130.45,98.04
5028,2024-05-22,126,5,2,1,45.07,29.47,15.6
5029,2024-05-22,343,1,1,5,1357.0,858.19,498.81
5030,2024-05-22,151,2,1,5,1145.66,1001.95,143.71
5031,2024-05-22,166,4,1,4,261.72,136.41,125.31
5032,2024-05-22,176,3,4,4,402.39,296.86,105.53
5033,2024-05-22,86,2,2,4,1089.59,926.09,163.5
5034,2024-05-22,46,6,2,3,86.54,71.67,14.87
5035,2024-05-22,98,1,4,5,1490.66,993.54,497.12
5036,2024-05-22,326,5,4,1,60.06,42.07,17.99
5037,2024-05-22,271,3,1,2,192.89,136.25,56.64
5038,2024-05-23,350,6,2,2,55.67,42.75,12.92
5039,2024-05-23,282,2,1,2,501.82,421.73,80.09
5040,2024-05-23,159,5,1,4,174.66,117.14,57.52
5041,2024-05-23,229,1,2,4,1121.91,770.34,351.57
5042,2024-05-23,93,2,1,2,500.46,408.77,91.69
5043,2024-05-23,464,1,5,5,1233.61,789.19,444.42
5044,2024-05-23,9,1,2,1,214.93,137.53,77.4
5045,2024-05-23,361,2,1,1,229.61,198.54,31.07
5046,2024-05-23,196,2,4,5,1671.13,1392.0,279.13
5047,2024-05-23,96,6,3,1,24.58,20.25,4.33
5048,2024-05-23,96,2,3,4,776.67,645.41,131.26
5049,2024-05-24,119,6,4,5,209.75,158.31,51.44
5050,2024-05-24,385,5,3,3,105.3,78.16,27.14
5051,2024-05-24,396,5,4,4,244.83,168.91,75.92
5052,2024-05-24,82,5,1,1,46.46,32.82,13.64
5053,2024-05-24,70,6,4,1,42.82,34.15,8.67
5054,2024-05-24,484,5,5,4,140.21,95.61,44.6
5055,2024-05-24,328,1,1,5,1160.08,775.48,384.6
5056,2024-05-24,108,1,4,5,1716.34,1037.05,679.29
5057,2024-05-24,397,3,3,2,132.52,97.22,35.3
5058,2024-05-24,344,5,4,4,184.67,120.78,63.89
5059,2024-05-25,373,3,1,3,264.23,185.76,78.47
5060,2024-05-25,86,6,2,1,28.44,23.36,5.08
5061,2024-05-25,408,2,1,5,1494.57,1330.32,164.25
5062,2024-05-25,35,4,2,2,119.56,70.64,48.92
5063,2024-05-25,215,6,5,3,97.01,79.93,17.08
5064,2024-05-25,45,5,1,1,38.42,25.84,12.58
5065,2024-05-25,196,2,4,2,756.15,675.84,80.31
5066,2024-05-25,125,3,4,1,113.98,81.28,32.7
5067,2024-05-25,100,5,5,5,186.9,135.26,51.64
5068,2024-05-26,41,2,2,5,1406.03,1161.1,244.93
5069,2024-05-26,486,1,3,5,1218.13,744.76,473.37
5070,2024-05-26,424,3,1,4,301.35,240.62,60.73
5071,2024-05-26,290,1,2,3,665.14,447.5,217.64
5072,2024-05-26,76,6,1,1,35.55,26.8,8.75
5073,2024-05-26,119,5,4,5,302.87,201.72,101.15
5074,2024-05-26,152,6,5,5,163.13,127.8,35.33
5075,2024-05-26,431,2,3,3,666.78,543.58,123.2
5076,2024-05-26,72,2,4,1,368.8,330.53,38.27
5077,2024-05-26,381,5,2,3,124.28,88.0,36.28
5078,2024-05-26,227,1,5,2,521.75,328.27,193.48
5079,2024-05-27,329,5,3,3,94.32,65.05,29.27
5080,2024-05-27,29,1,4,5,1889.99,1261.39,628.6
5081,2024-05-27,28,2,2,1,253.49,216.17,37.32
5082,2024-05-27,206,2,4,2,739.19,617.47,121.72
5083,2024-05-27,408,6,1,4,114.98,91.3,23.68
5084,2024-05-27,470,6,4,3,129.77,104.3,25.47
5085,2024-05-27,141,2,1,3,736.31,604.85,131.46
5086,2024-05-28,35,6,2,5,141.79,118.83,22.96
5087,2024-05-28,452,1,1,1,224.13,136.47,87.66
5088,2024-05-28,451,6,4,3,129.02,105.58,23.44
5089,2024-05-28,285,1,2,3,659.46,410.83,248.63
5090,2024-05-28,428,4,4,2,175.61,92.77,82.84
5091,2024-05-28,103,5,4,4,190.58,134.57,56.01
5092,2024-05-28,404,5,1,3,130.95,86.84,44.11
5093,2024-05-29,45,3,1,2,186.82,142.81,44.01
5094,2024-05-29,326,6,4,3,105.38,84.89,20.49
5095,2024-05-29,94,4,5,1,54.67,32.34,22.33
5096,2024-05-29,226,6,2,5,146.41,124.04,22.37
5097,2024-05-29,154,5,2,2,72.72,48.95,23.77
5098,2024-05-29,65,2,1,5,1126.59,920.58,206.01
5099,2024-05-29,433,6,1,3,82.81,62.38,20.43
5100,2024-05-29,221,4,2,4,238.16,121.96,116.2
5101,2024-05-29,156,3,4,2,228.42,164.3,64.12
5102,2024-05-29,346,3,2,4,291.52,214.75,76.77
5103,2024-05-29,435,4,4,2,177.34,90.17,87.17
5104,2024-05-29,428,4,4,5,347.74,174.87,172.87
5105,2024-05-29,266,5,2,3,127.8,87.27,40.53
5106,2024-05-29,203,1,4,3,1026.59,650.73,375.86
5107,2024-05-30,460,5,5,5,204.13,151.64,52.49
5108,2024-05-30,266,5,2,2,81.49,57.39,24.1
5109,2024-05-30,484,5,5,2,70.65,49.32,21.33
5110,2024-05-30,401,5,2,2,88.57,65.48,23.09
5111,2024-05-30,136,2,1,1,248.18,207.65,40.53
5112,2024-05-30,1,4,4,1,91.44,52.95,38.49
5113,2024-05-30,378,3,1,5,371.95,288.9,83.05
5114,2024-05-31,106,3,1,3,285.81,210.35,75.46
5115,2024-05-31,192,6,2,1,33.66,27.59,6.07
5116,2024-05-31,203,1,4,4,1468.39,1015.14,453.25
5117,2024-05-31,220,4,5,2,99.65,55.33,44.32
5118,2024-05-31,203,5,4,1,51.71,37.11,14.6
5119,2024-05-31,416,3,4,3,292.33,219.55,72.78
5120,2024-06-01,377,2,4,2,684.07,577.14,106.93
5121,2024-06-01,167,6,5,3,76.34,64.76,11.58
5122,2024-06-01,482,5,3,3,107.0,79.4,27.6
5123,2024-06-01,104,5,4,4,187.77,127.14,60.63
5124,2024-06-01,75,3,1,2,185.8,134.94,50.86
5125,2024-06-01,156,3,4,5,520.18,414.17,106.01
5126,2024-06-01,116,5,1,4,177.74,122.13,55.61
5127,2024-06-01,428,1,4,4,1213.2,760.83,452.37
5128,2024-06-01,346,6,2,1,28.73,22.58,6.15
5129,2024-06-01,10,2,4,3,1012.56,864.4,148.16
5130,2024-06-01,217,5,2,4,153.16,109.75,43.41
5131,2024-06-01,106,4,1,1,60.82,34.18,26.64
5132,2024-06-01,458,1,4,3,1027.64,630.06,397.58
5133,2024-06-01,319,6,4,3,118.49,91.55,26.94
5134,2024-06-02,353,1,2,2,476.44,302.3,174.14
5135,2024-06-02,50,5,5,5,165.39,120.84,44.55
5136,2024-06-02,121,6,4,5,215.89,173.11,42.78
5137,2024-06-02,220,3,5,2,157.02,118.58,38.44
5138,2024-06-02,406,4,2,1,51.01,28.98,22.03
5139,2024-06-02,453,3,1,3,252.81,195.4,57.41
5140,2024-06-02,413,2,1,3,820.64,659.01,161.63
5141,2024-06-02,363,1,1,3,759.16,472.42,286.74
5142,2024-06-02,445,5,3,1,29.02,21.59,7.43
5143,2024-06-02,387,6,1,5,156.01,127.5,28.51
5144,2024-06-02,199,5,2,4,169.09,118.08,51.01
5145,2024-06-03,186,6,3,4,108.17,86.13,22.04
5146,2024-06-03,212,1,3,3,702.92,479.09,223.83
5147,2024-06-03,442,6,3,5,143.25,108.03,35.22
5148,2024-06-03,150,2,1,2,600.92,505.92,95.0
5149,2024-06-03,105,4,3,3,133.59,72.31,61.28
5150,2024-06-03,298,1,1,1,276.1,192.58,83.52
5151,2024-06-03,275,1,3,4,731.06,483.97,247.09
5152,2024-06-03,245,1,1,2,484.19,322.71,161.48
5153,2024-06-03,137,3,2,2,177.89,132.26,45.63
5154,2024-06-03,429,4,4,4,343.15,198.03,145.12
5155,2024-06-03,103,5,4,2,101.66,72.82,28.84
5156,2024-06-03,401,3,2,1,75.71,58.28,17.43
5157,2024-06-04,214,3,4,1,118.81,89.65,29.16
5158,2024-06-04,50,2,5,2,456.73,393.87,62.86
5159,2024-06-04,423,6,5,5,142.35,113.16,29.19
5160,2024-06-04,483,6,4,5,200.31,163.09,37.22
5161,2024-06-04,198,5,2,2,83.29,58.59,24.7
5162,2024-06-04,114,4,1,4,242.18,132.78,109.4
5163,2024-06-04,130,1,5,1,206.0,132.51,73.49
5164,2024-06-04,83,4,1,4,284.69,148.38,136.31
5165,2024-06-04,111,6,4,4,171.19,136.65,34.54
5166,2024-06-04,133,1,3,2,454.33,274.27,180.06
5167,2024-06-04,44,3,4,3,342.71,243.12,99.59
5168,2024-06-05,351,2,5,1,245.84,203.83,42.01
5169,2024-06-05,445,3,3,4,272.29,210.26,62.03
5170,2024-06-05,120,3,2,1,69.13,48.7,20.43
5171,2024-06-05,421,5,5,1,40.95,27.96,12.99
5172,2024-06-05,151,3,1,1,93.62,69.9,23.72
5173,2024-06-05,422,1,3,3,606.33,376.77,229.56
5174,2024-06-05,367,2,5,4,971.32,870.13,101.19
5175,2024-06-05,295,2,2,5,1418.89,1189.12,229.77
5176,2024-06-06,484,4,5,4,219.38,124.76,94.62
5177,2024-06-06,457,4,4,5,465.59,274.58,191.01
5178,2024-06-06,40,6,4,5,229.82,193.89,35.93
5179,2024-06-06,401,1,2,1,227.89,146.68,81.21
5180,2024-06-06,29,1,4,2,751.65,520.05,231.6
5181,2024-06-06,176,2,4,2,685.86,582.16,103.7
5182,2024-06-06,497,4,4,2,151.74,76.29,75.45
5183,2024-06-06,268,5,3,1,31.22,21.3,9.92
5184,2024-06-07,328,2,1,3,771.59,671.86,99.73
5185,2024-06-07,495,6,2,5,134.33,110.32,24.01
5186,2024-06-07,72,3,4,2,196.48,146.46,50.02
5187,2024-06-07,26,5,1,4,178.09,133.12,44.97
5188,2024-06-07,120,4,2,4,228.1,121.3,106.8
5189,2024-06-07,392,1,2,4,1138.66,772.81,365.85
5190,2024-06-07,463,2,5,5,1353.96,1168.38,185.58
5191,2024-06-07,147,6,3,2,54.77,43.59,11.18
5192,2024-06-08,18,6,1,2,60.59,48.97,11.62
5193,2024-06-08,326,5,4,1,52.31,35.17,17.14
5194,2024-06-08,278,6,3,2,51.25,38.47,12.78
5195,2024-06-08,96,2,3,3,706.67,627.76,78.91
5196,2024-06-08,295,3,2,2,157.09,111.72,45.37
5197,2024-06-08,418,5,1,1,41.02,28.85,12.17
5198,2024-06-08,165,1,4,2,752.08,490.31,261.77
5199,2024-06-08,15,6,2,1,32.25,26.66,5.59
5200,2024-06-08,142,5,4,4,207.69,144.48,63.21
5201,2024-06-08,347,2,1,3,865.36,701.15,164.21
5202,2024-06-08,306,2,5,1,237.03,197.34,39.69
5203,2024-06-08,376,1,4,5,1752.47,1095.7,656.77
5204,2024-06-08,195,6,2,4,112.12,85.95,26.17
5205,2024-06-08,65,3,1,3,258.36,191.72,66.64
5206,2024-06-08,468,4,4,5,420.43,235.84,184.59
5207,2024-06-08,482,5,3,3,100.36,74.09,26.27
5208,2024-06-08,50,5,5,3,97.3,69.17,28.13
5209,2024-06-09,306,5,5,1,34.15,24.68,9.47
5210,2024-06-09,185,2,1,2,530.73,433.44,97.29
5211,2024-06-09,107,6,4,1,34.9,28.57,6.33
5212,2024-06-09,197,4,1,3,176.71,103.5,73.21
5213,2024-06-09,100,2,5,2,476.94,415.49,61.45
5214,2024-06-10,20,3,4,5,591.02,469.71,121.31
5215,2024-06-10,344,3,4,5,543.48,432.17,111.31
5216,2024-06-10,471,3,4,5,570.3,447.42,122.88
5217,2024-06-10,229,1,2,1,268.28,167.0,101.28
5218,2024-06-10,121,2,4,3,1111.64,958.16,153.48
5219,2024-06-10,82,2,1,1,259.77,221.06,38.71
5220,2024-06-10,188,2,5,4,1061.71,920.95,140.76
5221,2024-06-10,147,6,3,4,106.14,85.46,20.68
5222,2024-06-11,265,1,4,3,903.6,632.51,271.09
5223,2024-06-11,240,2,1,1,258.59,213.88,44.71
5224,2024-06-11,22,3,1,3,250.44,197.53,52.91
5225,2024-06-11,406,4,2,1,63.56,35.3,28.26
5226,2024-06-11,18,6,1,3,95.6,73.51,22.09
5227,2024-06-11,226,5,2,1,43.54,30.91,12.63
5228,2024-06-11,427,4,4,5,351.16,190.3,160.86
5229,2024-06-11,130,1,5,2,519.34,359.51,159.83
5230,2024-06-11,234,1,2,2,447.3,304.82,142.48
5231,2024-06-11,308,4,5,3,166.66,86.78,79.88
5232,2024-06-11,69,2,3,1,187.03,164.26,22.77
5233,2024-06-11,203,1,4,3,951.23,572.93,378.3
5234,2024-06-11,117,2,4,1,303.83,252.8,51.03
5235,2024-06-11,181,5,2,2,68.36,48.92,19.44
5236,2024-06-11,4,1,1,4,969.11,640.67,328.44
5237,2024-06-12,17,5,4,5,272.25,196.82,75.43
5238,2024-06-12,493,3,1,5,481.16,355.87,125.29
5239,2024-06-12,101,5,5,5,181.46,133.03,48.43
5240,2024-06-12,248,3,4,4,491.91,386.76,105.15
5241,2024-06-12,414,3,4,1,102.98,73.62,29.36
5242,2024-06-12,235,1,1,4,1144.12,756.14,387.98
5243,2024-06-12,160,6,1,4,110.54,93.91,16.63
5244,2024-06-12,23,5,2,5,171.67,121.33,50.34
5245,2024-06-12,399,4,3,1,50.74,27.3,23.44
5246,2024-06-12,326,2,4,4,1515.41,1242.31,273.1
5247,2024-06-12,367,1,5,4,823.62,558.47,265.15
5248,2024-06-12,404,1,1,5,1295.87,843.05,452.82
5249,2024-06-13,37,6,2,5,148.98,112.74,36.24
5250,2024-06-13,242,1,2,3,862.27,529.97,332.3
5251,2024-06-13,182,6,5,5,158.96,134.8,24.16
5252,2024-06-13,371,2,4,3,1059.96,910.23,149.73
5253,2024-06-13,51,5,4,4,198.49,140.71,57.78
5254,2024-06-13,231,3,5,1,79.06,56.38,22.68
5255,2024-06-13,77,5,2,3,105.26,78.48,26.78
5256,2024-06-13,384,6,1,2,66.53,52.9,13.63
5257,2024-06-13,346,4,2,3,153.68,83.97,69.71
5258,2024-06-14,228,3,4,1,107.58,75.32,32.26
5259,2024-06-14,249,6,2,4,114.19,87.32,26.87
5260,2024-06-14,117,5,4,4,220.37,149.41,70.96
5261,2024-06-14,461,2,4,1,358.6,317.82,40.78
5262,2024-06-14,458,1,4,5,1712.38,1136.5,575.88
5263,2024-06-14,355,5,1,1,36.76,26.43,10.33
5264,2024-06-14,448,3,3,4,311.48,231.37,80.11
5265,2024-06-14,215,2,5,4,957.11,769.64,187.47
5266,2024-06-14,358,3,3,2,133.93,101.43,32.5
5267,2024-06-14,136,5,1,4,150.41,98.65,51.76
5268,2024-06-15,457,5,4,5,268.24,180.53,87.71
5269,2024-06-15,477,5,4,1,56.98,39.43,17.55
5270,2024-06-15,393,1,4,3,922.8,556.71,366.09
5271,2024-06-15,79,3,1,1,82.82,61.18,21.64
5272,2024-06-15,382,3,1,3,282.35,198.22,84.13
5273,2024-06-15,121,5,4,3,183.02,120.03,62.99
5274,2024-06-15,462,3,2,3,244.81,189.59,55.22
5275,2024-06-15,47,4,4,4,326.49,190.24,136.25
5276,2024-06-15,406,2,2,2,488.15,415.65,72.5
5277,2024-06-15,171,4,4,4,356.63,197.92,158.71
5278,2024-06-15,276,6,4,4,176.03,134.42,41.61
5279,2024-06-16,145,2,2,2,455.35,370.03,85.32
5280,2024-06-16,313,1,4,3,1086.94,657.45,429.49
5281,2024-06-16,99,3,5,1,70.14,50.62,19.52
5282,2024-06-16,492,6,1,2,57.19,47.91,9.28
5283,2024-06-16,6,5,2,1,36.6,26.97,9.63
5284,2024-06-16,431,3,3,1,60.08,46.9,13.18
5285,2024-06-16,299,1,4,5,1577.06,1076.34,500.72
5286,2024-06-16,178,2,4,3,1073.13,929.66,143.47
5287,2024-06-16,466,2,2,1,235.5,198.56,36.94
5288,2024-06-16,411,2,3,4,776.55,623.11,153.44
5289,2024-06-16,333,5,3,1,36.76,25.88,10.88
5290,2024-06-16,449,4,3,3,137.11,81.81,55.3
5291,2024-06-17,219,5,5,1,38.61,28.36,10.25
5292,2024-06-17,166,4,1,1,67.66,40.25,27.41
5293,2024-06-17,61,2,1,4,956.03,827.78,128.25
5294,2024-06-17,164,6,5,4,119.01,94.45,24.56
5295,2024-06-17,492,5,1,5,210.16,140.41,69.75
5296,2024-06-17,100,2,5,5,1282.32,1151.27,131.05
5297,2024-06-18,309,2,4,3,980.84,850.09,130.75
5298,2024-06-18,262,4,3,2,106.9,61.05,45.85
5299,2024-06-18,255,1,5,2,516.96,334.6,182.36
5300,2024-06-18,405,2,3,1,192.38,171.95,20.43
5301,2024-06-18,459,2,1,5,1448.57,1297.95,150.62
5302,2024-06-18,142,1,4,2,760.53,485.74,274.79
5303,2024-06-18,115,4,2,1,59.27,33.46,25.81
5304,2024-06-18,441,3,1,4,347.23,261.19,86.04
5305,2024-06-18,473,6,4,2,75.28,61.05,14.23
5306,2024-06-18,447,5,3,4,147.83,104.55,43.28
5307,2024-06-18,35,2,2,5,1143.16,931.74,211.42
5308,2024-06-18,116,5,1,1,36.93,25.99,10.94
5309,2024-06-18,223,2,1,5,1399.93,1241.47,158.46
5310,2024-06-18,277,5,5,4,137.69,100.29,37.4
5311,2024-06-18,17,1,4,5,1501.66,925.62,576.04
5312,2024-06-19,352,1,1,1,241.09,163.52,77.57
5313,2024-06-19,457,3,4,2,217.25,167.79,49.46
5314,2024-06-19,308,4,5,5,256.71,153.64,103.07
5315,2024-06-19,295,6,2,3,88.89,68.2,20.69
5316,2024-06-19,351,6,5,1,29.69,25.09,4.6
5317,2024-06-19,84,2,4,2,595.46,507.62,87.84
5318,2024-06-19,189,6,1,5,163.82,136.51,27.31
5319,2024-06-19,278,1,3,3,655.43,398.22,257.21
5320,2024-06-19,84,5,4,3,167.11,125.3,41.81
5321,2024-06-19,410,4,2,4,238.86,130.1,108.76
5322,2024-06-19,86,2,2,2,438.76,393.69,45.07
5323,2024-06-19,96,4,3,1,45.75,26.56,19.19
5324,2024-06-20,393,1,4,2,588.02,381.11,206.91
5325,2024-06-20,493,5,1,5,189.78,130.42,59.36
5326,2024-06-20,303,4,4,1,85.16,45.53,39.63
5327,2024-06-20,132,1,2,3,837.47,511.25,326.22
5328,2024-06-20,166,3,1,5,455.9,325.94,129.96
5329,2024-06-20,114,6,1,4,119.34,99.24,20.1
5330,2024-06-20,15,2,2,2,526.87,455.88,70.99
5331,2024-06-20,471,2,4,1,371.47,308.55,62.92
5332,2024-06-20,50,3,5,5,362.33,268.08,94.25
5333,2024-06-20,184,6,3,5,140.79,111.09,29.7
5334,2024-06-20,179,4,2,3,177.1,96.68,80.42
5335,2024-06-20,410,5,2,5,208.18,139.93,68.25
5336,2024-06-20,12,1,4,5,1719.22,1056.81,662.41
5337,2024-06-20,240,2,1,2,532.33,434.8,97.53
5338,2024-06-20,303,3,4,5,617.08,454.32,162.76
5339,2024-06-21,178,5,4,3,139.14,93.06,46.08
5340,2024-06-21,69,4,3,1,52.45,31.43,21.02
5341,2024-06-21,449,6,3,1,28.29,21.94,6.35
5342,2024-06-21,120,2,2,1,233.2,204.7,28.5
5343,2024-06-21,115,4,2,4,254.93,129.13,125.8
5344,2024-06-21,487,2,2,5,1420.01,1161.55,258.46
5345,2024-06-21,121,3,4,4,431.77,307.62,124.15
5346,2024-06-21,194,3,3,3,200.52,143.71,56.81
5347,2024-06-21,135,5,4,1,57.88,41.62,16.26
5348,2024-06-21,291,2,1,4,948.45,799.31,149.14
5349,2024-06-21,138,2,3,5,918.81,806.31,112.5
5350,2024-06-21,398,4,3,4,177.79,100.98,76.81
5351,2024-06-21,496,3,2,1,76.68,60.21,16.47
5352,2024-06-21,162,2,3,2,435.98,385.71,50.27
5353,2024-06-22,20,6,4,2,89.1,67.73,21.37
5354,2024-06-22,33,1,4,1,312.21,215.23,96.98
5355,2024-06-22,233,2,1,2,515.4,459.79,55.61
5356,2024-06-22,240,6,1,3,92.28,71.0,21.28
5357,2024-06-22,465,1,1,3,895.56,603.55,292.01
5358,2024-06-22,487,1,2,4,981.88,672.25,309.63
5359,2024-06-22,216,2,3,4,827.15,714.31,112.84
5360,2024-06-22,356,5,3,1,31.31,21.94,9.37
5361,2024-06-22,108,2,4,1,337.88,277.58,60.3
5362,2024-06-22,396,3,4,3,333.02,240.34,92.68
5363,2024-06-22,279,4,4,5,431.89,225.94,205.95
5364,2024-06-22,175,4,4,4,347.45,202.28,145.17
5365,2024-06-23,140,3,3,2,142.95,113.41,29.54
5366,2024-06-23,455,4,1,5,308.09,177.73,130.36
5367,2024-06-23,151,3,1,5,383.79,296.32,87.47
5368,2024-06-23,466,2,2,2,529.35,466.4,62.95
5369,2024-06-23,162,5,3,2,64.6,43.07,21.53
5370,2024-06-23,122,4,2,2,119.66,61.08,58.58
5371,2024-06-23,262,6,3,4,113.15,91.46,21.69
5372,2024-06-23,82,6,1,2,70.77,56.12,14.65
5373,2024-06-23,110,5,4,5,295.73,194.5,101.23
5374,2024-06-23,462,4,2,5,338.43,177.23,161.2
5375,2024-06-23,364,4,3,5,281.03,156.86,124.17
5376,2024-06-23,187,3,5,4,340.1,261.31,78.79
5377,2024-06-23,145,5,2,3,125.32,92.11,33.21
5378,2024-06-23,7,1,2,1,272.82,165.39,107.43
5379,2024-06-23,295,3,2,1,86.33,65.24,21.09
5380,2024-06-24,151,6,1,2,58.34,44.75,13.59
5381,2024-06-24,127,6,5,2,59.31,50.28,9.03
5382,2024-06-24,480,6,3,5,121.18,99.83,21.35
5383,2024-06-24,233,4,1,1,58.12,30.9,27.22
5384,2024-06-24,61,3,1,4,354.88,258.12,96.76
5385,2024-06-24,432,5,4,1,57.8,39.19,18.61
5386,2024-06-24,176,6,4,2,69.54,54.39,15.15
5387,2024-06-24,266,4,2,2,129.56,73.66,55.9
5388,2024-06-25,316,6,5,3,74.77,60.1,14.67
5389,2024-06-25,138,6,3,4,111.13,90.79,20.34
5390,2024-06-25,251,1,1,5,1303.49,860.9,442.59
5391,2024-06-25,360,1,2,4,854.03,512.56,341.47
5392,2024-06-25,450,2,1,2,464.87,406.41,58.46
5393,2024-06-25,422,3,3,3,222.65,169.74,52.91
5394,2024-06-25,289,6,1,2,63.01,52.55,10.46
5395,2024-06-25,417,3,1,5,449.06,345.05,104.01
5396,2024-06-25,119,4,4,1,75.94,41.69,34.25
5397,2024-06-25,409,4,1,5,301.96,174.76,127.2
5398,2024-06-25,475,6,1,5,176.31,141.13,35.18
5399,2024-06-25,89,1,1,1,233.21,146.21,87.0
5400,2024-06-25,402,4,5,4,213.55,113.37,100.18
5401,2024-06-25,261,1,4,1,329.73,215.84,113.89
5402,2024-06-25,425,2,5,1,270.92,216.92,54.0
5403,2024-06-26,238,4,4,1,77.67,44.99,32.68
5404,2024-06-26,180,2,1,1,289.36,249.53,39.83
5405,2024-06-26,34,2,5,5,1053.35,904.51,148.84
5406,2024-06-26,54,4,2,5,300.32,159.53,140.79
5407,2024-06-26,471,1,4,1,350.63,215.72,134.91
5408,2024-06-26,488,2,3,2,370.32,304.21,66.11
5409,2024-06-26,61,4,1,5,279.77,152.01,127.76
5410,2024-06-26,465,4,1,5,354.26,211.92,142.34
5411,2024-06-26,148,3,2,2,179.77,128.94,50.83
5412,2024-06-26,480,2,3,5,951.35,796.76,154.59
5413,2024-06-26,397,2,3,3,622.72,514.99,107.73
5414,2024-06-27,26,6,1,5,137.35,106.17,31.18
5415,2024-06-27,9,3,2,3,223.46,170.55,52.91
5416,2024-06-27,415,3,1,4,334.23,260.87,73.36
5417,2024-06-27,277,2,5,5,1123.07,946.21,176.86
5418,2024-06-27,173,5,4,4,188.73,139.12,49.61
5419,2024-06-27,265,6,4,3,126.93,106.54,20.39
5420,2024-06-27,476,2,1,5,1165.83,945.34,220.49
5421,2024-06-28,79,3,1,4,333.03,249.9,83.13
5422,2024-06-28,272,6,1,4,119.85,99.52,20.33
5423,2024-06-28,75,1,1,5,1267.02,884.78,382.24
5424,2024-06-28,34,3,5,2,130.95,95.06,35.89
5425,2024-06-28,150,4,1,3,164.19,85.88,78.31
5426,2024-06-28,449,6,3,2,55.74,44.77,10.97
5427,2024-06-28,448,6,3,5,119.36,90.74,28.62
5428,2024-06-28,321,1,3,4,743.6,453.69,289.91
5429,2024-06-28,471,6,4,1,38.33,29.04,9.29
5430,2024-06-28,99,2,5,5,1052.2,879.45,172.75
5431,2024-06-29,280,6,4,1,36.72,31.15,5.57
5432,2024-06-29,54,2,2,5,1389.79,1130.39,259.4
5433,2024-06-29,16,6,2,5,149.2,120.2,29.0
5434,2024-06-29,17,4,4,5,447.9,242.0,205.9
5435,2024-06-29,431,4,3,1,50.99,26.8,24.19
5436,2024-06-29,333,5,3,2,61.66,43.85,17.81
5437,2024-06-29,118,5,2,2,69.23,46.16,23.07
5438,2024-06-29,466,4,2,4,224.58,113.91,110.67
5439,2024-06-29,337,3,4,4,436.19,334.05,102.14
5440,2024-06-29,23,5,2,1,41.91,29.84,12.07
5441,2024-06-29,431,3,3,1,75.82,59.91,15.91
5442,2024-06-29,131,5,3,5,149.17,104.64,44.53
5443,2024-06-29,441,3,1,5,455.83,349.61,106.22
5444,2024-06-29,156,2,4,1,380.42,315.2,65.22
5445,2024-06-29,337,5,4,4,222.75,150.07,72.68
5446,2024-06-30,108,5,4,4,201.17,149.29,51.88
5447,2024-06-30,304,3,4,3,333.21,255.88,77.33
5448,2024-06-30,100,5,5,1,32.96,24.26,8.7
5449,2024-06-30,36,4,1,5,349.09,180.06,169.03
5450,2024-06-30,280,6,4,1,40.93,31.06,9.87
5451,2024-06-30,385,4,3,3,138.16,79.74,58.42
5452,2024-06-30,467,3,5,3,204.13,145.68,58.45
5453,2024-06-30,123,1,2,1,222.62,155.38,67.24
5454,2024-07-01,66,3,1,4,299.63,263.87,35.76
5455,2024-07-01,399,4,3,2,109.45,74.35,35.1
5456,2024-07-01,82,3,1,2,185.4,164.04,21.36
5457,2024-07-01,96,5,3,5,164.39,138.74,25.65
5458,2024-07-01,120,3,2,3,217.14,191.08,26.06
5459,2024-07-01,189,1,1,3,757.84,593.64,164.2
5460,2024-07-01,142,5,4,4,220.69,184.85,35.84
5461,2024-07-01,231,4,5,1,48.97,34.08,14.89
5462,2024-07-01,102,4,4,1,73.78,46.9,26.88
5463,2024-07-01,366,2,3,1,205.28,196.33,8.95
5464,2024-07-01,357,3,4,5,459.65,395.2,64.45
5465,2024-07-01,470,3,4,4,476.75,398.57,78.18
5466,2024-07-01,110,4,4,1,77.93,48.77,29.16
5467,2024-07-02,7,1,2,2,472.16,363.39,108.77
5468,2024-07-02,230,1,4,2,732.61,560.1,172.51
5469,2024-07-02,147,5,3,4,143.59,114.27,29.32
5470,2024-07-02,169,4,5,1,57.5,39.12,18.38
5471,2024-07-02,90,5,5,4,165.41,140.4,25.01
5472,2024-07-02,27,1,3,5,1005.35,810.31,195.04
5473,2024-07-02,109,3,4,2,194.27,177.55,16.72
5474,2024-07-02,127,5,5,5,162.09,126.67,35.42
5475,2024-07-02,400,4,2,4,209.2,148.27,60.93
5476,2024-07-02,88,3,4,5,497.49,415.53,81.96
5477,2024-07-03,132,2,2,4,1013.21,951.9,61.31
5478,2024-07-03,237,4,1,1,57.13,39.03,18.1
5479,2024-07-03,71,6,2,1,27.39,23.84,3.55
5480,2024-07-03,175,2,4,4,1481.74,1369.02,112.72
5481,2024-07-03,236,3,2,4,330.01,278.86,51.15
5482,2024-07-03,424,1,1,4,923.77,730.93,192.84
5483,2024-07-03,3,1,1,2,493.47,364.96,128.51
5484,2024-07-03,279,4,4,5,346.3,247.72,98.58
5485,2024-07-03,283,6,1,5,164.71,153.18,11.53
5486,2024-07-03,227,2,5,3,742.6,720.32,22.28
5487,2024-07-03,266,2,2,5,1321.13,1230.16,90.97
5488,2024-07-04,33,3,4,1,92.25,79.54,12.71
5489,2024-07-04,9,4,2,4,218.06,148.2,69.86
5490,2024-07-04,493,2,1,5,1130.76,1096.84,33.92
5491,2024-07-04,89,4,1,4,280.73,182.29,98.44
5492,2024-07-04,301,5,3,4,122.18,103.01,19.17
5493,2024-07-04,17,1,4,2,673.05,551.8,121.25
5494,2024-07-04,295,5,2,1,35.05,27.0,8.05
5495,2024-07-04,127,4,5,4,246.6,170.65,75.95
5496,2024-07-04,473,3,4,4,492.15,433.29,58.86
5497,2024-07-04,284,4,2,2,127.34,80.59,46.75
5498,2024-07-04,15,4,2,4,274.9,187.64,87.26
5499,2024-07-05,73,6,1,1,35.16,31.63,3.53
5500,2024-07-05,126,1,2,4,1132.68,884.61,248.07
5501,2024-07-05,347,3,1,4,376.68,327.12,49.56
5502,2024-07-05,375,6,4,4,147.39,130.2,17.19
5503,2024-07-05,283,3,1,1,76.5,63.99,12.51
5504,2024-07-05,482,1,3,5,1016.9,752.58,264.32
5505,2024-07-05,162,4,3,1,43.51,29.29,14.22
5506,2024-07-05,110,5,4,1,51.04,42.5,8.54
5507,2024-07-06,220,5,5,3,123.35,101.57,21.78
5508,2024-07-06,167,5,5,4,135.94,104.73,31.21
5509,2024-07-06,440,2,4,3,1035.81,1004.74,31.07
5510,2024-07-06,157,3,3,1,60.96,52.51,8.45
5511,2024-07-06,22,3,1,5,420.21,353.82,66.39
5512,2024-07-06,143,5,4,2,123.99,102.81,21.18
5513,2024-07-06,168,5,5,4,160.99,127.38,33.61
5514,2024-07-06,320,3,4,3,353.75,324.89,28.86
5515,2024-07-06,494,1,3,4,842.09,650.89,191.2
5516,2024-07-06,117,2,4,1,348.06,330.0,18.06
5517,2024-07-06,203,4,4,4,307.81,197.06,110.75
5518,2024-07-06,477,5,4,1,53.01,41.15,11.86
5519,2024-07-06,128,2,1,3,829.05,804.18,24.87
5520,2024-07-07,31,5,1,1,38.44,29.77,8.67
5521,2024-07-07,115,3,2,2,163.94,144.58,19.36
5522,2024-07-07,190,3,5,5,436.75,370.19,66.56
5523,2024-07-07,262,1,3,2,371.04,301.87,69.17
5524,2024-07-07,441,5,1,3,137.12,107.49,29.63
5525,2024-07-07,298,3,1,2,166.54,150.62,15.92
5526,2024-07-07,132,5,2,3,117.23,101.82,15.41
5527,2024-07-07,384,6,1,5,161.84,142.62,19.22
5528,2024-07-07,265,4,4,3,220.38,144.36,76.02
5529,2024-07-07,260,2,2,5,1268.88,1230.81,38.07
5530,2024-07-07,451,5,4,2,94.17,78.4,15.77
5531,2024-07-07,112,3,1,4,353.96,319.52,34.44
5532,2024-07-07,427,5,4,5,309.79,268.16,41.63
5533,2024-07-07,314,1,3,2,407.23,294.78,112.45
5534,2024-07-07,46,3,2,4,361.17,300.41,60.76
5535,2024-07-08,185,6,1,3,88.26,80.25,8.01
5536,2024-07-08,181,6,2,1,26.37,25.39,0.98
5537,2024-07-08,269,2,1,5,1499.11,1385.35,113.76
5538,2024-07-08,331,6,3,2,49.34,43.52,5.82
5539,2024-07-08,3,2,1,3,856.16,806.98,49.18
5540,2024-07-08,406,4,2,2,113.08,76.92,36.16
5541,2024-07-08,177,1,5,4,1067.82,821.61,246.21
5542,2024-07-08,39,1,2,3,677.27,516.23,161.04
5543,2024-07-08,27,5,3,5,165.72,143.54,22.18
5544,2024-07-08,172,5,3,3,108.88,93.01,15.87
5545,2024-07-08,74,2,3,1,237.94,220.85,17.09
5546,2024-07-08,167,1,5,4,1022.14,753.85,268.29
5547,2024-07-09,435,2,4,5,1442.03,1398.77,43.26
5548,2024-07-09,461,6,4,4,163.83,146.51,17.32
5549,2024-07-09,172,4,3,2,102.86,69.94,32.92
5550,2024-07-09,365,6,5,2,56.43,51.17,5.26
5551,2024-07-09,375,5,4,3,180.09,145.69,34.4
5552,2024-07-09,418,2,1,2,490.75,476.03,14.72
5553,2024-07-10,171,2,4,3,992.57,962.79,29.78
5554,2024-07-10,378,6,1,4,117.01,113.1,3.91
5555,2024-07-10,241,5,2,3,133.62,116.12,17.5
5556,2024-07-10,8,6,2,3,103.4,90.72,12.68
5557,2024-07-10,493,5,1,2,83.39,70.21,13.18
5558,2024-07-10,160,5,1,4,177.49,141.96,35.53
5559,2024-07-10,318,1,3,4,930.36,734.75,195.61
5560,2024-07-10,87,5,3,4,148.18,126.99,21.19
5561,2024-07-10,172,5,3,4,154.5,119.09,35.41
5562,2024-07-11,453,1,1,5,1185.84,930.01,255.83
5563,2024-07-11,133,5,3,5,169.56,137.51,32.05
5564,2024-07-11,366,2,3,4,804.75,780.61,24.14
5565,2024-07-11,252,5,5,3,126.53,98.64,27.89
5566,2024-07-11,169,1,5,1,215.38,159.84,55.54
5567,2024-07-11,399,5,3,3,107.38,83.89,23.49
5568,2024-07-11,230,1,4,1,325.26,245.23,80.03
5569,2024-07-11,274,6,4,1,34.6,30.86,3.74
5570,2024-07-12,112,5,1,2,89.98,76.65,13.33
5571,2024-07-12,130,4,5,4,224.39,141.23,83.16
5572,2024-07-12,403,4,4,4,338.6,213.43,125.17
5573,2024-07-12,115,1,2,2,503.99,402.53,101.46
5574,2024-07-12,19,6,1,1,33.69,32.54,1.15
5575,2024-07-12,477,2,4,5,1896.82,1810.31,86.51
5576,2024-07-12,220,3,5,3,223.15,190.47,32.68
5577,2024-07-12,108,5,4,4,226.41,180.8,45.61
5578,2024-07-12,323,4,4,2,146.1,99.57,46.53
5579,2024-07-13,422,3,3,2,135.76,120.5,15.26
5580,2024-07-13,485,5,4,3,158.24,133.67,24.57
5581,2024-07-13,494,6,3,4,94.46,82.51,11.95
5582,2024-07-13,71,5,2,3,134.37,110.71,23.66
5583,2024-07-13,272,4,1,1,67.47,47.22,20.25
5584,2024-07-13,211,6,1,5,164.22,146.97,17.25
5585,2024-07-13,62,4,5,1,49.44,33.77,15.67
5586,2024-07-13,402,1,5,4,953.08,779.24,173.84
5587,2024-07-13,202,4,3,4,212.67,153.12,59.55
5588,2024-07-13,274,3,4,5,529.87,458.44,71.43
5589,2024-07-13,277,3,5,1,86.95,78.55,8.4
5590,2024-07-13,367,5,5,3,125.32,106.9,18.42
5591,2024-07-13,76,6,1,1,29.28,27.25,2.03
5592,2024-07-13,375,5,4,2,105.5,84.86,20.64
5593,2024-07-13,321,3,3,1,68.21,57.95,10.26
5594,2024-07-13,266,3,2,5,362.2,316.44,45.76
5595,2024-07-14,179,6,2,1,26.26,25.36,0.9
5596,2024-07-14,296,5,4,2,109.42,91.02,18.4
5597,2024-07-14,321,1,3,2,414.82,304.48,110.34
5598,2024-07-14,492,5,1,5,217.35,171.05,46.3
5599,2024-07-14,46,2,2,5,1247.38,1209.96,37.42
5600,2024-07-14,323,5,4,1,52.82,44.01,8.81
5601,2024-07-14,148,6,2,3,86.85,77.59,9.26
5602,2024-07-14,105,1,3,2,440.85,347.49,93.36
5603,2024-07-14,488,2,3,1,219.59,213.0,6.59
5604,2024-07-14,298,1,1,5,1295.85,1017.73,278.12
5605,2024-07-14,166,3,1,1,77.24,64.49,12.75
5606,2024-07-14,109,5,4,5,279.99,222.48,57.51
5607,2024-07-14,257,5,5,1,39.85,34.03,5.82
5608,2024-07-14,31,1,1,3,852.74,694.09,158.65
5609,2024-07-14,25,5,5,4,164.61,141.84,22.77
5610,2024-07-15,153,6,4,5,221.12,211.89,9.23
5611,2024-07-15,234,3,2,1,80.46,69.33,11.13
5612,2024-07-15,179,1,2,3,856.17,648.41,207.76
5613,2024-07-15,29,2,4,5,1842.41,1697.42,144.99
5614,2024-07-15,338,3,2,1,89.88,74.92,14.96
5615,2024-07-15,187,4,5,1,51.03,35.99,15.04
5616,2024-07-15,500,5,5,5,198.68,160.63,38.05
5617,2024-07-15,70,2,4,2,591.11,573.38,17.73
5618,2024-07-15,491,1,3,2,393.51,287.8,105.71
5619,2024-07-15,47,5,4,5,247.78,210.86,36.92
5620,2024-07-15,279,1,4,3,1127.37,813.96,313.41
5621,2024-07-16,64,3,1,3,242.74,209.79,32.95
5622,2024-07-16,474,4,4,2,176.02,123.49,52.53
5623,2024-07-16,172,6,3,3,76.36,66.6,9.76
5624,2024-07-16,140,6,3,2,50.83,46.96,3.87
5625,2024-07-16,494,4,3,3,151.65,99.81,51.84
5626,2024-07-16,298,2,1,5,1449.26,1405.78,43.48
5627,2024-07-16,313,1,4,5,1745.21,1374.63,370.58
5628,2024-07-16,261,5,4,1,57.34,48.24,9.1
5629,2024-07-16,264,4,2,3,196.97,130.51,66.46
5630,2024-07-16,42,5,5,3,98.4,78.73,19.67
5631,2024-07-16,352,5,1,3,118.51,101.34,17.17
5632,2024-07-16,159,3,1,2,151.68,128.43,23.25
5633,2024-07-16,104,4,4,4,275.5,178.73,96.77
5634,2024-07-16,463,1,5,1,250.1,184.01,66.09
5635,2024-07-17,84,2,4,1,318.07,308.53,9.54
5636,2024-07-17,8,4,2,1,61.75,40.42,21.33
5637,2024-07-17,174,1,5,5,1061.44,847.32,214.12
5638,2024-07-17,381,5,2,2,71.25,57.92,13.33
5639,2024-07-17,280,4,4,5,403.68,271.6,132.08
5640,2024-07-17,476,1,1,4,1093.14,884.65,208.49
5641,2024-07-17,170,2,1,2,539.24,508.83,30.41
5642,2024-07-17,240,4,1,2,138.69,93.7,44.99
5643,2024-07-17,97,4,4,5,362.47,235.86,126.61
5644,2024-07-17,463,4,5,1,61.87,43.24,18.63
5645,2024-07-18,114,3,1,5,472.16,425.13,47.03
5646,2024-07-18,305,3,4,1,92.06,84.63,7.43
5647,2024-07-18,134,2,3,5,1211.73,1129.76,81.97
5648,2024-07-18,151,2,1,4,1182.66,1128.19,54.47
5649,2024-07-18,387,1,1,1,229.98,182.95,47.03
5650,2024-07-19,36,1,1,3,840.33,649.95,190.38
5651,2024-07-19,481,2,4,2,754.52,731.88,22.64
5652,2024-07-19,156,3,4,4,397.61,333.39,64.22
5653,2024-07-19,238,5,4,1,47.13,39.46,7.67
5654,2024-07-19,27,3,3,5,388.23,338.53,49.7
5655,2024-07-19,98,6,4,5,193.73,169.78,23.95
5656,2024-07-19,318,4,3,5,284.46,185.88,98.58
5657,2024-07-19,213,4,2,4,204.09,133.17,70.92
5658,2024-07-19,225,2,1,4,961.91,925.05,36.86
5659,2024-07-19,451,1,4,2,584.97,474.2,110.77
5660,2024-07-19,48,5,1,1,47.53,39.57,7.96
5661,2024-07-20,418,3,1,2,175.69,155.51,20.18
5662,2024-07-20,12,6,4,5,191.88,179.15,12.73
5663,2024-07-20,372,3,1,1,77.35,64.59,12.76
5664,2024-07-20,181,2,2,5,1073.77,1041.56,32.21
5665,2024-07-20,55,1,4,3,1129.74,890.3,239.44
5666,2024-07-20,204,3,4,2,218.74,186.36,32.38
5667,2024-07-20,186,3,3,5,333.58,297.77,35.81
5668,2024-07-20,28,3,2,4,284.82,252.46,32.36
5669,2024-07-20,433,2,1,4,1100.61,1013.22,87.39
5670,2024-07-20,163,5,1,3,144.25,114.75,29.5
5671,2024-07-20,273,5,1,2,74.84,62.93,11.91
5672,2024-07-20,87,5,3,2,77.47,60.87,16.6
5673,2024-07-20,35,1,2,5,1436.31,1140.2,296.11
5674,2024-07-21,7,2,2,2,476.02,445.44,30.58
5675,2024-07-21,198,6,2,4,124.07,119.45,4.62
5676,2024-07-21,29,6,4,5,187.71,174.78,12.93
5677,2024-07-21,9,4,2,3,160.25,110.24,50.01
5678,2024-07-21,333,6,3,5,113.25,109.83,3.42
5679,2024-07-21,451,3,4,4,408.97,367.47,41.5
5680,2024-07-21,173,5,4,1,47.0,37.25,9.75
5681,2024-07-22,500,3,5,4,296.41,265.5,30.91
5682,2024-07-22,95,1,3,5,1012.37,750.68,261.69
5683,2024-07-22,471,5,4,4,225.5,191.1,34.4
5684,2024-07-22,370,1,3,5,936.99,766.89,170.1
5685,2024-07-22,185,1,1,5,1483.4,1167.61,315.79
5686,2024-07-22,233,6,1,5,145.07,139.68,5.39
5687,2024-07-22,91,2,5,4,1046.31,1014.92,31.39
5688,2024-07-22,391,3,3,1,77.94,68.29,9.65
5689,2024-07-22,399,1,3,4,787.21,636.8,150.41
5690,2024-07-22,124,3,3,4,248.76,226.16,22.6
5691,2024-07-22,189,4,1,1,59.11,39.46,19.65
5692,2024-07-22,269,6,1,3,89.35,84.29,5.06
5693,2024-07-23,262,6,3,2,51.97,45.76,6.21
5694,2024-07-23,54,6,2,2,61.36,54.24,7.12
5695,2024-07-23,61,6,1,5,146.64,141.87,4.77
5696,2024-07-23,331,6,3,1,25.47,23.16,2.31
5697,2024-07-23,144,1,1,4,1106.87,888.61,218.26
5698,2024-07-23,96,3,3,5,318.89,285.82,33.07
5699,2024-07-23,80,2,2,1,221.61,207.32,14.29
5700,2024-07-24,70,5,4,2,101.58,80.23,21.35
5701,2024-07-24,469,6,1,4,122.54,117.44,5.1
5702,2024-07-24,48,6,1,4,141.23,132.41,8.82
5703,2024-07-24,123,6,2,5,138.58,126.22,12.36
5704,2024-07-24,224,4,1,3,184.75,126.35,58.4
5705,2024-07-24,326,5,4,2,95.21,79.56,15.65
5706,2024-07-24,347,4,1,3,179.83,124.38,55.45
5707,2024-07-24,448,1,3,4,955.38,757.91,197.47
5708,2024-07-24,310,1,4,5,1822.11,1398.53,423.58
5709,2024-07-24,496,4,2,3,200.72,139.38,61.34
5710,2024-07-24,189,5,1,4,166.9,133.9,33.0
5711,2024-07-24,115,3,2,4,342.48,285.7,56.78
5712,2024-07-24,245,1,1,5,1416.54,1140.58,275.96
5713,2024-07-24,43,5,3,4,139.52,110.47,29.05
5714,2024-07-24,249,4,2,1,52.54,37.18,15.36
5715,2024-07-24,164,5,5,2,85.35,74.1,11.25
5716,2024-07-25,171,4,4,5,363.7,229.72,133.98
5717,2024-07-25,227,3,5,2,160.08,140.39,19.69
5718,2024-07-25,436,3,1,5,461.7,408.48,53.22
5719,2024-07-25,481,6,4,3,129.46,122.65,6.81
5720,2024-07-25,344,1,4,3,1127.74,894.7,233.04
5721,2024-07-25,457,3,4,3,335.94,290.81,45.13
5722,2024-07-26,398,4,3,1,44.62,32.03,12.59
5723,2024-07-26,374,3,1,2,145.56,130.97,14.59
5724,2024-07-26,474,1,4,1,382.09,301.81,80.28
5725,2024-07-26,391,1,3,3,628.64,453.08,175.56
5726,2024-07-26,45,6,1,4,118.64,111.7,6.94
5727,2024-07-26,89,4,1,5,301.16,207.7,93.46
5728,2024-07-26,266,3,2,1,69.27,57.57,11.7
5729,2024-07-27,247,5,2,2,87.06,69.38,17.68
5730,2024-07-27,284,2,2,4,922.37,894.7,27.67
5731,2024-07-27,242,4,2,2,121.8,82.87,38.93
5732,2024-07-27,358,5,3,2,61.19,51.56,9.63
5733,2024-07-27,500,4,5,3,158.01,98.68,59.33
5734,2024-07-27,192,5,2,4,143.39,116.25,27.14
5735,2024-07-27,259,5,1,1,43.25,36.45,6.8
5736,2024-07-27,371,1,4,3,894.57,709.2,185.37
5737,2024-07-27,496,6,2,4,128.27,119.23,9.04
5738,2024-07-27,46,4,2,4,234.73,146.97,87.76
5739,2024-07-27,350,5,2,5,192.27,152.88,39.39
5740,2024-07-27,415,4,1,3,207.21,141.92,65.29
5741,2024-07-27,387,3,1,2,167.44,152.56,14.88
5742,2024-07-27,316,6,5,2,65.1,62.32,2.78
5743,2024-07-28,283,5,1,5,178.82,150.62,28.2
5744,2024-07-28,463,5,5,1,35.92,30.94,4.98
5745,2024-07-28,245,5,1,1,36.78,31.71,5.07
5746,2024-07-28,354,6,2,3,93.78,85.22,8.56
5747,2024-07-28,461,6,4,2,84.93,75.0,9.93
5748,2024-07-28,342,1,4,5,1706.49,1330.46,376.03
5749,2024-07-29,114,3,1,2,174.79,154.53,20.26
5750,2024-07-29,320,2,4,3,1081.87,1049.41,32.46
5751,2024-07-29,348,4,3,1,49.9,35.85,14.05
5752,2024-07-29,491,5,3,3,102.23,88.18,14.05
5753,2024-07-29,483,4,4,1,92.67,64.24,28.43
5754,2024-07-29,222,5,4,1,53.08,45.65,7.43
5755,2024-07-29,219,1,5,5,1341.35,1001.05,340.3
5756,2024-07-29,64,5,1,4,163.01,130.34,32.67
5757,2024-07-29,174,3,5,4,269.11,235.83,33.28
5758,2024-07-29,395,6,3,1,26.56,24.13,2.43
5759,2024-07-29,114,2,1,5,1256.65,1218.95,37.7
5760,2024-07-29,158,3,3,5,300.0,273.49,26.51
5761,2024-07-29,296,5,4,5,255.82,203.87,51.95
5762,2024-07-30,277,4,5,2,99.06,67.21,31.85
5763,2024-07-30,15,4,2,3,159.52,108.37,51.15
5764,2024-07-30,89,6,1,5,143.48,124.85,18.63
5765,2024-07-30,431,5,3,5,154.52,120.88,33.64
5766,2024-07-30,214,1,4,1,349.29,251.88,97.41
5767,2024-07-30,447,4,3,2,97.01,62.1,34.91
5768,2024-07-30,210,3,3,2,117.35,98.19,19.16
5769,2024-07-30,369,5,4,4,218.6,169.81,48.79
5770,2024-07-30,409,2,1,1,281.4,272.96,8.44
5771,2024-07-30,477,6,4,4,180.6,175.16,5.44
5772,2024-07-30,419,1,4,1,309.44,226.32,83.12
5773,2024-07-30,43,1,3,5,1066.94,783.27,283.67
5774,2024-07-30,222,1,4,3,939.47,725.94,213.53
5775,2024-07-30,214,6,4,4,162.63,142.3,20.33
5776,2024-07-30,158,4,3,4,228.35,162.18,66.17
5777,2024-07-30,409,5,1,4,151.63,129.88,21.75
5778,2024-07-31,281,4,2,1,60.8,39.08,21.72
5779,2024-07-31,35,5,2,4,148.69,117.4,31.29
5780,2024-07-31,21,1,1,2,578.96,456.02,122.94
5781,2024-07-31,384,6,1,2,66.47,61.04,5.43
5782,2024-07-31,361,2,1,1,226.69,218.94,7.75
5783,2024-07-31,219,2,5,1,252.44,244.87,7.57
5784,2024-07-31,359,3,1,4,367.05,314.81,52.24
5785,2024-07-31,446,6,2,5,138.31,128.54,9.77
5786,2024-08-01,485,4,4,4,364.58,245.64,118.94
5787,2024-08-01,23,4,2,3,163.15,101.65,61.5
5788,2024-08-01,255,6,5,4,118.93,113.64,5.29
5789,2024-08-01,122,4,2,2,117.66,73.19,44.47
5790,2024-08-01,471,1,4,3,864.38,631.9,232.48
5791,2024-08-01,295,6,2,2,52.07,49.04,3.03
5792,2024-08-01,7,3,2,3,246.77,205.72,41.05
5793,2024-08-01,245,4,1,1,54.67,36.32,18.35
5794,2024-08-01,434,2,5,1,235.3,222.99,12.31
5795,2024-08-01,440,5,4,3,170.88,147.97,22.91
5796,2024-08-01,86,5,2,3,107.58,87.85,19.73
5797,2024-08-01,222,5,4,3,142.07,121.7,20.37
5798,2024-08-02,81,4,5,4,203.35,137.48,65.87
5799,2024-08-02,216,3,3,2,155.31,133.77,21.54
5800,2024-08-02,53,4,2,3,195.2,134.43,60.77
5801,2024-08-02,366,2,3,1,214.31,203.99,10.32
5802,2024-08-02,120,1,2,2,538.05,438.79,99.26
5803,2024-08-02,163,3,1,3,288.4,254.09,34.31
5804,2024-08-02,227,5,5,3,104.61,81.58,23.03
5805,2024-08-02,481,5,4,5,276.86,213.23,63.63
5806,2024-08-02,421,5,5,4,133.25,113.9,19.35
5807,2024-08-02,164,5,5,5,176.43,152.17,24.26
5808,2024-08-02,407,5,5,5,201.33,161.05,40.28
5809,2024-08-02,256,5,1,2,74.49,62.94,11.55
5810,2024-08-03,440,6,4,2,70.46,62.99,7.47
5811,2024-08-03,129,6,2,5,129.09,117.93,11.16
5812,2024-08-03,220,5,5,3,129.18,105.91,23.27
5813,2024-08-03,462,6,2,3,84.99,81.55,3.44
5814,2024-08-03,366,5,3,2,76.6,63.21,13.39
5815,2024-08-03,202,6,3,3,73.65,65.56,8.09
5816,2024-08-03,452,5,1,5,215.49,169.23,46.26
5817,2024-08-03,35,4,2,3,187.66,125.14,62.52
5818,2024-08-03,234,5,2,2,74.06,58.99,15.07
5819,2024-08-03,145,4,2,2,111.73,75.73,36.0
5820,2024-08-03,148,3,2,3,209.02,185.14,23.88
5821,2024-08-03,406,6,2,4,123.11,110.19,12.92
5822,2024-08-03,423,1,5,5,1134.76,852.96,281.8
5823,2024-08-03,214,5,4,2,108.42,86.83,21.59
5824,2024-08-03,388,3,3,1,67.18,57.65,9.53
5825,2024-08-04,3,1,1,2,576.77,464.01,112.76
5826,2024-08-04,445,3,3,4,257.72,234.26,23.46
5827,2024-08-04,182,3,5,4,328.12,299.43,28.69
5828,2024-08-04,284,1,2,4,1102.1,795.11,306.99
5829,2024-08-04,433,1,1,3,804.85,583.39,221.46
5830,2024-08-04,404,1,1,4,971.68,734.15,237.53
5831,2024-08-04,42,1,5,3,796.27,630.17,166.1
5832,2024-08-04,302,3,2,1,90.85,82.86,7.99
5833,2024-08-04,129,2,2,5,1326.48,1286.69,39.79
5834,2024-08-04,312,3,1,5,479.55,428.04,51.51
5835,2024-08-04,481,6,4,4,159.68,142.82,16.86
5836,2024-08-05,126,2,2,4,900.85,873.82,27.03
5837,2024-08-05,94,4,5,2,109.73,72.78,36.95
5838,2024-08-05,193,3,4,2,197.81,180.35,17.46
5839,2024-08-05,279,2,4,5,1841.89,1786.63,55.26
5840,2024-08-05,120,6,2,5,133.62,121.79,11.83
5841,2024-08-05,169,4,5,2,111.0,69.07,41.93
5842,2024-08-05,332,3,3,2,145.81,121.9,23.91
5843,2024-08-05,447,5,3,1,29.43,25.01,4.42
5844,2024-08-05,328,3,1,2,182.26,166.58,15.68
5845,2024-08-05,277,3,5,2,167.22,145.34,21.88
5846,2024-08-05,373,3,1,1,79.84,69.38,10.46
5847,2024-08-05,388,6,3,3,71.85,69.31,2.54
5848,2024-08-05,131,5,3,5,183.7,150.99,32.71
5849,2024-08-05,483,5,4,4,236.49,195.82,40.67
5850,2024-08-05,291,6,1,2,63.56,60.26,3.3
5851,2024-08-06,409,3,1,4,326.35,280.67,45.68
5852,2024-08-06,14,3,2,5,418.45,345.31,73.14
5853,2024-08-06,266,1,2,3,741.47,584.9,156.57
5854,2024-08-06,281,6,2,1,33.44,31.81,1.63
5855,2024-08-06,147,3,3,1,65.51,57.51,8.0
5856,2024-08-06,104,4,4,3,243.16,160.25,82.91
5857,2024-08-06,451,6,4,3,127.13,119.42,7.71
5858,2024-08-06,276,5,4,3,165.33,127.71,37.62
5859,2024-08-06,63,6,2,5,157.69,139.59,18.1
5860,2024-08-06,394,4,3,2,94.42,62.93,31.49
5861,2024-08-06,293,1,3,2,383.18,301.99,81.19
5862,2024-08-06,362,2,5,5,1105.95,1072.77,33.18
5863,2024-08-07,343,3,1,2,168.33,144.85,23.48
5864,2024-08-07,306,3,5,1,69.05,61.05,8.0
5865,2024-08-07,417,4,1,3,166.45,106.71,59.74
5866,2024-08-07,30,1,2,4,931.69,755.5,176.19
5867,2024-08-07,105,1,3,4,883.43,694.68,188.75
5868,2024-08-08,76,4,1,2,144.76,92.44,52.32
5869,2024-08-08,135,3,4,1,103.7,89.86,13.84
5870,2024-08-08,302,5,2,4,157.0,121.91,35.09
5871,2024-08-08,433,5,1,3,128.03,102.5,25.53
5872,2024-08-08,193,1,4,1,370.11,268.18,101.93
5873,2024-08-08,15,6,2,3,87.46,83.06,4.4
5874,2024-08-08,393,3,4,5,499.9,416.16,83.74
5875,2024-08-08,16,6,2,3,98.8,92.28,6.52
5876,2024-08-08,345,1,2,1,249.88,198.65,51.23
5877,2024-08-08,112,5,1,4,159.73,126.7,33.03
5878,2024-08-08,120,4,2,5,270.52,194.5,76.02
5879,2024-08-08,115,5,2,3,134.87,105.61,29.26
5880,2024-08-08,142,4,4,4,338.64,218.02,120.62
5881,2024-08-09,229,3,2,2,136.49,114.13,22.36
5882,2024-08-09,148,4,2,4,239.49,162.53,76.96
5883,2024-08-09,490,1,2,2,521.18,388.61,132.57
5884,2024-08-09,294,6,4,3,133.43,124.43,9.0
5885,2024-08-09,176,1,4,4,1240.58,930.81,309.77
5886,2024-08-09,195,6,2,5,167.04,147.7,19.34
5887,2024-08-09,348,1,3,5,903.94,680.47,223.47
5888,2024-08-09,127,4,5,5,299.36,194.22,105.14
5889,2024-08-09,73,3,1,1,84.4,72.11,12.29
5890,2024-08-09,53,3,2,5,340.51,292.2,48.31
5891,2024-08-10,86,1,2,3,753.28,615.27,138.01
5892,2024-08-10,383,1,4,5,1898.05,1476.12,421.93
5893,2024-08-10,217,2,2,5,1213.07,1171.73,41.34
5894,2024-08-10,326,5,4,2,112.87,93.31,19.56
5895,2024-08-10,37,6,2,5,171.86,157.08,14.78
5896,2024-08-10,367,3,5,4,308.95,277.08,31.87
5897,2024-08-10,284,5,2,3,130.71,108.3,22.41
5898,2024-08-10,369,6,4,3,112.54,99.61,12.93
5899,2024-08-10,21,2,1,4,959.87,931.07,28.8
5900,2024-08-11,412,6,5,2,59.7,54.21,5.49
5901,2024-08-11,330,6,2,5,155.03,136.57,18.46
5902,2024-08-11,341,3,5,1,80.47,67.26,13.21
5903,2024-08-11,318,4,3,5,268.29,180.0,88.29
5904,2024-08-11,105,5,3,4,120.71,102.02,18.69
5905,2024-08-11,61,6,1,3,91.82,80.08,11.74
5906,2024-08-11,32,1,5,1,224.1,176.74,47.36
5907,2024-08-11,225,3,1,1,87.03,71.77,15.26
5908,2024-08-11,392,6,2,5,154.51,139.82,14.69
5909,2024-08-11,298,1,1,3,787.4,642.96,144.44
5910,2024-08-11,203,5,4,4,205.75,166.68,39.07
5911,2024-08-11,55,4,4,4,347.46,216.87,130.59
5912,2024-08-11,168,3,5,4,333.94,291.68,42.26
5913,2024-08-11,430,4,3,3,131.22,91.67,39.55
5914,2024-08-11,318,2,3,2,481.52,467.07,14.45
5915,2024-08-11,153,2,4,2,767.22,708.99,58.23
5916,2024-08-12,106,3,1,4,295.93,249.92,46.01
5917,2024-08-12,38,1,3,5,1187.37,950.63,236.74
5918,2024-08-12,189,4,1,4,281.9,200.71,81.19
5919,2024-08-12,395,2,3,5,1062.05,1030.19,31.86
5920,2024-08-12,91,6,5,2,54.66,50.87,3.79
5921,2024-08-12,138,3,3,4,304.87,256.87,48.0
5922,2024-08-12,394,3,3,3,222.27,199.28,22.99
5923,2024-08-12,494,2,3,1,227.3,209.42,17.88
5924,2024-08-12,166,2,1,2,594.14,576.32,17.82
5925,2024-08-12,285,5,2,2,75.49,63.82,11.67
5926,2024-08-12,282,1,1,2,601.03,477.33,123.7
5927,2024-08-12,170,5,1,5,238.48,201.81,36.67
5928,2024-08-12,466,4,2,5,281.44,187.07,94.37
5929,2024-08-12,499,1,1,3,739.69,537.78,201.91
5930,2024-08-13,247,2,2,3,656.24,619.27,36.97
5931,2024-08-13,358,6,3,4,106.82,98.49,8.33
5932,2024-08-13,149,3,2,5,419.6,357.82,61.78
5933,2024-08-13,21,2,1,3,892.16,845.8,46.36
5934,2024-08-13,496,3,2,5,356.05,311.55,44.5
5935,2024-08-13,164,4,5,4,211.22,150.6,60.62
5936,2024-08-13,486,6,3,1,22.23,20.54,1.69
5937,2024-08-13,8,5,2,1,35.74,29.17,6.57
5938,2024-08-13,235,4,1,2,108.83,68.5,40.33
5939,2024-08-13,119,4,4,1,79.18,53.04,26.14
5940,2024-08-13,448,6,3,1,24.99,23.03,1.96
5941,2024-08-13,482,5,3,3,112.86,95.4,17.46
5942,2024-08-13,492,2,1,3,700.06,651.67,48.39
5943,2024-08-14,337,1,4,4,1184.85,959.56,225.29
5944,2024-08-14,224,6,1,4,139.44,122.62,16.82
5945,2024-08-14,204,1,4,2,721.47,542.42,179.05
5946,2024-08-14,143,2,4,3,965.46,917.38,48.08
5947,2024-08-14,346,3,2,3,216.53,183.98,32.55
5948,2024-08-14,416,3,4,2,232.23,198.79,33.44
5949,2024-08-14,190,4,5,2,110.26,72.22,38.04
5950,2024-08-14,332,6,3,1,22.38,21.01,1.37
5951,2024-08-14,344,3,4,1,108.18,95.41,12.77
5952,2024-08-14,426,5,3,3,89.59,71.17,18.42
5953,2024-08-14,476,2,1,2,469.67,444.16,25.51
5954,2024-08-14,270,5,1,1,37.47,30.85,6.62
5955,2024-08-14,430,2,3,2,366.39,350.7,15.69
5956,2024-08-15,321,5,3,5,155.55,128.41,27.14
5957,2024-08-15,147,2,3,5,1050.64,1019.12,31.52
5958,2024-08-15,199,2,2,1,220.29,210.16,10.13
5959,2024-08-15,182,6,5,3,86.9,82.52,4.38
5960,2024-08-15,31,6,1,5,179.0,162.08,16.92
5961,2024-08-15,331,3,3,1,72.17,64.27,7.9
5962,2024-08-15,163,1,1,4,920.63,678.96,241.67
5963,2024-08-15,161,2,4,1,307.76,298.14,9.62
5964,2024-08-15,356,1,3,5,1063.46,805.85,257.61
5965,2024-08-15,88,4,4,2,167.45,118.51,48.94
5966,2024-08-15,474,2,4,5,1767.25,1714.23,53.02
5967,2024-08-15,324,3,1,3,243.58,214.86,28.72
5968,2024-08-15,142,4,4,5,463.26,327.88,135.38
5969,2024-08-16,308,2,5,4,1083.02,1027.09,55.93
5970,2024-08-16,159,6,1,1,29.35,27.98,1.37
5971,2024-08-16,493,4,1,3,197.77,138.12,59.65
5972,2024-08-16,125,5,4,5,240.56,189.18,51.38
5973,2024-08-16,178,6,4,3,105.92,98.82,7.1
5974,2024-08-16,129,4,2,5,332.02,211.89,120.13
5975,2024-08-16,23,5,2,5,191.35,155.71,35.64
5976,2024-08-16,49,4,1,2,139.39,87.67,51.72
5977,2024-08-16,39,4,2,3,158.22,110.52,47.7
5978,2024-08-17,200,5,2,4,159.04,126.4,32.64
5979,2024-08-17,325,3,1,3,225.68,192.7,32.98
5980,2024-08-17,91,6,5,5,128.87,120.48,8.39
5981,2024-08-17,471,1,4,5,1491.68,1161.9,329.78
5982,2024-08-17,81,4,5,2,130.62,84.46,46.16
5983,2024-08-17,172,5,3,4,135.08,112.69,22.39
5984,2024-08-17,210,1,3,1,227.98,176.5,51.48
5985,2024-08-17,344,4,4,5,389.75,264.02,125.73
5986,2024-08-17,407,2,5,5,1284.59,1185.92,98.67
5987,2024-08-17,146,6,3,4,103.48,92.04,11.44
5988,2024-08-17,236,6,2,4,137.24,130.19,7.05
5989,2024-08-17,175,5,4,5,307.46,266.78,40.68
5990,2024-08-17,107,3,4,5,482.04,431.57,50.47
5991,2024-08-17,95,4,3,1,44.65,29.69,14.96
5992,2024-08-17,262,6,3,4,114.76,105.45,9.31
5993,2024-08-17,275,1,3,3,687.43,544.2,143.23
5994,2024-08-17,134,6,3,1,24.39,22.23,2.16
5995,2024-08-17,33,4,4,5,456.91,297.2,159.71
5996,2024-08-17,356,5,3,4,131.0,105.38,25.62
5997,2024-08-18,253,1,2,3,860.32,623.21,237.11
5998,2024-08-18,154,5,2,2,72.03,58.23,13.8
5999,2024-08-18,180,4,1,4,257.37,172.74,84.63
6000,2024-08-18,296,5,4,3,140.18,118.4,21.78
6001,2024-08-18,304,1,4,5,1591.67,1209.25,382.42
6002,2024-08-18,153,5,4,3,181.26,154.8,26.46
6003,2024-08-18,457,3,4,3,367.28,304.6,62.68
6004,2024-08-18,103,5,4,1,52.03,44.66,7.37
6005,2024-08-18,288,6,4,4,156.3,141.14,15.16
6006,2024-08-18,353,5,2,1,39.67,34.5,5.17
6007,2024-08-18,372,6,1,4,135.89,130.02,5.87
6008,2024-08-18,132,3,2,4,309.22,281.93,27.29
6009,2024-08-18,68,2,4,4,1303.51,1264.4,39.11
6010,2024-08-18,122,3,2,1,71.3,64.34,6.96
6011,2024-08-18,361,2,1,5,1421.02,1378.39,42.63
6012,2024-08-18,46,1,2,1,246.4,179.71,66.69
6013,2024-08-19,38,3,3,4,245.39,218.87,26.52
6014,2024-08-19,178,6,4,5,228.81,204.11,24.7
6015,2024-08-19,400,1,2,2,489.98,366.99,122.99
6016,2024-08-19,353,2,2,4,1024.06,993.34,30.72
6017,2024-08-19,330,2,2,5,1241.14,1203.91,37.23
6018,2024-08-19,45,3,1,1,92.31,79.08,13.23
6019,2024-08-20,411,3,3,4,300.85,267.25,33.6
6020,2024-08-20,1,3,4,4,425.17,379.72,45.45
6021,2024-08-20,163,3,1,3,269.89,238.87,31.02
6022,2024-08-20,329,5,3,1,35.94,30.45,5.49
6023,2024-08-20,437,1,4,1,307.96,233.16,74.8
6024,2024-08-20,330,6,2,4,133.81,128.15,5.66
6025,2024-08-20,35,6,2,4,126.61,114.2,12.41
6026,2024-08-20,292,1,3,3,679.16,540.64,138.52
6027,2024-08-21,185,2,1,3,868.73,838.66,30.07
6028,2024-08-21,302,5,2,3,132.6,107.11,25.49
6029,2024-08-21,378,2,1,4,1156.15,1064.3,91.85
6030,2024-08-21,210,1,3,4,934.79,685.86,248.93
6031,2024-08-21,425,1,5,3,782.44,579.4,203.04
6032,2024-08-21,411,5,3,1,33.8,27.62,6.18
6033,2024-08-21,157,3,3,3,175.17,158.7,16.47
6034,2024-08-21,283,4,1,1,59.72,39.01,20.71
6035,2024-08-21,239,3,2,1,74.22,67.77,6.45
6036,2024-08-21,372,6,1,5,141.15,134.45,6.7
6037,2024-08-21,350,4,2,5,295.6,202.5,93.1
6038,2024-08-21,495,4,2,5,304.28,199.2,105.08
6039,2024-08-22,30,5,2,2,73.41,62.0,11.41
6040,2024-08-22,156,5,4,4,228.09,180.67,47.42
6041,2024-08-22,159,6,1,2,57.27,55.42,1.85
6042,2024-08-22,93,4,1,5,356.12,245.98,110.14
6043,2024-08-22,500,4,5,4,204.52,128.84,75.68
6044,2024-08-22,416,2,4,5,1825.89,1748.57,77.32
6045,2024-08-22,202,3,3,1,60.3,53.59,6.71
6046,2024-08-22,64,5,1,5,241.26,193.96,47.3
6047,2024-08-22,462,2,2,3,642.0,602.72,39.28
6048,2024-08-22,355,5,1,1,36.32,31.18,5.14
6049,2024-08-22,209,2,2,4,1013.71,981.71,32.0
6050,2024-08-22,75,4,1,1,70.88,49.17,21.71
6051,2024-08-22,416,2,4,1,356.3,345.61,10.69
6052,2024-08-22,238,4,4,2,184.95,124.69,60.26
6053,2024-08-22,411,2,3,4,801.98,777.92,24.06
6054,2024-08-23,313,1,4,1,372.77,281.84,90.93
6055,2024-08-23,285,4,2,5,286.45,193.9,92.55
6056,2024-08-23,429,5,4,5,241.18,197.16,44.02
6057,2024-08-24,87,4,3,3,139.25,96.47,42.78
6058,2024-08-24,287,4,5,3,159.74,101.35,58.39
6059,2024-08-24,462,4,2,3,173.91,112.19,61.72
6060,2024-08-24,230,6,4,1,40.55,38.55,2.0
6061,2024-08-24,56,6,2,2,52.26,48.9,3.36
6062,2024-08-24,154,4,2,5,338.19,221.95,116.24
6063,2024-08-24,250,4,1,4,227.41,158.06,69.35
6064,2024-08-24,340,2,3,4,738.62,716.46,22.16
6065,2024-08-24,273,5,1,5,215.41,172.99,42.42
6066,2024-08-24,172,5,3,3,90.0,69.77,20.23
6067,2024-08-24,117,2,4,4,1344.9,1304.55,40.35
6068,2024-08-25,421,5,5,3,102.21,83.74,18.47
6069,2024-08-25,348,4,3,5,236.53,168.0,68.53
6070,2024-08-25,298,2,1,1,279.13,260.5,18.63
6071,2024-08-25,415,4,1,4,281.52,189.88,91.64
6072,2024-08-25,342,5,4,5,276.42,238.0,38.42
6073,2024-08-25,223,5,1,5,216.28,175.19,41.09
6074,2024-08-25,275,2,3,3,567.33,549.51,17.82
6075,2024-08-25,89,1,1,1,246.83,178.76,68.07
6076,2024-08-25,9,1,2,5,1106.89,837.94,268.95
6077,2024-08-26,20,1,4,4,1363.17,1097.34,265.83
6078,2024-08-26,403,3,4,3,321.56,279.68,41.88
6079,2024-08-26,306,1,5,1,264.86,198.31,66.55
6080,2024-08-26,69,3,3,4,268.61,235.96,32.65
6081,2024-08-26,147,2,3,4,966.22,910.81,55.41
6082,2024-08-26,83,1,1,2,472.4,366.41,105.99
6083,2024-08-26,343,2,1,3,765.7,742.73,22.97
6084,2024-08-26,170,4,1,3,196.41,131.76,64.65
6085,2024-08-26,67,4,5,2,122.72,82.43,40.29
6086,2024-08-26,389,5,1,1,47.62,39.92,7.7
6087,2024-08-26,171,4,4,1,71.68,44.83,26.85
6088,2024-08-26,70,1,4,1,293.54,230.65,62.89
6089,2024-08-26,300,6,3,5,126.07,121.53,4.54
6090,2024-08-27,47,3,4,4,445.34,394.95,50.39
6091,2024-08-27,356,5,3,3,115.99,96.52,19.47
6092,2024-08-27,175,5,4,1,52.89,45.15,7.74
6093,2024-08-27,310,6,4,3,114.28,108.57,5.71
6094,2024-08-27,56,4,2,2,102.74,65.15,37.59
6095,2024-08-28,284,5,2,2,78.9,61.78,17.12
6096,2024-08-28,195,6,2,5,155.34,146.72,8.62
6097,2024-08-28,74,1,3,5,1212.7,899.49,313.21
6098,2024-08-28,445,6,3,2,49.96,44.81,5.15
6099,2024-08-28,117,4,4,1,90.06,63.71,26.35
6100,2024-08-28,339,1,5,3,693.83,521.1,172.73
6101,2024-08-28,287,2,5,5,1099.53,1053.79,45.74
6102,2024-08-28,379,5,5,1,32.81,26.0,6.81
6103,2024-08-28,56,3,2,4,363.41,320.42,42.99
6104,2024-08-28,120,1,2,2,444.78,346.63,98.15
6105,2024-08-28,66,4,1,4,269.71,194.02,75.69
6106,2024-08-28,42,2,5,1,237.83,230.7,7.13
6107,2024-08-29,416,3,4,2,186.99,154.85,32.14
6108,2024-08-29,367,3,5,2,144.69,126.7,17.99
6109,2024-08-29,427,1,4,2,647.42,520.8,126.62
6110,2024-08-29,451,5,4,2,103.99,86.04,17.95
6111,2024-08-29,29,5,4,2,111.72,94.54,17.18
6112,2024-08-29,300,6,3,4,94.06,87.34,6.72
6113,2024-08-29,144,6,1,2,68.49,64.75,3.74
6114,2024-08-29,193,3,4,2,236.29,208.26,28.03
6115,2024-08-29,108,1,4,1,290.48,227.74,62.74
6116,2024-08-29,426,1,3,1,236.56,185.35,51.21
6117,2024-08-30,9,5,2,2,87.51,71.01,16.5
6118,2024-08-30,73,2,1,3,691.43,670.69,20.74
6119,2024-08-30,382,1,1,5,1380.63,1049.42,331.21
6120,2024-08-30,497,6,4,2,85.71,74.89,10.82
6121,2024-08-30,342,1,4,1,316.03,254.07,61.96
6122,2024-08-30,358,2,3,3,573.57,546.58,26.99
6123,2024-08-30,318,5,3,2,74.13,61.35,12.78
6124,2024-08-30,205,6,4,5,181.73,171.84,9.89
6125,2024-08-30,455,2,1,3,745.85,710.25,35.6
6126,2024-08-30,285,3,2,3,223.22,194.95,28.27
6127,2024-08-30,42,5,5,4,130.29,107.07,23.22
6128,2024-08-30,83,4,1,3,188.09,119.4,68.69
6129,2024-08-30,255,1,5,5,1109.28,859.03,250.25
6130,2024-08-30,381,4,2,5,270.57,177.53,93.04
6131,2024-08-30,174,6,5,5,141.04,131.81,9.23
6132,2024-08-30,235,2,1,1,243.59,236.28,7.31
6133,2024-08-31,121,6,4,1,41.5,38.08,3.42
6134,2024-08-31,419,1,4,5,1852.54,1353.24,499.3
6135,2024-08-31,315,5,3,1,35.1,27.05,8.05
6136,2024-08-31,11,1,1,1,242.51,178.35,64.16
6137,2024-08-31,449,3,3,5,358.19,326.55,31.64
6138,2024-08-31,153,4,4,5,394.39,255.54,138.85
6139,2024-08-31,158,1,3,4,936.73,696.78,239.95
6140,2024-08-31,56,3,2,4,365.96,309.49,56.47
6141,2024-08-31,400,3,2,5,447.1,375.45,71.65
6142,2024-08-31,108,1,4,4,1339.08,1044.61,294.47
6143,2024-08-31,38,3,3,5,294.41,268.34,26.07
6144,2024-08-31,173,3,4,3,358.2,305.51,52.69
6145,2024-09-01,188,3,5,1,67.7,55.63,12.07
6146,2024-09-01,310,1,4,3,1025.04,745.71,279.33
6147,2024-09-01,93,4,1,4,253.94,177.37,76.57
6148,2024-09-01,128,2,1,2,594.26,576.43,17.83
6149,2024-09-01,251,2,1,2,525.8,487.88,37.92
6150,2024-09-01,162,4,3,3,146.54,103.42,43.12
6151,2024-09-01,41,4,2,1,61.92,41.4,20.52
6152,2024-09-01,351,3,5,3,226.83,189.77,37.06
6153,2024-09-01,262,2,3,2,474.31,438.12,36.19
6154,2024-09-01,159,1,1,5,1348.53,974.03,374.5
6155,2024-09-01,24,2,1,3,882.05,855.59,26.46
6156,2024-09-01,353,6,2,5,158.48,150.18,8.3
6157,2024-09-01,85,3,4,3,304.47,278.37,26.1
6158,2024-09-01,260,1,2,5,1070.01,774.2,295.81
6159,2024-09-02,493,2,1,3,839.95,798.96,40.99
6160,2024-09-02,417,1,1,4,922.33,674.73,247.6
6161,2024-09-02,101,3,5,5,365.52,323.2,42.32
6162,2024-09-02,30,4,2,3,165.22,104.81,60.41
6163,2024-09-02,80,3,2,4,321.63,278.61,43.02
6164,2024-09-02,40,6,4,3,111.82,98.28,13.54
6165,2024-09-03,187,1,5,5,1222.5,890.61,331.89
6166,2024-09-03,235,3,1,5,417.36,360.74,56.62
6167,2024-09-03,7,3,2,5,383.95,351.13,32.82
6168,2024-09-03,473,1,4,2,756.29,566.31,189.98
6169,2024-09-03,491,5,3,3,87.47,70.12,17.35
6170,2024-09-03,273,3,1,1,81.71,71.53,10.18
6171,2024-09-03,102,4,4,3,242.33,172.55,69.78
6172,2024-09-03,394,2,3,4,958.93,912.14,46.79
6173,2024-09-03,117,5,4,4,198.58,162.76,35.82
6174,2024-09-03,146,4,3,1,58.2,40.36,17.84
6175,2024-09-03,496,3,2,4,298.23,253.53,44.7
6176,2024-09-03,304,4,4,5,390.65,254.68,135.97
6177,2024-09-03,458,3,4,5,575.59,479.02,96.57
6178,2024-09-03,167,3,5,1,82.33,75.4,6.93
6179,2024-09-04,179,2,2,4,974.28,945.05,29.23
6180,2024-09-04,405,1,3,3,562.25,438.42,123.83
6181,2024-09-04,118,5,2,2,91.83,74.66,17.17
6182,2024-09-04,68,4,4,1,73.65,50.84,22.81
6183,2024-09-04,340,1,3,5,1097.38,879.06,218.32
6184,2024-09-05,25,1,5,3,794.5,642.42,152.08
6185,2024-09-05,119,4,4,5,366.57,252.71,113.86
6186,2024-09-05,378,6,1,5,165.49,158.15,7.34
6187,2024-09-05,462,5,2,5,172.42,133.96,38.46
6188,2024-09-05,302,2,2,5,1310.19,1247.13,63.06
6189,2024-09-05,274,6,4,4,182.71,162.53,20.18
6190,2024-09-05,354,3,2,4,306.56,276.12,30.44
6191,2024-09-05,205,4,4,1,72.81,50.61,22.2
6192,2024-09-05,19,4,1,4,259.4,178.59,80.81
6193,2024-09-06,137,3,2,1,69.69,62.18,7.51
6194,2024-09-06,128,4,1,3,177.35,118.15,59.2
6195,2024-09-06,112,5,1,4,169.97,144.48,25.49
6196,2024-09-06,215,5,5,2,85.51,68.49,17.02
6197,2024-09-06,16,2,2,1,231.62,223.54,8.08
6198,2024-09-06,377,5,4,4,219.27,174.95,44.32
6199,2024-09-06,387,3,1,1,73.16,64.23,8.93
6200,2024-09-06,59,6,2,1,32.21,30.59,1.62
6201,2024-09-06,400,5,2,1,44.37,36.88,7.49
6202,2024-09-06,319,1,4,5,1695.35,1382.96,312.39
6203,2024-09-06,81,5,5,5,207.51,178.23,29.28
6204,2024-09-07,477,1,4,3,1103.75,833.02,270.73
6205,2024-09-07,72,5,4,5,309.9,239.02,70.88
6206,2024-09-07,239,6,2,2,61.76,55.67,6.09
6207,2024-09-07,131,4,3,2,93.39,65.37,28.02
6208,2024-09-07,373,1,1,5,1168.83,902.78,266.05
6209,2024-09-07,31,1,1,4,1086.87,842.67,244.2
6210,2024-09-07,290,3,2,1,70.7,63.22,7.48
6211,2024-09-07,66,6,1,5,173.36,165.78,7.58
6212,2024-09-07,451,6,4,4,147.73,135.8,11.93
6213,2024-09-08,204,4,4,4,343.9,221.43,122.47
6214,2024-09-08,225,6,1,3,100.73,96.25,4.48
6215,2024-09-08,125,5,4,1,52.76,42.63,10.13
6216,2024-09-08,220,4,5,4,194.27,121.33,72.94
6217,2024-09-08,330,1,2,3,650.59,519.48,131.11
6218,2024-09-08,268,6,3,1,29.15,25.84,3.31
6219,2024-09-08,409,4,1,1,70.07,43.58,26.49
6220,2024-09-08,476,4,1,1,67.79,44.07,23.72
6221,2024-09-08,441,6,1,5,143.58,138.37,5.21
6222,2024-09-09,227,5,5,3,100.69,80.12,20.57
6223,2024-09-09,388,4,3,1,54.95,35.16,19.79
6224,2024-09-09,356,4,3,2,92.85,60.45,32.4
6225,2024-09-09,257,4,5,3,193.35,133.54,59.81
6226,2024-09-09,270,3,1,1,91.36,76.86,14.5
6227,2024-09-09,34,1,5,3,706.63,564.48,142.15
6228,2024-09-09,492,2,1,4,978.26,927.84,50.42
6229,2024-09-10,103,4,4,2,181.01,116.32,64.69
6230,2024-09-10,27,2,3,4,823.88,797.44,26.44
6231,2024-09-10,161,4,4,4,284.7,192.61,92.09
6232,2024-09-10,420,5,5,3,99.39,84.85,14.54
6233,2024-09-10,94,4,5,3,159.43,113.12,46.31
6234,2024-09-10,474,1,4,5,1885.5,1478.07,407.43
6235,2024-09-10,282,6,1,4,118.75,112.05,6.7
6236,2024-09-10,364,4,3,2,86.77,58.77,28.0
6237,2024-09-10,377,6,4,2,86.94,83.92,3.02
6238,2024-09-10,377,5,4,2,112.93,88.1,24.83
6239,2024-09-10,257,5,5,4,168.4,134.75,33.65
6240,2024-09-11,217,3,2,3,214.32,180.29,34.03
6241,2024-09-11,42,4,5,5,254.28,170.2,84.08
6242,2024-09-11,8,3,2,3,267.91,223.31,44.6
6243,2024-09-11,345,2,2,4,1144.7,1110.36,34.34
6244,2024-09-11,63,1,2,5,1369.24,1120.42,248.82
6245,2024-09-11,232,5,5,4,146.84,120.88,25.96
6246,2024-09-11,313,5,4,2,100.32,77.43,22.89
6247,2024-09-11,428,1,4,4,1338.78,1031.46,307.32
6248,2024-09-11,444,1,2,2,500.86,397.97,102.89
6249,2024-09-11,276,1,4,1,333.42,261.92,71.5
6250,2024-09-12,441,1,1,2,520.86,409.92,110.94
6251,2024-09-12,440,6,4,2,80.62,71.79,8.83
6252,2024-09-12,178,1,4,5,1784.46,1408.95,375.51
6253,2024-09-12,445,2,3,5,909.5,882.22,27.28
6254,2024-09-12,186,1,3,5,1027.12,836.48,190.64
6255,2024-09-12,455,4,1,2,128.42,90.47,37.95
6256,2024-09-12,380,4,2,4,261.77,171.06,90.71
6257,2024-09-12,180,2,1,3,696.35,662.28,34.07
6258,2024-09-12,27,4,3,2,105.54,74.07,31.47
6259,2024-09-12,211,2,1,1,246.7,237.97,8.73
6260,2024-09-12,302,1,2,5,1097.41,794.12,303.29
6261,2024-09-12,383,6,4,3,128.88,116.38,12.5
6262,2024-09-13,101,3,5,4,291.88,251.45,40.43
6263,2024-09-13,30,3,2,3,210.17,188.28,21.89
6264,2024-09-13,158,2,3,2,420.09,407.49,12.6
6265,2024-09-13,307,5,4,4,235.49,201.45,34.04
6266,2024-09-13,319,4,4,4,292.62,188.57,104.05
6267,2024-09-14,62,3,5,2,148.82,123.13,25.69
6268,2024-09-14,78,6,1,3,81.86,74.46,7.4
6269,2024-09-14,456,5,3,4,146.03,119.51,26.52
6270,2024-09-14,80,3,2,2,175.05,145.75,29.3
6271,2024-09-14,277,6,5,3,86.42,77.59,8.83
6272,2024-09-14,481,3,4,5,503.19,431.01,72.18
6273,2024-09-14,433,2,1,3,826.79,801.99,24.8
6274,2024-09-14,483,4,4,1,73.0,48.07,24.93
6275,2024-09-14,321,2,3,4,901.28,874.24,27.04
6276,2024-09-14,103,5,4,1,58.32,50.7,7.62
6277,2024-09-14,130,3,5,2,151.62,126.53,25.09
6278,2024-09-14,67,4,5,3,184.28,122.35,61.93
6279,2024-09-14,475,1,1,3,896.72,708.5,188.22
6280,2024-09-14,257,3,5,2,149.64,127.4,22.24
6281,2024-09-14,396,3,4,3,331.63,284.32,47.31
6282,2024-09-15,244,5,3,4,132.1,101.93,30.17
6283,2024-09-15,434,6,5,1,27.39,25.7,1.69
6284,2024-09-15,356,4,3,3,156.92,108.92,48.0
6285,2024-09-15,88,3,4,1,109.58,92.74,16.84
6286,2024-09-15,29,1,4,4,1484.4,1130.48,353.92
6287,2024-09-15,327,4,2,5,262.51,177.28,85.23
6288,2024-09-15,93,3,1,5,400.63,359.1,41.53
6289,2024-09-15,139,1,5,1,263.89,210.7,53.19
6290,2024-09-16,79,1,1,3,849.75,613.84,235.91
6291,2024-09-16,12,2,4,3,957.28,928.56,28.72
6292,2024-09-16,126,2,2,3,747.62,713.87,33.75
6293,2024-09-16,97,3,4,5,560.21,502.52,57.69
6294,2024-09-16,13,6,3,2,44.46,40.26,4.2
6295,2024-09-16,297,5,5,1,39.76,32.58,7.18
6296,2024-09-16,355,3,1,5,479.81,407.3,72.51
6297,2024-09-16,434,3,5,1,74.48,65.45,9.03
6298,2024-09-16,403,6,4,5,210.46,186.66,23.8
6299,2024-09-17,490,6,2,5,161.58,146.85,14.73
6300,2024-09-17,266,3,2,2,159.38,141.72,17.66
6301,2024-09-17,295,6,2,2,65.04,59.97,5.07
6302,2024-09-17,31,4,1,2,111.28,75.63,35.65
6303,2024-09-17,396,5,4,1,47.02,37.0,10.02
6304,2024-09-17,71,1,2,4,958.93,740.18,218.75
6305,2024-09-17,272,5,1,5,212.8,181.73,31.07
6306,2024-09-17,373,4,1,5,340.18,243.58,96.6
6307,2024-09-17,55,3,4,4,384.29,325.76,58.53
6308,2024-09-18,184,5,3,2,71.92,61.22,10.7
6309,2024-09-18,330,4,2,4,257.11,162.12,94.99
6310,2024-09-18,425,6,5,4,122.64,118.31,4.33
6311,2024-09-18,336,2,1,3,740.5,718.28,22.22
6312,2024-09-18,24,1,1,4,915.39,689.16,226.23
6313,2024-09-18,306,3,5,3,227.3,201.79,25.51
6314,2024-09-18,429,4,4,3,224.38,157.31,67.07
6315,2024-09-18,156,5,4,2,101.76,79.29,22.47
6316,2024-09-18,247,6,2,1,27.95,26.33,1.62
6317,2024-09-19,330,2,2,5,1294.27,1255.44,38.83
6318,2024-09-19,293,3,3,4,297.24,244.23,53.01
6319,2024-09-19,316,4,5,4,241.03,159.36,81.67
6320,2024-09-19,153,4,4,4,304.19,212.97,91.22
6321,2024-09-19,14,4,2,4,260.53,185.12,75.41
6322,2024-09-19,104,5,4,1,48.94,38.11,10.83
6323,2024-09-19,463,4,5,1,50.98,36.18,14.8
6324,2024-09-19,152,3,5,1,74.48,67.76,6.72
6325,2024-09-19,310,2,4,2,725.66,703.89,21.77
6326,2024-09-19,221,2,2,2,517.57,486.4,31.17
6327,2024-09-20,433,3,1,1,94.33,81.65,12.68
6328,2024-09-20,70,4,4,3,224.86,160.28,64.58
6329,2024-09-20,38,6,3,1,28.42,25.82,2.6
6330,2024-09-20,217,1,2,2,559.31,403.4,155.91
6331,2024-09-20,264,1,2,1,254.36,206.39,47.97
6332,2024-09-20,478,1,5,3,625.53,486.73,138.8
6333,2024-09-20,274,5,4,1,55.06,47.79,7.27
6334,2024-09-20,167,1,5,1,236.23,186.52,49.71
6335,2024-09-20,198,3,2,4,349.78,305.93,43.85
6336,2024-09-20,482,4,3,2,87.05,58.59,28.46
6337,2024-09-20,434,4,5,4,202.95,145.82,57.13
6338,2024-09-21,16,4,2,3,161.33,107.53,53.8
6339,2024-09-21,341,2,5,5,1325.66,1285.89,39.77
6340,2024-09-21,78,4,1,3,170.32,114.39,55.93
6341,2024-09-21,311,5,3,5,179.58,148.29,31.29
6342,2024-09-21,424,4,1,4,288.8,206.89,81.91
6343,2024-09-21,252,4,5,3,178.66,127.64,51.02
6344,2024-09-21,433,5,1,5,227.1,193.82,33.28
6345,2024-09-21,351,5,5,5,213.62,177.39,36.23
6346,2024-09-21,368,6,1,2,70.87,67.54,3.33
6347,2024-09-21,14,5,2,5,207.46,178.93,28.53
6348,2024-09-21,200,4,2,2,103.31,67.06,36.25
6349,2024-09-21,281,2,2,3,660.21,640.4,19.81
6350,2024-09-21,251,2,1,4,894.4,867.57,26.83
6351,2024-09-22,218,6,1,3,107.05,101.08,5.97
6352,2024-09-22,323,5,4,2,104.37,84.13,20.24
6353,2024-09-22,344,2,4,3,1122.85,1089.16,33.69
6354,2024-09-22,417,3,1,4,305.97,252.85,53.12
6355,2024-09-22,24,4,1,1,71.73,46.77,24.96
6356,2024-09-22,453,1,1,3,797.1,581.48,215.62
6357,2024-09-22,163,5,1,3,117.09,96.02,21.07
6358,2024-09-22,37,2,2,1,248.87,241.4,7.47
6359,2024-09-22,447,4,3,1,44.87,29.54,15.33
6360,2024-09-22,196,3,4,5,515.04,449.37,65.67
6361,2024-09-22,175,4,4,3,221.11,139.63,81.48
6362,2024-09-23,25,4,5,3,186.16,133.54,52.62
6363,2024-09-23,423,1,5,4,830.03,641.07,188.96
6364,2024-09-23,401,4,2,3,188.61,133.59,55.02
6365,2024-09-23,163,6,1,5,178.67,162.62,16.05
6366,2024-09-23,428,4,4,5,392.96,245.56,147.4
6367,2024-09-23,36,3,1,5,423.76,385.51,38.25
6368,2024-09-23,451,1,4,4,1429.14,1052.61,376.53
6369,2024-09-23,445,2,3,4,864.86,826.03,38.83
6370,2024-09-23,171,3,4,4,409.44,351.39,58.05
6371,2024-09-23,387,2,1,5,1379.28,1337.9,41.38
6372,2024-09-23,372,2,1,2,480.19,451.49,28.7
6373,2024-09-23,482,3,3,1,59.5,52.27,7.23
6374,2024-09-24,269,6,1,3,91.0,86.28,4.72
6375,2024-09-24,130,3,5,3,198.57,175.13,23.44
6376,2024-09-24,457,3,4,3,291.54,265.24,26.3
6377,2024-09-24,466,3,2,5,355.87,313.63,42.24
6378,2024-09-24,369,2,4,4,1538.72,1469.11,69.61
6379,2024-09-24,291,5,1,2,90.66,76.54,14.12
6380,2024-09-24,260,3,2,4,280.99,235.97,45.02
6381,2024-09-24,471,3,4,3,350.06,292.83,57.23
6382,2024-09-24,167,5,5,3,130.5,104.85,25.65
6383,2024-09-25,270,3,1,4,349.87,293.24,56.63
6384,2024-09-25,460,2,5,2,509.04,488.42,20.62
6385,2024-09-25,230,6,4,5,197.81,184.11,13.7
6386,2024-09-25,40,5,4,4,233.85,182.94,50.91
6387,2024-09-25,478,1,5,3,677.12,538.14,138.98
6388,2024-09-25,61,1,1,4,997.82,808.58,189.24
6389,2024-09-25,54,4,2,2,135.63,88.09,47.54
6390,2024-09-25,84,2,4,1,357.22,332.16,25.06
6391,2024-09-25,241,3,2,2,170.93,155.86,15.07
6392,2024-09-25,486,6,3,1,23.05,21.57,1.48
6393,2024-09-25,231,1,5,1,235.16,180.24,54.92
6394,2024-09-25,94,5,5,4,159.45,126.35,33.1
6395,2024-09-25,432,4,4,5,416.43,271.34,145.09
6396,2024-09-25,224,4,1,1,72.11,50.86,21.25
6397,2024-09-26,271,3,1,3,239.44,206.98,32.46
6398,2024-09-26,257,3,5,1,71.97,64.76,7.21
6399,2024-09-26,358,6,3,5,133.44,126.1,7.34
6400,2024-09-26,107,5,4,1,58.33,48.36,9.97
6401,2024-09-26,488,5,3,5,176.65,148.88,27.77
6402,2024-09-27,37,1,2,4,988.96,739.3,249.66
6403,2024-09-27,29,5,4,4,227.31,176.96,50.35
6404,2024-09-27,86,5,2,2,87.2,74.66,12.54
6405,2024-09-27,253,3,2,1,89.99,74.5,15.49
6406,2024-09-27,67,2,5,5,1148.12,1113.68,34.44
6407,2024-09-27,64,5,1,2,85.15,72.26,12.89
6408,2024-09-27,182,3,5,2,173.11,155.83,17.28
6409,2024-09-28,318,6,3,2,51.95,45.24,6.71
6410,2024-09-28,278,1,3,1,241.42,175.18,66.24
6411,2024-09-28,497,6,4,3,137.45,126.45,11.0
6412,2024-09-28,375,3,4,2,200.54,177.62,22.92
6413,2024-09-28,462,6,2,2,63.5,61.09,2.41
6414,2024-09-28,13,3,3,2,143.69,130.89,12.8
6415,2024-09-28,256,2,1,4,1178.46,1143.11,35.35
6416,2024-09-28,354,2,2,4,866.26,840.27,25.99
6417,2024-09-29,161,3,4,1,101.24,87.79,13.45
6418,2024-09-29,417,6,1,4,110.56,104.85,5.71
6419,2024-09-29,260,4,2,4,231.12,150.15,80.97
6420,2024-09-29,329,2,3,2,368.22,355.88,12.34
6421,2024-09-29,48,4,1,4,236.24,147.65,88.59
6422,2024-09-29,220,1,5,1,217.02,170.23,46.79
6423,2024-09-29,336,3,1,4,333.06,301.25,31.81
6424,2024-09-29,500,2,5,3,620.68,598.61,22.07
6425,2024-09-29,266,5,2,3,125.62,101.5,24.12
6426,2024-09-29,70,1,4,1,364.16,282.37,81.79
6427,2024-09-29,232,6,5,5,153.11,148.33,4.78
6428,2024-09-29,309,6,4,2,69.35,62.6,6.75
6429,2024-09-29,397,4,3,3,164.13,118.01,46.12
6430,2024-09-29,171,4,4,5,369.74,233.04,136.7
6431,2024-09-30,35,5,2,4,150.87,122.91,27.96
6432,2024-09-30,204,3,4,2,189.57,172.03,17.54
6433,2024-09-30,416,6,4,2,71.13,68.52,2.61
6434,2024-09-30,322,5,4,4,192.38,158.45,33.93
6435,2024-09-30,236,1,2,4,1110.67,883.31,227.36
6436,2024-09-30,114,6,1,5,180.05,160.29,19.76
6437,2024-09-30,5,4,4,3,207.45,145.62,61.83
6438,2024-09-30,327,3,2,2,169.64,149.98,19.66
6439,2024-09-30,27,5,3,1,35.35,28.28,7.07
6440,2024-09-30,418,6,1,2,57.16,51.35,5.81
6441,2024-09-30,439,2,4,1,380.16,352.02,28.14
6442,2024-09-30,331,2,3,2,406.97,376.42,30.55
6443,2024-09-30,37,5,2,2,88.03,67.89,20.14
6444,2024-09-30,98,4,4,1,72.19,48.31,23.88
6445,2024-10-01,260,4,2,5,332.3,172.7,159.6
6446,2024-10-01,198,2,2,1,269.35,233.59,35.76
6447,2024-10-01,404,2,1,3,765.28,684.15,81.13
6448,2024-10-01,440,1,4,3,862.25,543.54,318.71
6449,2024-10-01,445,5,3,5,149.32,97.57,51.75
6450,2024-10-01,433,4,1,2,131.83,78.01,53.82
6451,2024-10-01,230,4,4,4,368.19,202.04,166.15
6452,2024-10-01,414,5,4,4,226.12,165.16,60.96
6453,2024-10-01,208,4,1,4,218.11,120.44,97.67
6454,2024-10-01,412,6,5,5,122.01,97.18,24.83
6455,2024-10-01,206,6,4,2,86.18,66.43,19.75
6456,2024-10-01,244,2,3,3,581.42,522.21,59.21
6457,2024-10-01,342,5,4,2,91.97,64.85,27.12
6458,2024-10-01,364,4,3,1,56.9,30.35,26.55
6459,2024-10-02,77,4,2,1,68.14,40.29,27.85
6460,2024-10-02,101,4,5,5,261.14,137.79,123.35
6461,2024-10-02,380,1,2,1,274.91,191.25,83.66
6462,2024-10-02,476,3,1,4,318.86,248.64,70.22
6463,2024-10-02,95,2,3,1,180.8,159.0,21.8
6464,2024-10-02,312,6,1,4,115.77,95.77,20.0
6465,2024-10-03,118,2,2,3,702.3,563.53,138.77
6466,2024-10-03,487,1,2,3,707.61,434.25,273.36
6467,2024-10-03,434,5,5,5,168.0,111.74,56.26
6468,2024-10-03,492,4,1,3,203.02,105.25,97.77
6469,2024-10-03,51,6,4,5,213.98,171.95,42.03
6470,2024-10-03,488,1,3,2,446.74,288.05,158.69
6471,2024-10-03,30,4,2,3,201.04,113.7,87.34
6472,2024-10-03,219,5,5,5,166.21,119.87,46.34
6473,2024-10-03,100,5,5,2,81.21,53.08,28.13
6474,2024-10-04,52,5,1,1,42.6,30.36,12.24
6475,2024-10-04,492,5,1,5,231.04,154.08,76.96
6476,2024-10-04,235,2,1,2,542.56,462.64,79.92
6477,2024-10-04,27,2,3,5,1035.14,850.87,184.27
6478,2024-10-04,254,6,3,3,71.94,59.33,12.61
6479,2024-10-04,49,1,1,1,286.72,191.59,95.13
6480,2024-10-04,95,6,3,2,53.63,42.16,11.47
6481,2024-10-04,353,5,2,4,160.89,105.82,55.07
6482,2024-10-04,237,5,1,5,220.41,164.1,56.31
6483,2024-10-04,125,4,4,4,353.31,199.08,154.23
6484,2024-10-05,177,2,5,4,1033.41,897.89,135.52
6485,2024-10-05,108,2,4,1,310.96,276.8,34.16
6486,2024-10-05,255,4,5,4,254.32,141.96,112.36
6487,2024-10-05,358,1,3,4,925.77,624.32,301.45
6488,2024-10-05,243,6,2,3,101.79,76.78,25.01
6489,2024-10-05,420,2,5,5,1258.94,1016.63,242.31
6490,2024-10-05,56,6,2,3,77.96,58.48,19.48
6491,2024-10-05,424,4,1,3,163.09,85.55,77.54
6492,2024-10-05,55,3,4,3,343.88,251.52,92.36
6493,2024-10-05,423,1,5,5,1231.33,815.16,416.17
6494,2024-10-05,73,1,1,3,812.33,491.78,320.55
6495,2024-10-05,363,3,1,4,285.89,218.61,67.28
6496,2024-10-05,377,4,4,4,328.35,177.63,150.72
6497,2024-10-05,148,4,2,2,107.37,57.17,50.2
6498,2024-10-05,119,2,4,3,1079.44,922.45,156.99
6499,2024-10-05,302,2,2,4,1089.14,874.95,214.19
6500,2024-10-05,269,1,1,4,1097.83,667.52,430.31
6501,2024-10-06,401,4,2,1,58.22,34.32,23.9
6502,2024-10-06,373,2,1,3,890.85,777.37,113.48
6503,2024-10-06,495,3,2,3,215.46,152.11,63.35
6504,2024-10-06,31,1,1,4,922.59,604.34,318.25
6505,2024-10-06,232,4,5,5,253.34,135.49,117.85
6506,2024-10-06,141,6,1,5,175.91,139.39,36.52
6507,2024-10-06,427,5,4,3,172.82,119.57,53.25
6508,2024-10-06,107,1,4,3,1036.01,712.46,323.55
6509,2024-10-06,157,2,3,1,196.92,159.0,37.92
6510,2024-10-06,470,3,4,1,108.85,80.69,28.16
6511,2024-10-06,221,1,2,4,1006.62,648.06,358.56
6512,2024-10-07,130,2,5,5,1072.02,868.04,203.98
6513,2024-10-07,45,1,1,3,765.17,479.41,285.76
6514,2024-10-07,73,4,1,5,324.07,171.87,152.2
6515,2024-10-07,108,1,4,5,1482.25,962.22,520.03
6516,2024-10-07,310,5,4,2,108.49,80.3,28.19
6517,2024-10-07,330,1,2,2,504.6,316.91,187.69
6518,2024-10-07,298,6,1,1,27.97,22.04,5.93
6519,2024-10-07,468,4,4,2,152.62,88.12,64.5
6520,2024-10-07,367,3,5,2,143.37,112.48,30.89
6521,2024-10-08,256,1,1,2,486.47,322.22,164.25
6522,2024-10-08,204,2,4,4,1344.64,1207.58,137.06
6523,2024-10-08,190,6,5,5,143.46,112.21,31.25
6524,2024-10-08,462,6,2,2,64.64,54.51,10.13
6525,2024-10-08,315,4,3,4,204.29,108.31,95.98
6526,2024-10-08,416,4,4,3,237.67,132.62,105.05
6527,2024-10-08,379,5,5,3,125.41,92.88,32.53
6528,2024-10-08,401,1,2,3,754.81,453.46,301.35
6529,2024-10-08,220,1,5,4,983.16,612.23,370.93
6530,2024-10-08,63,4,2,3,187.69,95.32,92.37
6531,2024-10-08,433,5,1,5,204.52,141.77,62.75
6532,2024-10-08,409,4,1,4,285.71,166.38,119.33
6533,2024-10-09,14,1,2,5,1113.75,686.42,427.33
6534,2024-10-09,476,1,1,5,1402.27,920.15,482.12
6535,2024-10-09,104,6,4,4,165.74,138.38,27.36
6536,2024-10-09,67,6,5,1,27.88,21.4,6.48
6537,2024-10-09,193,6,4,3,116.91,97.5,19.41
6538,2024-10-09,268,6,3,1,29.19,23.2,5.99
6539,2024-10-09,18,2,1,5,1213.12,993.06,220.06
6540,2024-10-09,432,4,4,3,251.46,138.64,112.82
6541,2024-10-09,150,2,1,4,1096.76,917.04,179.72
6542,2024-10-09,424,3,1,5,423.95,303.28,120.67
6543,2024-10-09,194,2,3,2,399.45,344.75,54.7
6544,2024-10-09,91,2,5,1,220.39,178.98,41.41
6545,2024-10-09,224,2,1,1,261.7,210.86,50.84
6546,2024-10-09,414,5,4,4,240.41,174.21,66.2
6547,2024-10-10,184,3,3,4,231.51,170.85,60.66
6548,2024-10-10,15,6,2,2,62.04,50.0,12.04
6549,2024-10-10,312,2,1,3,876.58,782.61,93.97
6550,2024-10-10,494,5,3,2,74.45,51.4,23.05
6551,2024-10-10,416,3,4,1,116.19,84.88,31.31
6552,2024-10-10,213,5,2,1,43.32,30.26,13.06
6553,2024-10-10,277,1,5,4,846.97,575.38,271.59
6554,2024-10-10,406,2,2,5,1166.49,960.07,206.42
6555,2024-10-10,500,2,5,1,232.21,199.76,32.45
6556,2024-10-10,136,1,1,3,860.65,568.92,291.73
6557,2024-10-10,429,2,4,5,1659.71,1414.41,245.3
6558,2024-10-10,17,4,4,3,267.16,150.27,116.89
6559,2024-10-11,37,5,2,5,190.99,132.34,58.65
6560,2024-10-11,233,2,1,1,257.47,226.34,31.13
6561,2024-10-11,98,3,4,2,192.54,144.66,47.88
6562,2024-10-11,234,5,2,1,37.54,26.36,11.18
6563,2024-10-11,21,1,1,5,1312.75,832.52,480.23
6564,2024-10-11,327,4,2,1,62.82,31.7,31.12
6565,2024-10-12,19,3,1,1,81.98,62.1,19.88
6566,2024-10-12,25,5,5,1,38.42,25.65,12.77
6567,2024-10-12,154,1,2,4,1061.2,657.9,403.3
6568,2024-10-12,486,5,3,5,155.34,110.22,45.12
6569,2024-10-12,33,6,4,3,112.96,96.01,16.95
6570,2024-10-12,274,2,4,2,587.51,484.26,103.25
6571,2024-10-12,257,1,5,5,1321.1,911.88,409.22
6572,2024-10-12,383,4,4,4,310.51,184.19,126.32
6573,2024-10-12,254,5,3,4,131.63,97.63,34.0
6574,2024-10-12,436,2,1,2,546.46,458.53,87.93
6575,2024-10-12,108,1,4,2,727.74,468.68,259.06
6576,2024-10-12,329,1,3,1,202.78,124.7,78.08
6577,2024-10-12,472,6,4,2,73.69,57.75,15.94
6578,2024-10-12,118,6,2,4,119.96,101.93,18.03
6579,2024-10-12,474,3,4,2,200.79,141.6,59.19
6580,2024-10-13,318,1,3,2,370.09,250.63,119.46
6581,2024-10-13,41,6,2,3,81.03,63.74,17.29
6582,2024-10-13,67,1,5,2,528.76,357.98,170.78
6583,2024-10-13,339,2,5,5,1135.44,1009.08,126.36
6584,2024-10-13,486,3,3,2,140.74,109.01,31.73
6585,2024-10-13,68,2,4,4,1152.67,924.72,227.95
6586,2024-10-13,360,4,2,4,216.65,120.21,96.44
6587,2024-10-13,434,1,5,4,815.89,531.49,284.4
6588,2024-10-13,192,3,2,3,261.58,199.36,62.22
6589,2024-10-13,370,6,3,1,27.23,22.67,4.56
6590,2024-10-13,404,3,1,5,382.59,303.89,78.7
6591,2024-10-13,350,6,2,2,59.46,48.49,10.97
6592,2024-10-13,290,6,2,5,143.38,111.29,32.09
6593,2024-10-13,430,5,3,1,33.32,23.95,9.37
6594,2024-10-13,20,5,4,2,118.65,81.36,37.29
6595,2024-10-13,463,5,5,1,42.1,30.76,11.34
6596,2024-10-13,48,1,1,4,935.65,596.28,339.37
6597,2024-10-13,121,6,4,4,143.68,114.18,29.5
6598,2024-10-13,168,4,5,2,104.86,56.12,48.74
6599,2024-10-14,124,5,3,3,109.82,74.01,35.81
6600,2024-10-14,220,3,5,3,240.95,186.42,54.53
6601,2024-10-14,469,3,1,1,87.54,66.89,20.65
6602,2024-10-14,384,6,1,2,65.03,51.12,13.91
6603,2024-10-14,452,4,1,3,184.02,106.52,77.5
6604,2024-10-14,222,2,4,2,681.7,593.18,88.52
6605,2024-10-14,222,5,4,5,284.56,191.74,92.82
6606,2024-10-15,107,6,4,4,150.02,124.67,25.35
6607,2024-10-15,419,5,4,4,216.5,157.66,58.84
6608,2024-10-15,429,3,4,3,303.5,231.08,72.42
6609,2024-10-15,43,2,3,3,707.29,608.32,98.97
6610,2024-10-15,391,3,3,2,131.12,102.36,28.76
6611,2024-10-15,439,3,4,1,123.16,90.07,33.09
6612,2024-10-15,42,2,5,4,1020.18,866.82,153.36
6613,2024-10-15,402,1,5,1,203.17,134.1,69.07
6614,2024-10-15,382,2,1,3,878.42,742.74,135.68
6615,2024-10-15,335,6,4,3,119.17,91.45,27.72
6616,2024-10-15,384,6,1,5,152.48,114.89,37.59
6617,2024-10-15,280,4,4,3,252.4,150.88,101.52
6618,2024-10-15,482,5,3,4,115.85,80.22,35.63
6619,2024-10-15,47,1,4,5,1939.2,1184.33,754.87
6620,2024-10-15,368,6,1,4,119.14,99.82,19.32
6621,2024-10-15,48,5,1,5,209.2,139.23,69.97
6622,2024-10-16,352,2,1,4,1115.84,991.83,124.01
6623,2024-10-16,114,5,1,2,88.21,58.22,29.99
6624,2024-10-16,493,6,1,3,105.74,83.44,22.3
6625,2024-10-16,407,5,5,5,189.1,125.26,63.84
6626,2024-10-16,470,3,4,3,345.61,264.19,81.42
6627,2024-10-16,408,1,1,1,267.99,179.79,88.2
6628,2024-10-16,264,4,2,1,63.4,32.11,31.29
6629,2024-10-17,356,6,3,2,54.97,43.48,11.49
6630,2024-10-17,104,3,4,2,188.11,145.83,42.28
6631,2024-10-17,255,1,5,1,262.52,177.52,85.0
6632,2024-10-17,354,1,2,1,267.14,185.57,81.57
6633,2024-10-17,371,5,4,5,267.57,188.25,79.32
6634,2024-10-17,74,3,3,3,186.44,135.62,50.82
6635,2024-10-17,322,5,4,5,260.94,184.93,76.01
6636,2024-10-17,447,5,3,2,66.23,48.36,17.87
6637,2024-10-17,168,2,5,2,452.47,397.79,54.68
6638,2024-10-17,303,2,4,4,1413.96,1138.72,275.24
6639,2024-10-17,69,5,3,2,76.49,55.19,21.3
6640,2024-10-18,212,6,3,5,125.69,103.0,22.69
6641,2024-10-18,249,1,2,2,519.82,346.05,173.77
6642,2024-10-18,349,6,3,5,137.58,108.17,29.41
6643,2024-10-18,30,4,2,5,265.8,153.92,111.88
6644,2024-10-18,187,1,5,2,496.98,321.76,175.22
6645,2024-10-18,459,1,1,5,1493.77,976.02,517.75
6646,2024-10-18,107,3,4,4,470.04,329.22,140.82
6647,2024-10-18,281,1,2,4,1028.49,677.38,351.11
6648,2024-10-19,314,5,3,2,71.21,53.03,18.18
6649,2024-10-19,54,5,2,4,160.48,112.73,47.75
6650,2024-10-19,19,3,1,1,92.77,65.13,27.64
6651,2024-10-19,144,3,1,4,361.69,273.54,88.15
6652,2024-10-19,58,6,1,3,104.19,84.75,19.44
6653,2024-10-19,478,3,5,5,390.26,290.21,100.05
6654,2024-10-19,226,1,2,1,274.3,188.57,85.73
6655,2024-10-19,18,5,1,2,83.84,58.75,25.09
6656,2024-10-19,143,6,4,3,113.48,90.24,23.24
6657,2024-10-19,168,6,5,3,75.56,59.19,16.37
6658,2024-10-19,90,1,5,4,964.87,649.31,315.56
6659,2024-10-19,276,6,4,2,89.03,74.02,15.01
6660,2024-10-19,422,2,3,4,776.75,660.62,116.13
6661,2024-10-19,496,2,2,3,671.11,581.03,90.08
6662,2024-10-19,296,3,4,3,297.71,224.24,73.47
6663,2024-10-19,448,4,3,1,48.73,27.31,21.42
6664,2024-10-19,363,3,1,1,91.02,64.16,26.86
6665,2024-10-19,159,6,1,5,137.97,114.03,23.94
6666,2024-10-20,327,5,2,4,165.71,116.61,49.1
6667,2024-10-20,425,4,5,1,53.14,28.16,24.98
6668,2024-10-20,349,6,3,5,127.36,98.39,28.97
6669,2024-10-20,319,2,4,2,591.27,480.34,110.93
6670,2024-10-20,345,1,2,4,948.56,638.87,309.69
6671,2024-10-20,100,4,5,1,50.68,29.51,21.17
6672,2024-10-20,236,1,2,2,546.47,352.1,194.37
6673,2024-10-20,284,1,2,5,1380.87,916.89,463.98
6674,2024-10-20,403,1,4,4,1524.55,982.78,541.77
6675,2024-10-20,492,1,1,3,860.82,554.21,306.61
6676,2024-10-20,168,2,5,5,1023.27,839.47,183.8
6677,2024-10-20,389,4,1,5,316.09,186.09,130.0
6678,2024-10-20,432,4,4,4,308.58,180.21,128.37
6679,2024-10-20,239,1,2,5,1087.37,733.72,353.65
6680,2024-10-21,499,6,1,1,29.61,23.95,5.66
6681,2024-10-21,422,1,3,5,1200.08,808.25,391.83
6682,2024-10-21,183,2,1,5,1208.67,988.82,219.85
6683,2024-10-21,413,1,1,3,880.28,558.93,321.35
6684,2024-10-21,421,4,5,3,146.87,82.73,64.14
6685,2024-10-21,41,3,2,2,164.11,126.86,37.25
6686,2024-10-21,204,6,4,5,212.39,178.77,33.62
6687,2024-10-21,7,3,2,2,179.2,137.06,42.14
6688,2024-10-22,488,2,3,5,941.06,758.28,182.78
6689,2024-10-22,27,4,3,1,47.15,25.56,21.59
6690,2024-10-22,176,5,4,2,103.43,75.54,27.89
6691,2024-10-22,190,3,5,2,150.62,113.96,36.66
6692,2024-10-22,150,1,1,2,539.68,338.99,200.69
6693,2024-10-22,149,2,2,4,1105.36,973.59,131.77
6694,2024-10-22,51,1,4,5,1773.49,1170.61,602.88
6695,2024-10-22,211,5,1,2,85.91,60.11,25.8
6696,2024-10-22,261,6,4,5,199.99,154.62,45.37
6697,2024-10-22,481,2,4,3,1073.8,923.25,150.55
6698,2024-10-23,231,1,5,2,406.67,258.68,147.99
6699,2024-10-23,41,2,2,1,241.23,199.91,41.32
6700,2024-10-23,404,2,1,4,1024.91,821.92,202.99
6701,2024-10-23,345,4,2,5,344.04,183.68,160.36
6702,2024-10-23,18,1,1,2,520.47,348.34,172.13
6703,2024-10-23,29,4,4,2,174.04,99.57,74.47
6704,2024-10-23,367,4,5,3,183.46,93.2,90.26
6705,2024-10-23,361,3,1,2,165.27,117.14,48.13
6706,2024-10-24,377,2,4,4,1545.61,1254.84,290.77
6707,2024-10-24,196,4,4,5,416.41,236.75,179.66
6708,2024-10-24,89,5,1,1,37.59,24.96,12.63
6709,2024-10-24,408,1,1,2,496.15,322.65,173.5
6710,2024-10-24,130,4,5,3,153.19,87.74,65.45
6711,2024-10-24,291,4,1,5,268.08,141.11,126.97
6712,2024-10-25,299,6,4,2,77.49,64.9,12.59
6713,2024-10-25,411,3,3,3,231.74,173.86,57.88
6714,2024-10-25,371,5,4,3,185.49,138.93,46.56
6715,2024-10-25,358,2,3,2,412.29,351.63,60.66
6716,2024-10-25,288,3,4,2,212.24,161.49,50.75
6717,2024-10-25,5,1,4,4,1398.74,896.66,502.08
6718,2024-10-25,419,1,4,4,1383.29,956.17,427.12
6719,2024-10-25,448,5,3,3,115.25,85.89,29.36
6720,2024-10-25,342,6,4,5,172.23,134.55,37.68
6721,2024-10-26,239,3,2,5,357.61,252.21,105.4
6722,2024-10-26,204,5,4,1,56.94,38.06,18.88
6723,2024-10-26,495,4,2,1,61.29,32.11,29.18
6724,2024-10-26,129,1,2,1,257.58,177.07,80.51
6725,2024-10-26,275,1,3,4,754.6,471.45,283.15
6726,2024-10-26,399,6,3,1,23.47,18.5,4.97
6727,2024-10-26,44,2,4,5,1467.53,1290.86,176.67
6728,2024-10-26,152,1,5,3,702.44,489.93,212.51
6729,2024-10-26,78,3,1,5,425.4,324.68,100.72
6730,2024-10-26,287,1,5,4,813.18,555.08,258.1
6731,2024-10-26,310,5,4,1,58.35,43.25,15.1
6732,2024-10-26,429,2,4,4,1292.5,1074.15,218.35
6733,2024-10-26,8,1,2,1,227.66,142.83,84.83
6734,2024-10-26,243,5,2,3,135.88,96.25,39.63
6735,2024-10-26,302,2,2,1,257.64,211.51,46.13
6736,2024-10-26,379,4,5,5,283.29,143.48,139.81
6737,2024-10-26,9,2,2,3,679.73,562.35,117.38
6738,2024-10-27,282,3,1,1,91.37,72.81,18.56
6739,2024-10-27,400,2,2,4,1145.87,941.52,204.35
6740,2024-10-27,206,5,4,4,226.06,157.25,68.81
6741,2024-10-27,280,5,4,5,248.96,166.76,82.2
6742,2024-10-27,426,1,3,2,471.93,329.46,142.47
6743,2024-10-27,6,1,2,3,642.04,447.56,194.48
6744,2024-10-27,10,6,4,4,142.08,112.83,29.25
6745,2024-10-27,238,6,4,1,40.23,32.38,7.85
6746,2024-10-28,215,2,5,1,254.92,208.46,46.46
6747,2024-10-28,187,6,5,5,136.16,107.54,28.62
6748,2024-10-28,283,1,1,1,249.67,159.38,90.29
6749,2024-10-28,270,3,1,2,158.07,118.18,39.89
6750,2024-10-28,179,3,2,1,80.59,64.41,16.18
6751,2024-10-28,255,6,5,4,106.15,89.61,16.54
6752,2024-10-28,119,1,4,1,351.73,231.61,120.12
6753,2024-10-28,352,3,1,3,277.4,218.0,59.4
6754,2024-10-28,415,5,1,2,82.72,54.46,28.26
6755,2024-10-28,155,2,5,2,420.49,365.65,54.84
6756,2024-10-28,150,3,1,1,82.72,63.13,19.59
6757,2024-10-28,247,1,2,3,818.26,569.57,248.69
6758,2024-10-28,313,2,4,3,871.67,720.39,151.28
6759,2024-10-29,287,5,5,2,68.12,48.27,19.85
6760,2024-10-29,498,2,4,2,695.99,622.07,73.92
6761,2024-10-29,106,2,1,4,1037.95,916.52,121.43
6762,2024-10-29,292,4,3,1,45.72,26.48,19.24
6763,2024-10-29,342,3,4,3,289.28,230.18,59.1
6764,2024-10-29,32,3,5,2,174.4,129.92,44.48
6765,2024-10-29,216,1,3,1,210.21,143.95,66.26
6766,2024-10-29,346,6,2,5,146.27,111.39,34.88
6767,2024-10-29,131,4,3,4,224.76,132.74,92.02
6768,2024-10-29,498,3,4,1,109.74,81.94,27.8
6769,2024-10-30,293,3,3,5,371.24,283.18,88.06
6770,2024-10-30,371,2,4,5,1642.43,1399.7,242.73
6771,2024-10-30,252,3,5,5,434.87,318.51,116.36
6772,2024-10-30,146,2,3,3,615.76,541.54,74.22
6773,2024-10-30,2,6,5,1,25.69,20.81,4.88
6774,2024-10-30,466,5,2,1,39.1,26.67,12.43
6775,2024-10-30,157,4,3,2,114.43,59.66,54.77
6776,2024-10-30,355,2,1,5,1409.24,1262.95,146.29
6777,2024-10-30,357,1,4,2,598.47,414.22,184.25
6778,2024-10-31,473,2,4,2,773.41,672.8,100.61
6779,2024-10-31,39,5,2,4,164.69,120.6,44.09
6780,2024-10-31,228,1,4,2,605.28,390.39,214.89
6781,2024-10-31,132,1,2,2,425.73,257.06,168.67
6782,2024-10-31,344,2,4,4,1285.86,1143.48,142.38
6783,2024-10-31,96,2,3,3,702.09,576.55,125.54
6784,2024-10-31,264,1,2,3,732.0,483.35,248.65
6785,2024-10-31,261,6,4,4,159.76,122.47,37.29
6786,2024-10-31,335,6,4,4,139.67,116.11,23.56
6787,2024-10-31,427,3,4,4,404.66,303.63,101.03
6788,2024-10-31,54,5,2,4,166.73,120.4,46.33
6789,2024-10-31,445,6,3,5,121.67,91.51,30.16
6790,2024-11-01,401,4,2,3,187.73,94.66,93.07
6791,2024-11-01,497,4,4,4,296.4,155.26,141.14
6792,2024-11-01,23,6,2,1,31.7,24.18,7.52
6793,2024-11-01,401,1,2,2,491.3,320.53,170.77
6794,2024-11-01,78,2,1,2,506.05,443.51,62.54
6795,2024-11-01,33,5,4,2,109.69,73.17,36.52
6796,2024-11-01,93,4,1,1,54.97,28.4,26.57
6797,2024-11-01,453,2,1,5,1384.42,1187.61,196.81
6798,2024-11-01,293,5,3,2,73.83,53.55,20.28
6799,2024-11-01,62,6,5,3,75.78,63.45,12.33
6800,2024-11-01,435,1,4,3,912.74,610.69,302.05
6801,2024-11-01,128,5,1,5,208.37,145.97,62.4
6802,2024-11-02,277,6,5,5,125.86,104.56,21.3
6803,2024-11-02,171,4,4,1,70.3,36.18,34.12
6804,2024-11-02,199,1,2,4,944.24,585.06,359.18
6805,2024-11-02,402,1,5,3,797.87,557.75,240.12
6806,2024-11-02,97,1,4,4,1388.74,954.13,434.61
6807,2024-11-02,412,4,5,1,64.33,32.26,32.07
6808,2024-11-02,170,4,1,1,67.05,39.68,27.37
6809,2024-11-02,472,3,4,3,288.13,219.36,68.77
6810,2024-11-02,85,3,4,1,117.47,92.77,24.7
6811,2024-11-02,25,4,5,5,245.24,132.61,112.63
6812,2024-11-02,185,3,1,4,377.93,282.28,95.65
6813,2024-11-02,28,4,2,1,53.1,31.19,21.91
6814,2024-11-02,103,2,4,5,1837.07,1499.94,337.13
6815,2024-11-02,106,5,1,4,179.28,122.28,57.0
6816,2024-11-02,233,2,1,2,519.79,446.33,73.46
6817,2024-11-02,121,3,4,3,298.05,229.24,68.81
6818,2024-11-02,191,6,3,1,24.71,20.57,4.14
6819,2024-11-02,186,3,3,4,244.26,192.28,51.98
6820,2024-11-03,187,3,5,1,66.13,51.71,14.42
6821,2024-11-03,34,6,5,2,54.41,42.03,12.38
6822,2024-11-03,345,3,2,2,144.54,109.12,35.42
6823,2024-11-03,78,1,1,5,1478.03,1012.31,465.72
6824,2024-11-03,458,5,4,3,139.28,102.47,36.81
6825,2024-11-03,68,1,4,1,309.28,189.52,119.76
6826,2024-11-03,483,5,4,4,208.8,146.31,62.49
6827,2024-11-03,71,1,2,3,785.29,477.39,307.9
6828,2024-11-03,255,2,5,2,512.17,442.57,69.6
6829,2024-11-03,47,2,4,5,1447.54,1196.51,251.03
6830,2024-11-03,227,1,5,2,481.42,308.83,172.59
6831,2024-11-03,341,3,5,2,162.71,119.5,43.21
6832,2024-11-03,114,3,1,3,214.98,171.12,43.86
6833,2024-11-03,156,3,4,2,217.46,155.84,61.62
6834,2024-11-03,349,2,3,2,386.11,330.61,55.5
6835,2024-11-03,77,5,2,1,41.95,30.95,11.0
6836,2024-11-04,296,1,4,4,1287.11,772.44,514.67
6837,2024-11-04,151,2,1,2,449.26,396.73,52.53
6838,2024-11-04,47,1,4,2,709.28,431.8,277.48
6839,2024-11-04,325,5,1,1,47.59,34.17,13.42
6840,2024-11-04,414,4,4,2,181.54,93.98,87.56
6841,2024-11-04,309,5,4,1,51.34,35.65,15.69
6842,2024-11-04,366,5,3,3,100.8,75.13,25.67
6843,2024-11-04,159,2,1,4,942.74,824.81,117.93
6844,2024-11-04,160,3,1,1,89.45,66.9,22.55
6845,2024-11-04,186,3,3,5,365.62,272.98,92.64
6846,2024-11-04,7,5,2,5,200.41,148.96,51.45
6847,2024-11-04,349,4,3,3,153.75,90.06,63.69
6848,2024-11-04,248,1,4,1,362.22,227.63,134.59
6849,2024-11-04,266,1,2,4,1058.09,667.75,390.34
6850,2024-11-05,152,4,5,3,167.22,84.87,82.35
6851,2024-11-05,16,1,2,2,481.78,320.79,160.99
6852,2024-11-05,319,1,4,5,1681.7,1171.21,510.49
6853,2024-11-05,195,2,2,4,1053.41,919.26,134.15
6854,2024-11-05,59,3,2,2,136.11,98.37,37.74
6855,2024-11-05,9,6,2,4,128.56,100.96,27.6
6856,2024-11-05,318,4,3,3,150.03,86.55,63.48
6857,2024-11-05,189,3,1,5,426.36,298.73,127.63
6858,2024-11-05,60,5,4,1,58.85,40.96,17.89
6859,2024-11-05,85,3,4,5,491.82,364.17,127.65
6860,2024-11-05,195,5,2,5,183.35,127.86,55.49
6861,2024-11-05,292,6,3,3,77.37,58.52,18.85
6862,2024-11-05,205,4,4,2,138.02,80.62,57.4
6863,2024-11-06,34,4,5,5,261.04,149.46,111.58
6864,2024-11-06,430,4,3,4,176.42,104.33,72.09
6865,2024-11-06,89,3,1,2,163.24,116.6,46.64
6866,2024-11-06,410,5,2,2,69.96,50.61,19.35
6867,2024-11-06,74,2,3,1,211.24,176.25,34.99
6868,2024-11-06,265,2,4,2,675.34,588.94,86.4
6869,2024-11-06,61,6,1,1,27.36,22.84,4.52
6870,2024-11-06,3,6,1,5,172.05,141.28,30.77
6871,2024-11-06,74,4,3,1,43.51,21.96,21.55
6872,2024-11-06,30,4,2,1,51.0,26.68,24.32
6873,2024-11-06,363,5,1,1,41.46,27.52,13.94
6874,2024-11-06,243,5,2,2,77.48,54.59,22.89
6875,2024-11-06,97,3,4,1,117.52,93.99,23.53
6876,2024-11-06,196,4,4,1,76.81,38.44,38.37
6877,2024-11-06,182,2,5,5,1105.51,890.92,214.59
6878,2024-11-06,439,1,4,3,986.1,609.93,376.17
6879,2024-11-06,491,2,3,4,809.93,648.62,161.31
6880,2024-11-06,389,1,1,4,1163.01,755.51,407.5
6881,2024-11-07,9,4,2,3,167.58,100.5,67.08
6882,2024-11-07,359,3,1,1,84.71,62.74,21.97
6883,2024-11-07,289,6,1,4,123.51,94.54,28.97
6884,2024-11-07,227,2,5,3,785.68,654.05,131.63
6885,2024-11-07,125,4,4,3,217.97,128.34,89.63
6886,2024-11-07,294,6,4,3,129.43,104.34,25.09
6887,2024-11-07,270,5,1,4,156.88,111.56,45.32
6888,2024-11-07,93,2,1,2,543.97,472.02,71.95
6889,2024-11-07,251,6,1,5,165.44,129.21,36.23
6890,2024-11-07,373,3,1,3,287.34,210.12,77.22
6891,2024-11-07,360,5,2,2,78.8,57.31,21.49
6892,2024-11-07,450,4,1,2,109.43,61.64,47.79
6893,2024-11-07,180,3,1,4,365.18,290.6,74.58
6894,2024-11-07,242,4,2,1,62.5,31.79,30.71
6895,2024-11-07,480,5,3,2,66.14,47.08,19.06
6896,2024-11-07,360,5,2,1,45.12,31.19,13.93
6897,2024-11-08,106,1,1,3,758.14,497.46,260.68
6898,2024-11-08,415,1,1,4,1019.89,637.15,382.74
6899,2024-11-08,227,4,5,5,280.25,154.53,125.72
6900,2024-11-08,155,3,5,2,133.14,102.11,31.03
6901,2024-11-08,288,4,4,4,326.57,183.72,142.85
6902,2024-11-08,109,5,4,2,106.86,73.41,33.45
6903,2024-11-08,361,1,1,2,469.49,323.11,146.38
6904,2024-11-08,142,2,4,3,912.36,804.53,107.83
6905,2024-11-08,237,1,1,2,448.38,288.73,159.65
6906,2024-11-08,123,6,2,4,135.9,103.49,32.41
6907,2024-11-08,286,5,1,4,177.24,127.0,50.24
6908,2024-11-09,293,6,3,2,53.21,44.91,8.3
6909,2024-11-09,162,3,3,2,138.17,97.36,40.81
6910,2024-11-09,220,4,5,1,60.23,34.39,25.84
6911,2024-11-09,93,1,1,4,1190.94,745.04,445.9
6912,2024-11-09,46,3,2,3,210.83,157.1,53.73
6913,2024-11-09,220,4,5,1,63.98,35.85,28.13
6914,2024-11-09,203,4,4,4,331.0,191.04,139.96
6915,2024-11-09,260,4,2,5,313.11,172.83,140.28
6916,2024-11-09,160,1,1,1,296.59,179.96,116.63
6917,2024-11-09,125,4,4,2,168.48,86.81,81.67
6918,2024-11-09,435,3,4,1,94.51,69.68,24.83
6919,2024-11-09,126,3,2,4,352.38,269.84,82.54
6920,2024-11-09,447,5,3,1,35.77,23.57,12.2
6921,2024-11-09,389,4,1,4,289.56,166.8,122.76
6922,2024-11-09,59,6,2,5,131.66,103.2,28.46
6923,2024-11-09,316,3,5,3,241.04,180.17,60.87
6924,2024-11-10,150,4,1,3,213.78,109.92,103.86
6925,2024-11-10,405,4,3,1,48.78,24.63,24.15
6926,2024-11-10,324,2,1,5,1431.53,1183.53,248.0
6927,2024-11-10,15,5,2,1,39.18,26.81,12.37
6928,2024-11-10,64,1,1,5,1211.83,743.6,468.23
6929,2024-11-10,187,1,5,1,213.65,139.02,74.63
6930,2024-11-10,7,5,2,2,71.32,48.77,22.55
6931,2024-11-10,196,6,4,1,35.47,29.35,6.12
6932,2024-11-10,102,6,4,3,119.18,90.83,28.35
6933,2024-11-10,260,4,2,2,122.4,61.78,60.62
6934,2024-11-10,8,5,2,4,159.2,106.76,52.44
6935,2024-11-10,211,6,1,1,30.87,23.67,7.2
6936,2024-11-10,278,2,3,1,210.65,175.47,35.18
6937,2024-11-10,140,5,3,3,93.28,65.6,27.68
6938,2024-11-10,499,4,1,1,70.73,42.27,28.46
6939,2024-11-10,421,5,5,5,211.29,141.55,69.74
6940,2024-11-10,362,1,5,2,510.58,330.59,179.99
6941,2024-11-10,259,4,1,1,62.45,35.72,26.73
6942,2024-11-10,154,4,2,1,61.55,35.65,25.9
6943,2024-11-10,100,2,5,3,698.26,570.44,127.82
6944,2024-11-10,101,3,5,4,265.8,208.65,57.15
6945,2024-11-10,265,1,4,1,354.79,232.56,122.23
6946,2024-11-10,261,1,4,5,1658.01,1018.36,639.65
6947,2024-11-10,227,6,5,4,106.99,82.67,24.32
6948,2024-11-10,369,1,4,5,1845.15,1260.25,584.9
6949,2024-11-11,359,5,1,2,77.4,52.64,24.76
6950,2024-11-11,8,2,2,4,876.4,740.6,135.8
6951,2024-11-11,60,1,4,5,1872.69,1222.15,650.54
6952,2024-11-11,364,6,3,4,89.93,72.65,17.28
6953,2024-11-11,69,1,3,5,1116.33,771.14,345.19
6954,2024-11-11,81,2,5,5,1112.6,995.2,117.4
6955,2024-11-11,380,6,2,2,66.2,51.69,14.51
6956,2024-11-11,77,2,2,4,1001.87,886.56,115.31
6957,2024-11-11,379,4,5,5,288.45,149.68,138.77
6958,2024-11-11,250,4,1,3,164.33,98.45,65.88
6959,2024-11-11,380,4,2,5,261.18,130.69,130.49
6960,2024-11-11,192,1,2,5,1359.42,892.85,466.57
6961,2024-11-11,367,4,5,3,183.27,109.59,73.68
6962,2024-11-11,349,5,3,5,169.08,123.52,45.56
6963,2024-11-11,402,2,5,4,900.96,735.08,165.88
6964,2024-11-11,118,2,2,3,807.56,681.06,126.5
6965,2024-11-12,476,4,1,5,269.1,137.08,132.02
6966,2024-11-12,485,3,4,1,106.44,74.62,31.82
6967,2024-11-12,345,6,2,1,34.25,25.99,8.26
6968,2024-11-12,63,4,2,3,174.17,96.81,77.36
6969,2024-11-12,157,6,3,5,128.7,100.72,27.98
6970,2024-11-12,233,3,1,3,231.01,169.98,61.03
6971,2024-11-12,69,6,3,1,26.63,19.98,6.65
6972,2024-11-12,19,1,1,3,766.68,532.93,233.75
6973,2024-11-12,125,6,4,1,43.06,36.37,6.69
6974,2024-11-12,70,1,4,4,1528.35,1032.74,495.61
6975,2024-11-12,433,6,1,3,106.46,84.18,22.28
6976,2024-11-12,80,3,2,5,408.01,322.06,85.95
6977,2024-11-12,494,2,3,1,190.69,161.32,29.37
6978,2024-11-12,162,6,3,4,92.43,74.94,17.49
6979,2024-11-12,460,4,5,2,109.49,62.24,47.25
6980,2024-11-13,147,6,3,4,100.0,76.4,23.6
6981,2024-11-13,141,3,1,1,93.29,67.0,26.29
6982,2024-11-13,240,5,1,5,195.75,138.57,57.18
6983,2024-11-13,369,6,4,4,170.92,135.75,35.17
6984,2024-11-13,372,1,1,2,470.66,308.61,162.05
6985,2024-11-13,81,5,5,4,172.22,123.31,48.91
6986,2024-11-13,18,3,1,3,269.9,211.65,58.25
6987,2024-11-13,404,4,1,4,255.82,135.54,120.28
6988,2024-11-13,401,6,2,3,99.26,78.28,20.98
6989,2024-11-13,259,1,1,3,723.79,504.15,219.64
6990,2024-11-13,128,1,1,5,1180.16,744.45,435.71
6991,2024-11-13,421,6,5,4,122.5,96.94,25.56
6992,2024-11-13,383,5,4,4,202.51,135.31,67.2
6993,2024-11-13,486,1,3,3,732.47,443.98,288.49
6994,2024-11-13,412,4,5,2,128.85,67.75,61.1
6995,2024-11-13,195,1,2,4,1038.44,700.24,338.2
6996,2024-11-13,68,2,4,2,775.9,653.92,121.98
6997,2024-11-13,392,4,2,2,107.05,53.54,53.51
6998,2024-11-13,35,4,2,5,323.76,163.11,160.65
6999,2024-11-14,277,5,5,2,69.21,48.26,20.95
7000,2024-11-14,156,2,4,4,1525.74,1357.78,167.96
7001,2024-11-14,400,4,2,4,218.99,110.71,108.28
7002,2024-11-14,216,4,3,5,228.94,135.51,93.43
7003,2024-11-14,392,4,2,3,182.77,97.04,85.73
7004,2024-11-14,271,5,1,1,46.94,32.55,14.39
7005,2024-11-14,178,1,4,1,371.78,257.27,114.51
7006,2024-11-14,374,4,1,1,55.37,31.71,23.66
7007,2024-11-14,412,5,5,4,157.63,103.78,53.85
7008,2024-11-14,301,6,3,5,108.49,89.79,18.7
7009,2024-11-14,126,6,2,3,94.31,78.51,15.8
7010,2024-11-14,311,6,3,1,24.51,20.22,4.29
7011,2024-11-15,493,2,1,5,1233.13,997.31,235.82
7012,2024-11-15,491,2,3,1,216.27,174.55,41.72
7013,2024-11-15,386,4,4,4,329.25,180.39,148.86
7014,2024-11-15,36,6,1,1,33.78,27.23,6.55
7015,2024-11-15,294,3,4,3,312.34,242.41,69.93
7016,2024-11-15,155,2,5,2,450.79,368.78,82.01
7017,2024-11-15,288,1,4,4,1533.13,921.54,611.59
7018,2024-11-15,324,1,1,3,756.6,485.8,270.8
7019,2024-11-15,43,3,3,5,364.87,271.95,92.92
7020,2024-11-15,306,1,5,1,206.82,127.82,79.0
7021,2024-11-15,424,3,1,1,80.32,57.48,22.84
7022,2024-11-15,294,3,4,4,461.73,345.03,116.7
7023,2024-11-15,305,3,4,1,108.67,86.52,22.15
7024,2024-11-15,15,4,2,3,175.07,100.19,74.88
7025,2024-11-16,317,4,2,4,269.57,140.35,129.22
7026,2024-11-16,495,3,2,5,414.9,292.44,122.46
7027,2024-11-16,336,1,1,5,1492.51,935.95,556.56
7028,2024-11-16,207,3,4,5,514.43,380.07,134.36
7029,2024-11-16,126,2,2,4,944.08,838.85,105.23
7030,2024-11-16,148,5,2,5,191.85,140.67,51.18
7031,2024-11-16,32,5,5,4,161.64,105.93,55.71
7032,2024-11-16,161,5,4,3,176.85,120.04,56.81
7033,2024-11-16,141,5,1,4,143.88,106.74,37.14
7034,2024-11-16,163,6,1,1,34.57,26.35,8.22
7035,2024-11-16,377,2,4,1,307.83,269.9,37.93
7036,2024-11-16,227,3,5,5,339.45,249.91,89.54
7037,2024-11-16,76,3,1,5,426.3,340.19,86.11
7038,2024-11-16,196,6,4,5,175.77,148.17,27.6
7039,2024-11-16,496,3,2,2,174.39,133.82,40.57
7040,2024-11-16,276,3,4,3,297.65,237.36,60.29
7041,2024-11-16,240,6,1,2,63.1,51.75,11.35
7042,2024-11-16,206,6,4,2,77.66,58.86,18.8
7043,2024-11-16,396,5,4,2,109.42,73.9,35.52
7044,2024-11-16,184,6,3,2,55.88,42.57,13.31
7045,2024-11-16,425,2,5,2,536.82,481.65,55.17
7046,2024-11-16,467,6,5,4,105.37,89.26,16.11
7047,2024-11-16,302,4,2,3,177.13,93.01,84.12
7048,2024-11-16,493,4,1,3,195.45,107.34,88.11
7049,2024-11-17,40,2,4,4,1531.74,1336.73,195.01
7050,2024-11-17,416,2,4,3,1062.46,954.72,107.74
7051,2024-11-17,72,3,4,4,493.94,391.93,102.01
7052,2024-11-17,52,1,1,2,530.92,370.85,160.07
7053,2024-11-17,454,5,1,3,108.93,72.69,36.24
7054,2024-11-17,157,6,3,1,26.26,20.64,5.62
7055,2024-11-17,146,3,3,1,66.06,50.48,15.58
7056,2024-11-17,114,1,1,4,1102.65,751.13,351.52
7057,2024-11-17,212,5,3,1,36.21,24.86,11.35
7058,2024-11-17,266,2,2,2,565.8,463.64,102.16
7059,2024-11-17,105,4,3,2,106.03,55.99,50.04
7060,2024-11-17,125,2,4,1,328.07,294.01,34.06
7061,2024-11-17,322,5,4,4,187.89,129.5,58.39
7062,2024-11-17,309,6,4,4,184.68,145.88,38.8
7063,2024-11-17,208,3,1,4,343.42,272.73,70.69
7064,2024-11-17,404,4,1,2,125.18,67.11,58.07
7065,2024-11-18,353,4,2,3,191.87,111.64,80.23
7066,2024-11-18,211,5,1,4,148.32,99.55,48.77
7067,2024-11-18,453,4,1,1,55.39,31.9,23.49
7068,2024-11-18,27,1,3,4,903.1,548.66,354.44
7069,2024-11-18,423,6,5,2,59.81,46.12,13.69
7070,2024-11-18,352,1,1,2,483.91,335.48,148.43
7071,2024-11-18,421,6,5,3,84.31,71.62,12.69
7072,2024-11-18,309,4,4,5,398.5,213.65,184.85
7073,2024-11-18,51,1,4,3,1092.87,686.96,405.91
7074,2024-11-18,466,2,2,5,1111.94,908.13,203.81
7075,2024-11-18,2,1,5,5,1191.5,784.55,406.95
7076,2024-11-18,105,4,3,5,277.34,151.04,126.3
7077,2024-11-18,450,1,1,5,1143.95,737.12,406.83
7078,2024-11-18,464,1,5,4,989.02,601.3,387.72
7079,2024-11-18,428,6,4,5,199.51,154.85,44.66
7080,2024-11-19,391,2,3,3,691.09,580.82,110.27
7081,2024-11-19,487,2,2,5,1152.72,977.9,174.82
7082,2024-11-19,127,5,5,4,156.4,108.67,47.73
7083,2024-11-19,299,3,4,5,578.75,448.77,129.98
7084,2024-11-19,123,4,2,2,136.48,79.19,57.29
7085,2024-11-19,442,4,3,5,222.86,121.3,101.56
7086,2024-11-19,70,5,4,2,98.09,70.68,27.41
7087,2024-11-19,258,6,3,5,113.42,91.57,21.85
7088,2024-11-19,498,3,4,4,381.68,272.34,109.34
7089,2024-11-19,488,3,3,1,63.17,50.06,13.11
7090,2024-11-19,238,5,4,4,206.23,148.77,57.46
7091,2024-11-19,160,6,1,4,126.73,102.09,24.64
7092,2024-11-19,207,1,4,2,664.25,464.69,199.56
7093,2024-11-19,284,6,2,4,115.55,91.8,23.75
7094,2024-11-19,240,3,1,5,391.66,293.12,98.54
7095,2024-11-19,198,6,2,3,98.18,81.05,17.13
7096,2024-11-19,208,6,1,4,142.19,117.94,24.25
7097,2024-11-19,95,4,3,1,47.95,27.38,20.57
7098,2024-11-19,500,1,5,2,511.0,349.8,161.2
7099,2024-11-19,147,4,3,3,146.55,84.82,61.73
7100,2024-11-19,212,3,3,5,306.37,224.28,82.09
7101,2024-11-20,278,3,3,1,60.6,45.71,14.89
7102,2024-11-20,21,3,1,1,73.91,55.28,18.63
7103,2024-11-20,38,6,3,3,77.73,61.44,16.29
7104,2024-11-20,343,2,1,5,1143.41,963.36,180.05
7105,2024-11-20,235,5,1,4,176.47,131.67,44.8
7106,2024-11-20,165,1,4,2,632.76,419.64,213.12
7107,2024-11-20,238,2,4,3,1029.63,848.33,181.3
7108,2024-11-20,181,3,2,5,344.27,242.03,102.24
7109,2024-11-20,459,3,1,3,271.69,208.88,62.81
7110,2024-11-20,19,5,1,5,213.86,144.82,69.04
7111,2024-11-20,394,5,3,2,72.77,48.41,24.36
7112,2024-11-20,57,2,1,3,688.47,585.71,102.76
7113,2024-11-21,420,6,5,2,61.98,48.89,13.09
7114,2024-11-21,351,3,5,3,201.0,149.22,51.78
7115,2024-11-21,103,3,4,5,567.23,424.6,142.63
7116,2024-11-21,274,1,4,2,754.41,524.9,229.51
7117,2024-11-21,316,4,5,3,172.04,97.49,74.55
7118,2024-11-21,89,2,1,1,298.0,267.1,30.9
7119,2024-11-21,354,3,2,1,86.8,62.19,24.61
7120,2024-11-21,310,5,4,3,159.93,106.21,53.72
7121,2024-11-21,56,6,2,1,26.7,22.27,4.43
7122,2024-11-21,299,5,4,2,100.45,74.0,26.45
7123,2024-11-21,124,2,3,4,795.87,664.74,131.13
7124,2024-11-21,347,2,1,3,735.54,658.56,76.98
7125,2024-11-21,278,3,3,3,183.64,129.6,54.04
7126,2024-11-21,267,5,4,2,109.62,77.5,32.12
7127,2024-11-21,125,5,4,3,184.15,136.16,47.99
7128,2024-11-21,454,6,1,2,59.43,47.26,12.17
7129,2024-11-21,197,3,1,3,273.53,208.81,64.72
7130,2024-11-21,303,4,4,5,394.49,228.93,165.56
7131,2024-11-21,34,1,5,2,449.05,273.5,175.55
7132,2024-11-21,220,1,5,4,840.06,532.21,307.85
7133,2024-11-21,174,3,5,5,340.46,266.84,73.62
7134,2024-11-21,245,6,1,2,60.84,51.32,9.52
7135,2024-11-22,245,6,1,3,101.26,84.49,16.77
7136,2024-11-22,149,2,2,2,461.53,376.24,85.29
7137,2024-11-22,144,5,1,4,153.1,109.29,43.81
7138,2024-11-22,153,6,4,4,171.82,143.93,27.89
7139,2024-11-22,51,4,4,2,164.04,97.97,66.07
7140,2024-11-22,290,2,2,4,912.49,746.55,165.94
7141,2024-11-22,126,1,2,2,494.15,321.77,172.38
7142,2024-11-22,192,4,2,2,119.69,60.08,59.61
7143,2024-11-22,209,3,2,1,87.03,66.45,20.58
7144,2024-11-22,118,5,2,4,176.66,128.65,48.01
7145,2024-11-22,18,4,1,3,201.49,116.23,85.26
7146,2024-11-22,466,2,2,1,249.4,217.66,31.74
7147,2024-11-22,250,3,1,1,81.43,64.4,17.03
7148,2024-11-22,58,1,1,5,1391.49,850.09,541.4
7149,2024-11-22,149,2,2,1,285.4,256.12,29.28
7150,2024-11-23,383,4,4,3,253.35,148.91,104.44
7151,2024-11-23,191,4,3,3,168.02,95.54,72.48
7152,2024-11-23,263,2,5,3,738.36,643.38,94.98
7153,2024-11-23,72,3,4,4,467.05,341.06,125.99
7154,2024-11-23,391,3,3,3,192.36,147.81,44.55
7155,2024-11-23,87,5,3,3,116.61,80.35,36.26
7156,2024-11-23,420,5,5,2,81.85,55.09,26.76
7157,2024-11-23,427,2,4,2,767.01,683.85,83.16
7158,2024-11-23,352,1,1,4,927.77,587.84,339.93
7159,2024-11-23,317,6,2,4,113.63,95.19,18.44
7160,2024-11-23,130,2,5,2,480.75,386.49,94.26
7161,2024-11-23,114,6,1,3,91.35,72.66,18.69
7162,2024-11-23,330,1,2,4,1086.97,661.09,425.88
7163,2024-11-23,259,6,1,1,34.01,28.77,5.24
7164,2024-11-23,329,5,3,5,153.77,108.6,45.17
7165,2024-11-23,342,2,4,1,302.96,260.03,42.93
7166,2024-11-23,473,6,4,5,197.04,152.2,44.84
7167,2024-11-23,406,1,2,5,1215.84,822.58,393.26
7168,2024-11-24,299,2,4,3,928.76,833.69,95.07
7169,2024-11-24,373,5,1,1,48.05,32.69,15.36
7170,2024-11-24,125,5,4,1,60.47,41.11,19.36
7171,2024-11-24,171,4,4,1,69.73,36.43,33.3
7172,2024-11-24,50,3,5,4,278.27,209.56,68.71
7173,2024-11-24,215,6,5,2,53.65,44.07,9.58
7174,2024-11-24,216,5,3,4,120.03,78.2,41.83
7175,2024-11-24,353,2,2,2,499.44,447.42,52.02
7176,2024-11-24,498,3,4,2,218.82,172.94,45.88
7177,2024-11-24,463,6,5,3,85.59,65.59,20.0
7178,2024-11-24,493,3,1,3,243.45,183.86,59.59
7179,2024-11-24,398,5,3,2,58.77,39.22,19.55
7180,2024-11-24,146,1,3,1,192.12,131.21,60.91
7181,2024-11-24,135,4,4,2,145.41,79.89,65.52
7182,2024-11-24,356,1,3,5,996.54,639.26,357.28
7183,2024-11-24,417,2,1,2,492.12,427.67,64.45
7184,2024-11-24,175,4,4,2,154.59,92.22,62.37
7185,2024-11-24,1,4,4,1,72.85,40.0,32.85
7186,2024-11-24,461,1,4,5,1578.05,965.98,612.07
7187,2024-11-24,26,2,1,2,483.04,395.36,87.68
7188,2024-11-24,482,1,3,4,764.14,496.17,267.97
7189,2024-11-24,120,2,2,4,876.25,706.11,170.14
7190,2024-11-24,220,5,5,4,153.73,108.03,45.7
7191,2024-11-25,294,4,4,2,174.99,100.0,74.99
7192,2024-11-25,96,4,3,5,289.77,148.43,141.34
7193,2024-11-25,346,5,2,3,120.5,82.79,37.71
7194,2024-11-25,214,2,4,2,632.94,523.83,109.11
7195,2024-11-25,484,4,5,4,227.45,124.63,102.82
7196,2024-11-25,441,6,1,5,166.27,141.28,24.99
7197,2024-11-25,350,3,2,3,220.71,163.14,57.57
7198,2024-11-25,61,2,1,5,1481.76,1303.99,177.77
7199,2024-11-25,291,6,1,2,59.27,48.13,11.14
7200,2024-11-25,401,4,2,5,343.03,174.2,168.83
7201,2024-11-25,103,2,4,3,1127.79,933.5,194.29
7202,2024-11-25,489,1,2,2,484.78,305.03,179.75
7203,2024-11-25,312,6,1,2,66.62,50.09,16.53
7204,2024-11-25,287,6,5,2,56.03,42.65,13.38
7205,2024-11-25,199,2,2,2,517.28,456.73,60.55
7206,2024-11-25,405,4,3,1,44.68,22.87,21.81
7207,2024-11-25,239,4,2,2,127.19,70.0,57.19
7208,2024-11-25,188,5,5,1,35.65,24.66,10.99
7209,2024-11-25,176,4,4,5,412.32,246.62,165.7
7210,2024-11-26,220,6,5,5,150.57,126.28,24.29
7211,2024-11-26,372,4,1,4,228.32,136.83,91.49
7212,2024-11-26,212,2,3,2,471.73,419.58,52.15
7213,2024-11-26,416,3,4,1,123.39,87.54,35.85
7214,2024-11-26,87,4,3,1,44.55,25.06,19.49
7215,2024-11-26,170,6,1,1,33.68,26.84,6.84
7216,2024-11-26,441,5,1,3,141.38,98.6,42.78
7217,2024-11-26,334,2,2,2,550.17,474.22,75.95
7218,2024-11-26,399,3,3,4,253.52,183.01,70.51
7219,2024-11-26,102,4,4,2,164.7,89.31,75.39
7220,2024-11-26,343,1,1,1,254.04,161.6,92.44
7221,2024-11-26,102,1,4,1,358.33,247.54,110.79
7222,2024-11-27,340,3,3,5,289.85,224.45,65.4
7223,2024-11-27,80,5,2,2,81.01,54.75,26.26
7224,2024-11-27,493,3,1,3,275.1,206.36,68.74
7225,2024-11-27,370,2,3,5,1190.78,994.0,196.78
7226,2024-11-27,83,5,1,3,108.89,79.44,29.45
7227,2024-11-27,472,6,4,4,138.96,108.91,30.05
7228,2024-11-27,251,5,1,1,40.84,29.51,11.33
7229,2024-11-27,122,5,2,5,199.59,144.96,54.63
7230,2024-11-28,337,6,4,2,75.85,60.17,15.68
7231,2024-11-28,68,2,4,2,699.46,590.86,108.6
7232,2024-11-28,312,3,1,1,90.74,64.34,26.4
7233,2024-11-28,25,3,5,5,343.57,271.28,72.29
7234,2024-11-28,316,3,5,2,138.73,106.92,31.81
7235,2024-11-28,53,5,2,5,170.94,117.86,53.08
7236,2024-11-28,407,2,5,2,538.75,479.12,59.63
7237,2024-11-28,102,3,4,5,510.34,405.02,105.32
7238,2024-11-28,182,4,5,5,297.91,174.02,123.89
7239,2024-11-28,21,6,1,2,58.64,45.97,12.67
7240,2024-11-28,311,5,3,3,102.94,76.23,26.71
7241,2024-11-28,5,4,4,1,79.44,47.1,32.34
7242,2024-11-28,51,1,4,5,1439.07,868.62,570.45
7243,2024-11-28,146,3,3,1,68.02,53.77,14.25
7244,2024-11-29,415,3,1,2,172.5,136.69,35.81
7245,2024-11-29,102,6,4,4,165.01,132.88,32.13
7246,2024-11-29,245,3,1,1,83.83,59.87,23.96
7247,2024-11-29,341,5,5,4,149.19,102.64,46.55
7248,2024-11-29,490,6,2,1,32.32,25.86,6.46
7249,2024-11-29,293,1,3,1,217.36,145.63,71.73
7250,2024-11-29,136,5,1,3,131.39,89.09,42.3
7251,2024-11-29,44,1,4,5,1666.75,1119.73,547.02
7252,2024-11-29,153,3,4,4,479.51,368.91,110.6
7253,2024-11-29,216,4,3,2,103.64,56.8,46.84
7254,2024-11-29,357,6,4,4,171.96,135.87,36.09
7255,2024-11-29,416,6,4,3,118.35,99.92,18.43
7256,2024-11-29,331,3,3,1,64.27,46.84,17.43
7257,2024-11-29,404,1,1,4,1100.36,765.33,335.03
7258,2024-11-29,494,5,3,4,121.2,90.74,30.46
7259,2024-11-30,280,6,4,5,182.44,145.67,36.77
7260,2024-11-30,251,5,1,5,193.7,126.79,66.91
7261,2024-11-30,421,2,5,3,607.11,523.54,83.57
7262,2024-11-30,476,6,1,2,64.95,51.93,13.02
7263,2024-11-30,199,3,2,4,295.63,209.34,86.29
7264,2024-11-30,69,4,3,3,144.89,73.03,71.86
7265,2024-11-30,136,1,1,5,1184.21,745.54,438.67
7266,2024-11-30,81,5,5,4,132.98,96.1,36.88
7267,2024-11-30,79,3,1,3,247.83,174.46,73.37
7268,2024-11-30,202,5,3,3,87.27,57.21,30.06
7269,2024-11-30,396,3,4,1,116.2,88.76,27.44
7270,2024-11-30,284,6,2,3,101.15,79.08,22.07
7271,2024-11-30,158,4,3,1,46.89,26.04,20.85
7272,2024-11-30,473,6,4,1,44.56,35.1,9.46
7273,2024-11-30,415,3,1,1,95.64,73.58,22.06
7274,2024-11-30,255,4,5,4,235.63,135.61,100.02
7275,2024-11-30,226,6,2,3,77.8,59.6,18.2
7276,2024-11-30,112,1,1,4,1130.06,743.46,386.6
7277,2024-11-30,41,2,2,3,764.36,665.02,99.34
7278,2024-12-01,419,1,4,1,350.01,240.76,109.25
7279,2024-12-01,16,2,2,3,661.03,545.47,115.56
7280,2024-12-01,48,4,1,3,163.91,96.28,67.63
7281,2024-12-01,493,3,1,5,393.2,278.64,114.56
7282,2024-12-01,322,6,4,2,86.57,66.86,19.71
7283,2024-12-01,414,4,4,2,139.12,82.06,57.06
7284,2024-12-01,302,4,2,3,155.34,91.93,63.41
7285,2024-12-01,328,4,1,4,286.77,165.37,121.4
7286,2024-12-01,309,6,4,3,110.56,88.46,22.1
7287,2024-12-01,39,4,2,5,292.86,166.35,126.51
7288,2024-12-01,9,4,2,2,113.38,56.97,56.41
7289,2024-12-01,445,3,3,3,232.14,175.68,56.46
7290,2024-12-01,153,6,4,5,213.89,172.5,41.39
7291,2024-12-01,79,2,1,5,1240.34,1104.59,135.75
7292,2024-12-01,7,4,2,1,51.92,28.68,23.24
7293,2024-12-01,218,3,1,4,346.21,262.39,83.82
7294,2024-12-01,72,5,4,2,122.05,82.74,39.31
7295,2024-12-01,358,3,3,5,313.9,236.74,77.16
7296,2024-12-01,371,4,4,3,272.24,143.93,128.31
7297,2024-12-01,338,3,2,1,71.91,55.4,16.51
7298,2024-12-01,81,6,5,2,58.22,46.35,11.87
7299,2024-12-01,215,1,5,5,1356.85,915.64,441.21
7300,2024-12-01,269,4,1,4,247.31,139.61,107.7
7301,2024-12-01,184,5,3,5,176.74,129.55,47.19
7302,2024-12-02,167,1,5,1,227.03,137.62,89.41
7303,2024-12-02,442,5,3,1,32.86,22.28,10.58
7304,2024-12-02,289,4,1,5,337.67,193.97,143.7
7305,2024-12-02,364,6,3,1,24.96,20.67,4.29
7306,2024-12-02,374,1,1,5,1269.03,812.12,456.91
7307,2024-12-02,266,2,2,4,895.99,764.91,131.08
7308,2024-12-02,18,3,1,5,393.48,291.0,102.48
7309,2024-12-03,478,6,5,4,130.5,102.11,28.39
7310,2024-12-03,101,3,5,2,172.02,136.39,35.63
7311,2024-12-03,112,4,1,3,211.55,111.19,100.36
7312,2024-12-03,460,2,5,5,1344.84,1174.91,169.93
7313,2024-12-03,390,3,2,1,91.47,66.52,24.95
7314,2024-12-03,409,4,1,5,354.43,193.35,161.08
7315,2024-12-03,402,1,5,3,757.79,493.74,264.05
7316,2024-12-03,250,4,1,2,127.09,64.15,62.94
7317,2024-12-03,462,5,2,1,40.01,27.31,12.7
7318,2024-12-03,174,4,5,4,244.63,135.71,108.92
7319,2024-12-03,310,6,4,3,130.43,99.09,31.34
7320,2024-12-03,383,1,4,1,384.09,262.19,121.9
7321,2024-12-03,248,6,4,4,159.61,128.07,31.54
7322,2024-12-03,224,5,1,5,223.95,150.91,73.04
7323,2024-12-03,243,2,2,5,1155.08,934.37,220.71
7324,2024-12-03,323,4,4,1,70.95,35.8,35.15
7325,2024-12-03,317,1,2,1,218.76,141.77,76.99
7326,2024-12-03,166,5,1,2,73.44,51.69,21.75
7327,2024-12-04,55,5,4,2,111.08,76.93,34.15
7328,2024-12-04,227,6,5,3,79.29,65.7,13.59
7329,2024-12-04,379,1,5,1,265.79,173.12,92.67
7330,2024-12-04,304,2,4,3,1148.04,961.77,186.27
7331,2024-12-04,185,1,1,3,767.09,525.81,241.28
7332,2024-12-04,78,4,1,1,62.3,36.28,26.02
7333,2024-12-04,435,1,4,3,1012.48,645.92,366.56
7334,2024-12-04,246,4,2,4,261.19,140.61,120.58
7335,2024-12-05,126,4,2,1,68.66,36.43,32.23
7336,2024-12-05,141,2,1,3,900.08,754.5,145.58
7337,2024-12-05,243,4,2,3,199.4,102.96,96.44
7338,2024-12-05,328,4,1,3,216.39,129.68,86.71
7339,2024-12-05,90,5,5,4,167.73,109.38,58.35
7340,2024-12-05,483,2,4,4,1479.99,1199.2,280.79
7341,2024-12-05,452,1,1,4,977.43,608.3,369.13
7342,2024-12-05,35,5,2,5,210.0,141.15,68.85
7343,2024-12-05,420,5,5,5,179.83,127.05,52.78
7344,2024-12-05,423,1,5,3,755.03,467.35,287.68
7345,2024-12-05,273,5,1,4,155.4,101.16,54.24
7346,2024-12-06,382,1,1,2,515.14,326.78,188.36
7347,2024-12-06,50,5,5,1,33.92,23.61,10.31
7348,2024-12-06,403,5,4,4,221.68,164.61,57.07
7349,2024-12-06,329,2,3,5,1058.84,926.11,132.73
7350,2024-12-06,358,6,3,5,143.98,116.43,27.55
7351,2024-12-06,373,1,1,4,954.74,611.88,342.86
7352,2024-12-06,146,2,3,2,488.7,425.41,63.29
7353,2024-12-06,484,2,5,2,443.39,394.04,49.35
7354,2024-12-06,382,1,1,1,284.45,197.31,87.14
7355,2024-12-06,363,6,1,2,55.04,43.63,11.41
7356,2024-12-06,281,4,2,5,270.18,158.43,111.75
7357,2024-12-06,101,6,5,2,63.39,48.32,15.07
7358,2024-12-07,142,4,4,5,422.69,223.69,199.0
7359,2024-12-07,255,6,5,2,53.05,43.8,9.25
7360,2024-12-07,430,6,3,4,103.77,84.22,19.55
7361,2024-12-07,338,3,2,2,181.0,131.45,49.55
7362,2024-12-07,18,1,1,4,1025.65,641.24,384.41
7363,2024-12-07,360,3,2,3,222.15,166.0,56.15
7364,2024-12-07,267,2,4,3,935.95,821.25,114.7
7365,2024-12-07,311,3,3,2,150.07,109.18,40.89
7366,2024-12-07,244,6,3,5,137.13,115.81,21.32
7367,2024-12-07,332,4,3,2,102.55,56.89,45.66
7368,2024-12-07,205,6,4,1,41.89,33.4,8.49
7369,2024-12-07,296,4,4,2,182.42,92.81,89.61
7370,2024-12-07,483,2,4,3,1116.3,976.22,140.08
7371,2024-12-07,499,5,1,5,179.71,125.41,54.3
7372,2024-12-07,67,5,5,4,157.63,111.16,46.47
7373,2024-12-07,462,1,2,5,1124.82,695.3,429.52
7374,2024-12-07,269,1,1,2,562.42,384.86,177.56
7375,2024-12-07,209,5,2,5,187.21,128.52,58.69
7376,2024-12-07,223,2,1,4,1113.68,988.65,125.03
7377,2024-12-07,400,1,2,1,236.66,159.64,77.02
7378,2024-12-07,167,2,5,2,438.99,377.78,61.21
7379,2024-12-08,91,5,5,1,41.75,30.12,11.63
7380,2024-12-08,92,3,2,4,278.39,221.35,57.04
7381,2024-12-08,413,5,1,3,121.69,83.35,38.34
7382,2024-12-08,262,4,3,4,188.41,106.96,81.45
7383,2024-12-08,219,3,5,5,365.88,287.73,78.15
7384,2024-12-08,159,2,1,3,866.06,736.39,129.67
7385,2024-12-08,389,3,1,4,341.06,258.49,82.57
7386,2024-12-09,218,1,1,2,517.3,343.74,173.56
7387,2024-12-09,203,2,4,2,604.48,534.32,70.16
7388,2024-12-09,4,2,1,3,703.69,582.12,121.57
7389,2024-12-09,383,6,4,2,70.81,59.57,11.24
7390,2024-12-09,333,1,3,4,941.57,609.21,332.36
7391,2024-12-09,127,3,5,4,312.71,221.29,91.42
7392,2024-12-09,322,2,4,5,1512.64,1249.69,262.95
7393,2024-12-09,333,1,3,5,1017.6,711.07,306.53
7394,2024-12-09,128,6,1,3,105.14,86.05,19.09
7395,2024-12-09,439,6,4,4,154.64,128.16,26.48
7396,2024-12-09,312,1,1,3,716.14,443.88,272.26
7397,2024-12-09,81,4,5,1,52.37,26.57,25.8
7398,2024-12-09,261,6,4,2,84.31,68.2,16.11
7399,2024-12-10,298,1,1,3,705.44,464.79,240.65
7400,2024-12-10,12,6,4,3,127.61,104.16,23.45
7401,2024-12-10,287,5,5,1,41.05,29.6,11.45
7402,2024-12-10,263,6,5,5,126.06,100.21,25.85
7403,2024-12-10,360,4,2,5,319.55,183.9,135.65
7404,2024-12-10,146,1,3,2,429.88,279.49,150.39
7405,2024-12-10,328,4,1,2,137.09,78.22,58.87
7406,2024-12-10,151,4,1,1,67.16,34.06,33.1
7407,2024-12-10,212,2,3,1,243.09,202.16,40.93
7408,2024-12-10,232,6,5,5,132.45,100.35,32.1
7409,2024-12-10,30,3,2,4,310.25,219.03,91.22
7410,2024-12-10,492,3,1,2,183.59,144.51,39.08
7411,2024-12-10,165,4,4,2,179.6,105.93,73.67
7412,2024-12-10,48,4,1,2,138.55,79.21,59.34
7413,2024-12-10,314,4,3,3,135.63,74.53,61.1
7414,2024-12-10,466,5,2,2,70.14,50.45,19.69
7415,2024-12-11,320,4,4,4,284.44,170.16,114.28
7416,2024-12-11,174,2,5,5,1196.36,1061.29,135.07
7417,2024-12-11,397,5,3,4,120.83,80.69,40.14
7418,2024-12-11,189,4,1,4,253.14,136.1,117.04
7419,2024-12-11,8,6,2,1,27.63,20.79,6.84
7420,2024-12-11,400,2,2,5,1111.88,964.17,147.71
7421,2024-12-11,88,6,4,5,224.56,187.35,37.21
7422,2024-12-11,19,1,1,1,241.68,147.5,94.18
7423,2024-12-11,405,1,3,1,197.79,132.39,65.4
7424,2024-12-11,366,3,3,3,204.63,151.78,52.85
7425,2024-12-11,364,6,3,4,93.7,70.45,23.25
7426,2024-12-11,405,1,3,5,946.9,647.5,299.4
7427,2024-12-11,150,5,1,3,127.86,85.71,42.15
7428,2024-12-11,173,2,4,1,351.66,306.23,45.43
7429,2024-12-11,367,2,5,1,272.27,234.79,37.48
7430,2024-12-11,57,6,1,1,29.31,22.26,7.05
7431,2024-12-12,273,2,1,2,477.33,398.91,78.42
7432,2024-12-12,18,6,1,2,72.3,59.3,13.0
7433,2024-12-12,442,5,3,2,72.82,50.79,22.03
7434,2024-12-12,488,4,3,4,183.07,103.91,79.16
7435,2024-12-12,195,4,2,1,59.17,33.48,25.69
7436,2024-12-12,81,3,5,5,351.01,259.92,91.09
7437,2024-12-12,134,1,3,1,189.07,113.51,75.56
7438,2024-12-12,227,1,5,1,247.52,157.95,89.57
7439,2024-12-12,246,4,2,1,57.04,31.84,25.2
7440,2024-12-12,387,4,1,5,269.72,135.91,133.81
7441,2024-12-12,342,3,4,1,94.22,70.19,24.03
7442,2024-12-12,209,4,2,4,225.05,119.89,105.16
7443,2024-12-12,407,5,5,4,168.0,115.75,52.25
7444,2024-12-12,229,4,2,2,110.65,56.5,54.15
7445,2024-12-12,146,6,3,1,26.01,19.55,6.46
7446,2024-12-12,181,1,2,3,785.97,500.54,285.43
7447,2024-12-12,332,2,3,5,1202.73,1044.23,158.5
7448,2024-12-12,276,5,4,3,168.18,124.09,44.09
7449,2024-12-12,179,3,2,5,445.28,337.44,107.84
7450,2024-12-12,257,2,5,4,881.79,746.88,134.91
7451,2024-12-12,373,5,1,2,95.49,65.42,30.07
7452,2024-12-12,99,3,5,3,226.44,173.9,52.54
7453,2024-12-13,189,5,1,4,161.39,118.37,43.02
7454,2024-12-13,359,3,1,5,430.49,303.44,127.05
7455,2024-12-13,452,2,1,2,579.08,473.5,105.58
7456,2024-12-13,470,6,4,4,169.74,135.65,34.09
7457,2024-12-13,108,2,4,3,874.94,729.52,145.42
7458,2024-12-13,434,4,5,2,124.81,68.75,56.06
7459,2024-12-13,395,4,3,3,149.14,75.46,73.68
7460,2024-12-13,329,1,3,4,864.7,549.91,314.79
7461,2024-12-13,32,1,5,4,822.48,570.67,251.81
7462,2024-12-13,257,3,5,2,164.74,127.66,37.08
7463,2024-12-13,467,1,5,5,1330.47,923.48,406.99
7464,2024-12-13,309,4,4,4,302.23,172.72,129.51
7465,2024-12-13,159,6,1,1,30.43,23.11,7.32
7466,2024-12-13,250,3,1,1,87.26,64.44,22.82
7467,2024-12-13,115,5,2,5,195.03,134.02,61.01
7468,2024-12-13,340,5,3,5,154.94,104.08,50.86
7469,2024-12-13,279,6,4,3,104.38,83.47,20.91
7470,2024-12-13,395,6,3,4,100.42,79.94,20.48
7471,2024-12-14,331,1,3,5,923.53,575.64,347.89
7472,2024-12-14,275,5,3,4,155.4,116.55,38.85
7473,2024-12-14,412,5,5,3,102.14,68.92,33.22
7474,2024-12-14,167,6,5,4,112.58,86.46,26.12
7475,2024-12-14,446,4,2,4,231.32,135.4,95.92
7476,2024-12-14,72,3,4,1,104.0,76.59,27.41
7477,2024-12-14,398,1,3,1,210.64,132.46,78.18
7478,2024-12-14,140,3,3,4,242.73,176.8,65.93
7479,2024-12-14,346,4,2,3,155.59,89.01,66.58
7480,2024-12-14,498,6,4,3,131.24,106.03,25.21
7481,2024-12-14,157,1,3,1,231.39,158.45,72.94
7482,2024-12-14,38,4,3,2,110.71,56.9,53.81
7483,2024-12-14,405,6,3,1,28.1,23.15,4.95
7484,2024-12-14,56,4,2,2,120.86,61.68,59.18
7485,2024-12-14,433,4,1,1,58.05,33.28,24.77
7486,2024-12-14,203,4,4,2,182.09,93.25,88.84
7487,2024-12-15,333,5,3,3,107.69,79.39,28.3
7488,2024-12-15,230,4,4,5,413.14,246.1,167.04
7489,2024-12-15,68,6,4,5,185.68,143.36,42.32
7490,2024-12-15,71,4,2,5,256.06,148.41,107.65
7491,2024-12-15,467,4,5,2,107.29,63.78,43.51
7492,2024-12-15,41,4,2,4,260.86,137.32,123.54
7493,2024-12-15,207,5,4,2,96.89,64.12,32.77
7494,2024-12-15,482,6,3,5,111.97,90.63,21.34
7495,2024-12-15,235,1,1,5,1186.12,757.45,428.67
7496,2024-12-15,61,6,1,2,62.0,48.02,13.98
7497,2024-12-15,437,5,4,5,293.66,213.06,80.6
7498,2024-12-15,275,3,3,5,349.6,259.64,89.96
7499,2024-12-15,45,5,1,2,79.04,56.99,22.05
7500,2024-12-15,119,3,4,1,99.72,73.22,26.5
7501,2024-12-15,435,5,4,4,212.07,151.14,60.93
7502,2024-12-15,46,6,2,3,83.13,62.92,20.21
7503,2024-12-16,269,4,1,1,62.32,37.12,25.2
7504,2024-12-16,456,1,3,4,919.91,567.61,352.3
7505,2024-12-16,326,4,4,2,184.78,99.75,85.03
7506,2024-12-16,322,4,4,5,449.95,229.02,220.93
7507,2024-12-16,134,5,3,2,59.66,43.3,16.36
7508,2024-12-16,153,6,4,4,140.84,111.15,29.69
7509,2024-12-16,380,5,2,5,196.5,139.0,57.5
7510,2024-12-16,258,5,3,1,35.79,23.55,12.24
7511,2024-12-16,79,1,1,1,256.8,174.58,82.22
7512,2024-12-16,493,3,1,2,173.25,126.52,46.73
7513,2024-12-16,167,5,5,2,71.81,49.61,22.2
7514,2024-12-17,392,4,2,2,103.56,53.26,50.3
7515,2024-12-17,416,6,4,4,182.45,154.47,27.98
7516,2024-12-17,100,4,5,3,151.31,89.71,61.6
7517,2024-12-17,209,3,2,3,213.24,159.78,53.46
7518,2024-12-17,494,2,3,2,390.55,343.59,46.96
7519,2024-12-17,116,2,1,5,1198.96,976.06,222.9
7520,2024-12-17,310,3,4,4,378.79,288.08,90.71
7521,2024-12-17,279,4,4,1,69.93,40.82,29.11
7522,2024-12-17,236,3,2,2,137.26,99.01,38.25
7523,2024-12-17,483,4,4,2,141.84,74.97,66.87
7524,2024-12-17,416,6,4,4,148.7,124.67,24.03
7525,2024-12-17,362,2,5,4,990.8,860.89,129.91
7526,2024-12-17,189,5,1,5,222.45,157.4,65.05
7527,2024-12-17,165,5,4,2,93.16,66.26,26.9
7528,2024-12-18,243,6,2,2,58.66,46.91,11.75
7529,2024-12-18,433,2,1,3,670.01,564.95,105.06
7530,2024-12-18,479,5,2,4,144.16,100.68,43.48
7531,2024-12-18,423,1,5,4,907.22,579.7,327.52
7532,2024-12-18,80,3,2,2,178.19,137.34,40.85
7533,2024-12-18,127,3,5,4,278.94,199.35,79.59
7534,2024-12-18,478,2,5,2,489.3,419.95,69.35
7535,2024-12-18,48,3,1,5,443.67,311.31,132.36
7536,2024-12-18,202,1,3,3,661.58,435.58,226.0
7537,2024-12-18,282,6,1,3,84.63,65.88,18.75
7538,2024-12-18,10,1,4,1,310.43,194.76,115.67
7539,2024-12-18,418,4,1,1,68.85,40.22,28.63
7540,2024-12-18,316,2,5,5,1155.7,1039.73,115.97
7541,2024-12-18,367,1,5,5,1064.23,651.26,412.97
7542,2024-12-18,429,3,4,4,426.72,324.03,102.69
7543,2024-12-18,239,3,2,4,332.2,236.47,95.73
7544,2024-12-18,61,5,1,2,73.4,53.84,19.56
7545,2024-12-18,366,2,3,1,232.76,187.82,44.94
7546,2024-12-18,250,4,1,3,197.65,115.75,81.9
7547,2024-12-18,234,4,2,3,163.61,83.54,80.07
7548,2024-12-18,304,1,4,4,1272.92,830.04,442.88
7549,2024-12-18,25,1,5,5,1063.97,646.2,417.77
7550,2024-12-19,162,1,3,3,669.28,430.06,239.22
7551,2024-12-19,305,2,4,5,1579.22,1356.88,222.34
7552,2024-12-19,328,5,1,5,197.56,132.52,65.04
7553,2024-12-19,201,5,2,5,199.12,145.68,53.44
7554,2024-12-19,473,6,4,5,204.81,166.75,38.06
7555,2024-12-19,466,5,2,2,84.38,62.48,21.9
7556,2024-12-19,262,4,3,1,47.73,24.92,22.81
7557,2024-12-19,87,6,3,1,27.68,21.75,5.93
7558,2024-12-19,337,2,4,2,602.63,522.35,80.28
7559,2024-12-19,311,1,3,4,848.08,536.08,312.0
7560,2024-12-19,383,2,4,4,1407.83,1133.53,274.3
7561,2024-12-19,76,3,1,2,185.56,135.19,50.37
7562,2024-12-19,77,4,2,1,66.97,39.65,27.32
7563,2024-12-19,79,2,1,4,944.65,802.04,142.61
7564,2024-12-20,367,4,5,1,59.13,30.17,28.96
7565,2024-12-20,85,4,4,2,155.81,91.23,64.58
7566,2024-12-20,301,6,3,5,117.22,98.6,18.62
7567,2024-12-20,74,2,3,2,487.85,438.43,49.42
7568,2024-12-20,498,1,4,4,1240.23,750.79,489.44
7569,2024-12-20,239,1,2,3,640.86,440.58,200.28
7570,2024-12-20,113,6,2,5,153.77,118.69,35.08
7571,2024-12-20,496,1,2,2,463.93,302.69,161.24
7572,2024-12-20,392,5,2,1,38.38,27.93,10.45
7573,2024-12-20,409,5,1,3,109.01,73.53,35.48
7574,2024-12-20,27,4,3,4,217.75,129.45,88.3
7575,2024-12-20,318,6,3,2,53.79,40.86,12.93
7576,2024-12-20,224,1,1,2,449.05,297.59,151.46
7577,2024-12-20,162,3,3,3,177.48,130.01,47.47
7578,2024-12-20,222,3,4,1,96.34,74.33,22.01
7579,2024-12-20,486,5,3,4,141.76,97.92,43.84
7580,2024-12-21,230,5,4,1,49.68,32.82,16.86
7581,2024-12-21,112,6,1,2,67.37,54.47,12.9
7582,2024-12-21,474,6,4,1,37.38,30.94,6.44
7583,2024-12-21,114,4,1,3,194.82,109.78,85.04
7584,2024-12-21,217,3,2,5,357.73,264.21,93.52
7585,2024-12-21,24,3,1,1,87.76,62.35,25.41
7586,2024-12-21,250,4,1,4,287.76,156.21,131.55
7587,2024-12-21,473,2,4,3,929.4,802.84,126.56
7588,2024-12-21,331,1,3,1,233.68,156.04,77.64
7589,2024-12-21,337,5,4,5,269.51,183.55,85.96
7590,2024-12-22,416,3,4,4,374.36,267.11,107.25
7591,2024-12-22,461,4,4,2,171.17,89.63,81.54
7592,2024-12-22,324,3,1,1,91.19,65.72,25.47
7593,2024-12-22,26,6,1,2,53.69,44.65,9.04
7594,2024-12-22,302,2,2,2,448.55,384.89,63.66
7595,2024-12-22,441,1,1,2,596.57,363.3,233.27
7596,2024-12-22,414,4,4,5,372.19,206.7,165.49
7597,2024-12-22,341,4,5,1,54.32,29.75,24.57
7598,2024-12-22,403,5,4,2,99.72,68.8,30.92
7599,2024-12-22,467,1,5,3,655.19,435.48,219.71
7600,2024-12-22,66,1,1,1,295.57,184.19,111.38
7601,2024-12-22,168,1,5,3,681.09,430.1,250.99
7602,2024-12-22,66,6,1,3,96.47,81.78,14.69
7603,2024-12-22,224,2,1,1,250.67,221.12,29.55
7604,2024-12-23,381,5,2,1,39.16,27.15,12.01
7605,2024-12-23,124,2,3,4,804.96,673.04,131.92
7606,2024-12-23,305,5,4,3,160.25,107.96,52.29
7607,2024-12-23,91,3,5,3,218.52,170.06,48.46
7608,2024-12-23,468,3,4,5,501.36,363.12,138.24
7609,2024-12-23,300,2,3,3,544.17,444.13,100.04
7610,2024-12-23,190,3,5,5,371.36,271.44,99.92
7611,2024-12-23,442,2,3,4,828.98,733.84,95.14
7612,2024-12-23,189,2,1,4,956.81,815.61,141.2
7613,2024-12-23,347,1,1,1,278.08,191.27,86.81
7614,2024-12-23,344,4,4,1,87.9,45.94,41.96
7615,2024-12-23,389,2,1,5,1217.79,1092.73,125.06
7616,2024-12-23,353,2,2,4,864.71,724.42,140.29
7617,2024-12-24,393,3,4,3,347.12,252.2,94.92
7618,2024-12-24,15,5,2,4,176.34,128.89,47.45
7619,2024-12-24,411,4,3,4,194.01,109.45,84.56
7620,2024-12-24,410,3,2,5,363.36,268.64,94.72
7621,2024-12-24,113,3,2,1,74.35,58.13,16.22
7622,2024-12-24,180,1,1,5,1303.09,891.82,411.27
7623,2024-12-24,377,6,4,4,165.22,124.37,40.85
7624,2024-12-24,168,5,5,4,158.94,112.62,46.32
7625,2024-12-24,356,5,3,1,30.6,21.99,8.61
7626,2024-12-24,172,6,3,2,43.55,32.7,10.85
7627,2024-12-25,296,2,4,4,1550.72,1245.14,305.58
7628,2024-12-25,291,2,1,2,464.37,373.0,91.37
7629,2024-12-25,247,4,2,3,159.73,92.24,67.49
7630,2024-12-25,290,3,2,5,457.54,342.56,114.98
7631,2024-12-25,376,6,4,3,129.2,98.65,30.55
7632,2024-12-25,226,3,2,1,85.78,61.65,24.13
7633,2024-12-25,305,4,4,3,224.27,124.13,100.14
7634,2024-12-25,20,5,4,4,216.0,145.76,70.24
7635,2024-12-25,465,1,1,3,858.72,552.97,305.75
7636,2024-12-26,74,1,3,3,703.68,452.32,251.36
7637,2024-12-26,15,1,2,4,990.36,626.18,364.18
7638,2024-12-26,211,5,1,2,84.1,62.11,21.99
7639,2024-12-26,358,4,3,4,193.74,99.4,94.34
7640,2024-12-26,301,3,3,4,250.38,187.0,63.38
7641,2024-12-26,88,6,4,2,85.78,71.69,14.09
7642,2024-12-26,335,2,4,3,990.32,813.99,176.33
7643,2024-12-26,420,3,5,3,212.32,148.77,63.55
7644,2024-12-26,310,3,4,2,213.55,162.69,50.86
7645,2024-12-26,472,5,4,1,60.01,42.26,17.75
7646,2024-12-26,453,3,1,2,178.07,140.58,37.49
7647,2024-12-26,354,6,2,5,131.46,108.05,23.41
7648,2024-12-26,79,1,1,5,1136.53,709.87,426.66
7649,2024-12-26,367,5,5,4,148.64,103.56,45.08
7650,2024-12-26,208,2,1,3,814.64,693.01,121.63
7651,2024-12-26,432,2,4,1,347.65,292.39,55.26
7652,2024-12-26,107,1,4,1,365.94,240.54,125.4
7653,2024-12-26,348,1,3,2,384.37,264.21,120.16
7654,2024-12-27,77,1,2,5,1374.61,919.63,454.98
7655,2024-12-27,356,6,3,5,122.49,94.03,28.46
7656,2024-12-27,348,5,3,5,148.44,103.42,45.02
7657,2024-12-27,261,5,4,3,169.1,117.5,51.6
7658,2024-12-27,57,2,1,1,250.49,208.9,41.59
7659,2024-12-27,371,5,4,5,303.21,210.14,93.07
7660,2024-12-27,312,4,1,4,232.56,120.33,112.23
7661,2024-12-27,220,5,5,5,172.75,128.74,44.01
7662,2024-12-27,252,3,5,1,86.42,63.19,23.23
7663,2024-12-27,324,4,1,3,203.15,106.45,96.7
7664,2024-12-27,81,1,5,5,1295.2,800.61,494.59
7665,2024-12-27,277,2,5,1,263.16,233.94,29.22
7666,2024-12-27,129,4,2,4,204.15,118.46,85.69
7667,2024-12-27,22,6,1,3,91.02,76.75,14.27
7668,2024-12-27,216,5,3,5,164.01,118.98,45.03
7669,2024-12-27,170,1,1,3,710.07,488.27,221.8
7670,2024-12-28,183,6,1,4,127.33,98.07,29.26
7671,2024-12-28,282,1,1,1,235.3,147.82,87.48
7672,2024-12-28,143,1,4,4,1213.69,748.81,464.88
7673,2024-12-28,224,2,1,1,274.45,239.84,34.61
7674,2024-12-28,136,6,1,5,172.12,132.42,39.7
7675,2024-12-28,17,5,4,5,235.74,166.58,69.16
7676,2024-12-28,358,2,3,5,1166.13,1024.49,141.64
7677,2024-12-28,432,6,4,2,81.01,66.54,14.47
7678,2024-12-28,353,1,2,2,428.03,283.58,144.45
7679,2024-12-28,223,6,1,1,35.34,28.11,7.23
7680,2024-12-28,81,2,5,5,1316.8,1105.42,211.38
7681,2024-12-28,353,6,2,3,85.45,67.85,17.6
7682,2024-12-28,223,6,1,2,62.67,49.1,13.57
7683,2024-12-28,243,1,2,2,456.97,289.12,167.85
7684,2024-12-28,213,1,2,4,982.03,621.72,360.31
7685,2024-12-29,493,3,1,1,90.98,67.26,23.72
7686,2024-12-29,410,6,2,2,56.88,43.4,13.48
7687,2024-12-29,102,2,4,4,1424.43,1263.8,160.63
7688,2024-12-29,381,1,2,5,1415.1,912.55,502.55
7689,2024-12-29,476,1,1,5,1152.12,730.68,421.44
7690,2024-12-29,470,4,4,5,353.8,209.53,144.27
7691,2024-12-29,395,1,3,1,224.22,141.98,82.24
7692,2024-12-29,304,1,4,1,375.58,245.08,130.5
7693,2024-12-29,355,1,1,5,1391.51,881.75,509.76
7694,2024-12-29,93,3,1,2,151.67,108.09,43.58
7695,2024-12-29,269,6,1,1,31.95,25.53,6.42
7696,2024-12-29,49,3,1,2,158.36,115.63,42.73
7697,2024-12-29,134,2,3,3,702.64,613.05,89.59
7698,2024-12-29,130,5,5,4,148.86,99.12,49.74
7699,2024-12-29,248,5,4,4,226.99,162.97,64.02
7700,2024-12-29,361,2,1,2,505.65,436.38,69.27
7701,2024-12-29,284,3,2,2,139.25,104.63,34.62
7702,2024-12-29,280,4,4,2,156.55,91.81,64.74
7703,2024-12-29,479,2,2,4,984.76,817.57,167.19
7704,2024-12-29,138,5,3,2,64.53,44.96,19.57
7705,2024-12-29,144,1,1,4,1067.85,733.02,334.83
7706,2024-12-29,222,4,4,2,162.26,86.68,75.58
7707,2024-12-30,197,5,1,2,90.24,61.3,28.94
7708,2024-12-30,42,1,5,3,778.89,508.61,270.28
7709,2024-12-30,359,1,1,2,563.98,372.17,191.81
7710,2024-12-30,77,6,2,2,61.01,46.15,14.86
7711,2024-12-30,497,5,4,4,227.31,170.4,56.91
7712,2024-12-30,204,3,4,3,364.73,280.49,84.24
7713,2024-12-30,496,3,2,1,89.71,66.72,22.99
7714,2024-12-30,477,4,4,4,288.27,146.03,142.24
7715,2024-12-30,122,2,2,1,253.44,226.22,27.22
7716,2024-12-30,405,2,3,1,203.58,163.76,39.82
7717,2024-12-30,75,6,1,1,29.87,23.64,6.23
7718,2024-12-30,457,4,4,5,355.69,199.35,156.34
7719,2024-12-30,3,2,1,1,232.53,191.62,40.91
7720,2024-12-30,270,5,1,2,87.42,57.39,30.03
7721,2024-12-30,244,4,3,2,92.53,47.35,45.18
7722,2024-12-30,436,4,1,4,276.3,146.64,129.66
7723,2024-12-30,264,6,2,3,102.88,83.59,19.29
7724,2024-12-31,306,4,5,2,124.81,72.65,52.16
7725,2024-12-31,306,5,5,5,190.86,137.96,52.9
7726,2024-12-31,44,5,4,4,186.56,122.73,63.83
7727,2024-12-31,116,2,1,5,1485.5,1260.56,224.94
7728,2024-12-31,375,3,4,4,489.05,380.83,108.22
7729,2024-12-31,357,4,4,2,165.2,84.22,80.98
7730,2024-12-31,28,1,2,4,1062.49,696.21,366.28
7731,2024-12-31,198,1,2,1,273.6,178.05,95.55
7732,2024-12-31,385,2,3,3,637.14,527.33,109.81
7733,2024-12-31,50,3,5,2,136.52,108.23,28.29
7734,2024-12-31,186,5,3,2,70.96,49.84,21.12
7735,2024-12-31,343,2,1,4,1118.25,913.12,205.13
7736,2025-01-01,375,2,4,4,1171.03,1014.77,156.26
7737,2025-01-01,278,4,3,5,221.36,125.02,96.34
7738,2025-01-01,66,6,1,5,180.03,140.95,39.08
7739,2025-01-01,85,1,4,2,682.53,441.61,240.92
7740,2025-01-01,258,6,3,1,24.69,19.14,5.55
7741,2025-01-01,84,6,4,4,175.67,142.8,32.87
7742,2025-01-01,440,3,4,4,396.22,305.53,90.69
7743,2025-01-01,222,3,4,5,604.28,466.88,137.4
7744,2025-01-01,355,3,1,2,152.45,115.38,37.07
7745,2025-01-01,108,1,4,3,985.06,595.55,389.51
7746,2025-01-01,298,3,1,5,425.35,321.49,103.86
7747,2025-01-01,396,5,4,5,241.85,172.72,69.13
7748,2025-01-01,29,6,4,5,193.0,161.1,31.9
7749,2025-01-01,212,6,3,1,24.18,18.78,5.4
7750,2025-01-02,401,2,2,4,1094.3,951.76,142.54
7751,2025-01-02,422,5,3,1,37.82,27.57,10.25
7752,2025-01-02,5,3,4,5,484.53,367.2,117.33
7753,2025-01-02,258,1,3,1,222.49,150.54,71.95
7754,2025-01-02,43,4,3,1,46.17,27.53,18.64
7755,2025-01-02,39,6,2,3,81.89,68.32,13.57
7756,2025-01-02,273,4,1,4,222.79,128.1,94.69
7757,2025-01-02,422,1,3,5,1187.45,719.02,468.43
7758,2025-01-02,80,3,2,1,79.38,63.38,16.0
7759,2025-01-02,422,1,3,1,189.7,120.29,69.41
7760,2025-01-03,425,1,5,2,438.67,274.25,164.42
7761,2025-01-03,450,1,1,5,1239.45,857.08,382.37
7762,2025-01-03,35,2,2,5,1139.99,921.79,218.2
7763,2025-01-03,76,2,1,3,876.79,752.96,123.83
7764,2025-01-03,330,6,2,2,59.22,48.82,10.4
7765,2025-01-03,456,4,3,2,99.16,59.32,39.84
7766,2025-01-03,306,3,5,2,157.39,120.32,37.07
7767,2025-01-03,136,2,1,1,240.19,202.24,37.95
7768,2025-01-03,245,5,1,2,74.75,54.81,19.94
7769,2025-01-03,475,3,1,2,172.22,126.06,46.16
7770,2025-01-03,19,3,1,3,282.18,200.35,81.83
7771,2025-01-03,365,3,5,3,245.6,173.4,72.2
7772,2025-01-03,326,2,4,4,1491.36,1200.38,290.98
7773,2025-01-03,74,1,3,4,945.99,605.0,340.99
7774,2025-01-03,254,1,3,1,209.23,130.31,78.92
7775,2025-01-04,140,1,3,4,798.19,545.97,252.22
7776,2025-01-04,492,4,1,1,55.05,31.75,23.3
7777,2025-01-04,296,3,4,4,380.16,297.38,82.78
7778,2025-01-04,202,4,3,5,288.96,163.33,125.63
7779,2025-01-04,403,3,4,4,409.98,308.04,101.94
7780,2025-01-04,280,6,4,5,226.0,181.27,44.73
7781,2025-01-04,435,2,4,2,709.3,583.61,125.69
7782,2025-01-04,267,1,4,2,624.53,375.83,248.7
7783,2025-01-04,495,6,2,2,59.73,48.34,11.39
7784,2025-01-04,310,3,4,5,479.09,358.3,120.79
7785,2025-01-04,82,2,1,4,1042.74,864.75,177.99
7786,2025-01-04,40,5,4,3,168.85,120.96,47.89
7787,2025-01-04,128,3,1,2,170.87,120.94,49.93
7788,2025-01-04,418,6,1,4,132.51,106.84,25.67
7789,2025-01-04,12,1,4,2,747.03,478.79,268.24
7790,2025-01-04,430,5,3,1,36.01,24.94,11.07
7791,2025-01-04,101,6,5,4,117.31,94.74,22.57
7792,2025-01-05,210,6,3,3,84.83,66.74,18.09
7793,2025-01-05,447,5,3,1,37.61,26.25,11.36
7794,2025-01-05,259,4,1,1,65.68,35.38,30.3
7795,2025-01-05,37,4,2,5,322.47,171.21,151.26
7796,2025-01-05,277,2,5,1,271.38,238.45,32.93
7797,2025-01-06,383,4,4,2,141.59,78.93,62.66
7798,2025-01-06,193,2,4,3,889.09,783.56,105.53
7799,2025-01-06,406,1,2,5,1419.04,865.55,553.49
7800,2025-01-06,12,4,4,5,357.19,189.19,168.0
7801,2025-01-06,38,5,3,1,37.37,25.89,11.48
7802,2025-01-06,6,3,2,5,353.7,254.58,99.12
7803,2025-01-06,324,1,1,2,519.86,359.25,160.61
7804,2025-01-06,46,6,2,5,144.34,120.23,24.11
7805,2025-01-07,372,6,1,2,70.43,52.87,17.56
7806,2025-01-07,49,3,1,2,167.18,122.42,44.76
7807,2025-01-07,331,4,3,5,249.86,129.85,120.01
7808,2025-01-07,337,1,4,5,1910.46,1314.99,595.47
7809,2025-01-07,190,2,5,2,468.18,391.64,76.54
7810,2025-01-07,109,1,4,4,1549.2,1013.62,535.58
7811,2025-01-07,61,4,1,3,177.76,92.18,85.58
7812,2025-01-08,110,2,4,2,696.4,577.42,118.98
7813,2025-01-08,63,5,2,3,108.02,76.38,31.64
7814,2025-01-08,3,3,1,3,228.88,168.65,60.23
7815,2025-01-08,183,6,1,4,136.96,112.29,24.67
7816,2025-01-08,8,4,2,5,271.44,139.29,132.15
7817,2025-01-08,495,2,2,1,255.35,219.2,36.15
7818,2025-01-09,156,6,4,1,42.18,33.16,9.02
7819,2025-01-09,318,3,3,2,140.34,104.93,35.41
7820,2025-01-09,195,4,2,3,181.88,102.69,79.19
7821,2025-01-09,152,5,5,3,103.43,67.96,35.47
7822,2025-01-09,106,5,1,3,111.19,79.64,31.55
7823,2025-01-09,345,1,2,5,1108.26,672.12,436.14
7824,2025-01-09,92,4,2,1,58.93,31.24,27.69
7825,2025-01-09,97,4,4,3,255.94,152.18,103.76
7826,2025-01-09,424,5,1,3,132.04,96.1,35.94
7827,2025-01-09,497,1,4,3,900.31,550.57,349.74
7828,2025-01-10,235,3,1,3,220.05,156.58,63.47
7829,2025-01-10,178,3,4,2,186.05,135.25,50.8
7830,2025-01-10,87,3,3,3,200.75,160.57,40.18
7831,2025-01-10,361,5,1,2,74.66,49.98,24.68
7832,2025-01-10,244,3,3,2,131.19,94.39,36.8
7833,2025-01-10,272,1,1,2,498.9,338.08,160.82
7834,2025-01-10,336,2,1,5,1229.62,1082.62,147.0
7835,2025-01-10,466,3,2,5,396.54,301.74,94.8
7836,2025-01-10,331,1,3,2,393.55,265.5,128.05
7837,2025-01-10,239,1,2,1,223.0,146.1,76.9
7838,2025-01-11,321,1,3,4,900.8,582.26,318.54
7839,2025-01-11,67,3,5,5,410.34,302.41,107.93
7840,2025-01-11,199,2,2,4,1029.36,885.16,144.2
7841,2025-01-11,223,1,1,4,1081.97,754.85,327.12
7842,2025-01-11,410,2,2,4,1136.1,936.04,200.06
7843,2025-01-11,406,1,2,4,867.83,546.91,320.92
7844,2025-01-11,275,4,3,5,223.75,113.34,110.41
7845,2025-01-11,62,3,5,3,236.49,173.64,62.85
7846,2025-01-11,417,5,1,3,143.83,105.17,38.66
7847,2025-01-11,181,2,2,5,1415.0,1199.56,215.44
7848,2025-01-11,148,3,2,2,164.87,130.19,34.68
7849,2025-01-11,16,6,2,3,84.89,66.19,18.7
7850,2025-01-11,226,2,2,1,220.29,178.06,42.23
7851,2025-01-11,421,6,5,3,79.46,60.71,18.75
7852,2025-01-11,449,1,3,2,400.66,241.14,159.52
7853,2025-01-11,384,2,1,3,704.14,576.89,127.25
7854,2025-01-11,284,2,2,2,437.85,373.63,64.22
7855,2025-01-11,24,2,1,3,763.59,640.4,123.19
7856,2025-01-11,475,4,1,3,172.35,87.25,85.1
7857,2025-01-11,18,2,1,2,477.9,409.36,68.54
7858,2025-01-11,162,2,3,2,466.2,396.82,69.38
7859,2025-01-12,457,4,4,3,278.77,150.72,128.05
7860,2025-01-12,471,5,4,2,117.92,77.75,40.17
7861,2025-01-12,458,4,4,3,225.74,132.58,93.16
7862,2025-01-12,481,3,4,2,213.43,156.77,56.66
7863,2025-01-12,30,5,2,1,38.48,27.8,10.68
7864,2025-01-12,56,5,2,5,222.56,147.09,75.47
7865,2025-01-12,191,5,3,5,161.4,109.29,52.11
7866,2025-01-12,335,6,4,3,133.75,100.34,33.41
7867,2025-01-12,51,4,4,5,372.33,210.17,162.16
7868,2025-01-12,88,4,4,3,234.01,122.21,111.8
7869,2025-01-12,200,6,2,4,109.28,91.81,17.47
7870,2025-01-13,1,5,4,4,239.89,175.27,64.62
7871,2025-01-13,248,6,4,2,92.21,72.8,19.41
7872,2025-01-13,405,6,3,3,76.4,63.71,12.69
7873,2025-01-13,129,6,2,1,32.04,24.81,7.23
7874,2025-01-13,302,1,2,5,1335.87,884.64,451.23
7875,2025-01-13,102,5,4,4,195.91,130.21,65.7
7876,2025-01-13,55,5,4,5,270.89,182.49,88.4
7877,2025-01-13,233,1,1,5,1270.3,835.27,435.03
7878,2025-01-13,24,3,1,2,177.09,126.53,50.56
7879,2025-01-13,73,2,1,5,1334.69,1160.23,174.46
7880,2025-01-13,188,5,5,4,133.48,89.69,43.79
7881,2025-01-14,440,6,4,1,37.03,27.81,9.22
7882,2025-01-14,380,4,2,2,130.81,71.73,59.08
7883,2025-01-14,90,2,5,2,520.75,438.06,82.69
7884,2025-01-14,39,3,2,5,411.57,298.8,112.77
7885,2025-01-14,103,3,4,5,487.11,347.85,139.26
7886,2025-01-14,157,4,3,4,187.04,103.96,83.08
7887,2025-01-14,108,4,4,3,279.0,158.38,120.62
7888,2025-01-14,265,3,4,1,122.73,87.5,35.23
7889,2025-01-14,485,5,4,1,61.37,42.46,18.91
7890,2025-01-14,186,6,3,2,54.63,46.3,8.33
7891,2025-01-14,413,6,1,3,107.09,90.0,17.09
7892,2025-01-14,276,4,4,4,306.18,167.11,139.07
7893,2025-01-14,219,3,5,5,422.77,313.61,109.16
7894,2025-01-14,354,4,2,2,109.74,62.47,47.27
7895,2025-01-15,181,6,2,4,124.97,104.13,20.84
7896,2025-01-15,398,3,3,2,141.55,109.91,31.64
7897,2025-01-15,212,4,3,1,52.93,29.97,22.96
7898,2025-01-15,328,5,1,1,46.0,31.71,14.29
7899,2025-01-15,294,4,4,4,367.14,209.69,157.45
7900,2025-01-15,478,2,5,1,253.1,225.2,27.9
7901,2025-01-15,54,6,2,1,27.2,20.41,6.79
7902,2025-01-16,412,6,5,5,128.09,97.54,30.55
7903,2025-01-16,252,4,5,2,121.04,61.49,59.55
7904,2025-01-16,21,6,1,2,60.88,48.79,12.09
7905,2025-01-16,137,4,2,3,173.83,96.02,77.81
7906,2025-01-16,454,3,1,1,80.88,64.05,16.83
7907,2025-01-16,285,2,2,4,957.89,773.76,184.13
7908,2025-01-16,269,3,1,3,260.94,193.11,67.83
7909,2025-01-16,37,2,2,4,1058.25,911.19,147.06
7910,2025-01-17,141,3,1,1,73.35,54.48,18.87
7911,2025-01-17,52,4,1,1,53.63,28.83,24.8
7912,2025-01-17,132,1,2,4,1036.42,635.51,400.91
7913,2025-01-17,30,4,2,1,64.04,33.06,30.98
7914,2025-01-17,111,1,4,3,1072.38,692.37,380.01
7915,2025-01-17,478,1,5,4,1063.47,724.25,339.22
7916,2025-01-17,329,2,3,4,739.6,661.21,78.39
7917,2025-01-17,211,5,1,5,215.87,148.27,67.6
7918,2025-01-17,68,6,4,4,138.9,109.58,29.32
7919,2025-01-18,251,3,1,3,272.41,204.48,67.93
7920,2025-01-18,46,6,2,4,103.53,82.21,21.32
7921,2025-01-18,478,4,5,1,51.56,29.76,21.8
7922,2025-01-18,440,4,4,1,80.8,45.92,34.88
7923,2025-01-18,406,3,2,1,91.61,65.59,26.02
7924,2025-01-18,99,3,5,4,308.57,230.1,78.47
7925,2025-01-18,201,4,2,1,64.54,37.16,27.38
7926,2025-01-18,482,1,3,4,843.33,548.06,295.27
7927,2025-01-18,348,2,3,5,1175.89,1029.3,146.59
7928,2025-01-18,447,3,3,1,70.88,55.78,15.1
7929,2025-01-18,243,6,2,4,126.46,96.14,30.32
7930,2025-01-18,395,3,3,3,197.7,138.72,58.98
7931,2025-01-18,382,1,1,5,1189.68,749.96,439.72
7932,2025-01-18,274,5,4,3,169.65,116.45,53.2
7933,2025-01-19,394,4,3,2,115.01,65.99,49.02
7934,2025-01-19,208,3,1,4,374.83,282.07,92.76
7935,2025-01-19,10,4,4,4,327.25,180.86,146.39
7936,2025-01-19,299,6,4,2,81.35,66.48,14.87
7937,2025-01-19,494,3,3,1,72.07,54.01,18.06
7938,2025-01-19,454,3,1,1,80.08,59.89,20.19
7939,2025-01-19,8,3,2,2,138.87,104.43,34.44
7940,2025-01-19,70,3,4,2,201.92,158.97,42.95
7941,2025-01-19,141,6,1,2,67.1,54.12,12.98
7942,2025-01-19,321,6,3,2,43.48,33.08,10.4
7943,2025-01-19,387,6,1,1,36.11,29.37,6.74
7944,2025-01-19,256,4,1,4,276.41,155.67,120.74
7945,2025-01-20,71,2,2,1,274.18,245.11,29.07
7946,2025-01-20,56,2,2,3,813.38,705.86,107.52
7947,2025-01-20,251,3,1,1,80.38,62.94,17.44
7948,2025-01-20,277,1,5,2,414.89,257.58,157.31
7949,2025-01-20,163,2,1,1,243.7,202.78,40.92
7950,2025-01-20,278,6,3,1,28.15,21.97,6.18
7951,2025-01-20,89,1,1,3,866.67,592.23,274.44
7952,2025-01-21,13,3,3,5,388.0,273.53,114.47
7953,2025-01-21,130,2,5,5,1238.21,1039.31,198.9
7954,2025-01-21,147,1,3,2,425.86,275.48,150.38
7955,2025-01-21,51,6,4,2,80.2,65.23,14.97
7956,2025-01-21,130,6,5,1,26.63,21.64,4.99
7957,2025-01-21,463,5,5,5,199.79,136.05,63.74
7958,2025-01-21,368,1,1,2,568.68,346.34,222.34
7959,2025-01-21,173,5,4,1,52.28,38.45,13.83
7960,2025-01-21,466,1,2,1,264.02,184.39,79.63
7961,2025-01-22,500,3,5,3,237.71,174.12,63.59
7962,2025-01-22,463,3,5,4,303.04,227.4,75.64
7963,2025-01-22,332,4,3,5,269.37,142.69,126.68
7964,2025-01-22,289,5,1,3,143.77,101.36,42.41
7965,2025-01-22,57,1,1,2,546.17,378.7,167.47
7966,2025-01-22,27,3,3,2,152.64,118.89,33.75
7967,2025-01-22,265,1,4,3,953.48,662.98,290.5
7968,2025-01-22,269,6,1,3,88.81,68.03,20.78
7969,2025-01-22,327,3,2,5,428.81,337.74,91.07
7970,2025-01-22,391,4,3,4,194.87,111.58,83.29
7971,2025-01-22,83,5,1,3,140.73,102.82,37.91
7972,2025-01-22,256,2,1,4,1200.49,1023.76,176.73
7973,2025-01-23,130,2,5,1,272.67,222.85,49.82
7974,2025-01-23,107,3,4,2,185.03,140.99,44.04
7975,2025-01-23,459,5,1,1,39.06,26.69,12.37
7976,2025-01-23,317,3,2,4,318.71,233.07,85.64
7977,2025-01-23,445,6,3,1,24.65,20.8,3.85
7978,2025-01-23,173,2,4,2,600.94,525.21,75.73
7979,2025-01-23,386,6,4,3,122.6,101.42,21.18
7980,2025-01-23,386,4,4,3,268.8,141.89,126.91
7981,2025-01-23,19,2,1,5,1421.36,1213.96,207.4
7982,2025-01-23,78,3,1,3,239.85,185.67,54.18
7983,2025-01-24,53,6,2,1,25.58,21.17,4.41
7984,2025-01-24,224,5,1,5,195.87,139.31,56.56
7985,2025-01-24,365,2,5,1,246.0,200.33,45.67
7986,2025-01-24,357,2,4,4,1319.0,1110.97,208.03
7987,2025-01-24,297,4,5,3,173.23,103.69,69.54
7988,2025-01-24,243,6,2,4,117.5,98.78,18.72
7989,2025-01-24,330,6,2,3,101.29,84.48,16.81
7990,2025-01-24,203,6,4,1,37.41,28.59,8.82
7991,2025-01-24,434,2,5,5,1347.33,1130.76,216.57
7992,2025-01-24,264,3,2,3,224.32,158.73,65.59
7993,2025-01-24,91,5,5,3,130.41,96.98,33.43
7994,2025-01-24,260,6,2,5,136.39,108.95,27.44
7995,2025-01-24,451,5,4,1,57.47,38.72,18.75
7996,2025-01-24,291,3,1,2,182.29,129.4,52.89
7997,2025-01-25,321,3,3,5,301.83,230.43,71.4
7998,2025-01-25,261,2,4,3,1144.97,976.43,168.54
7999,2025-01-25,393,4,4,3,245.48,144.92,100.56
8000,2025-01-25,128,5,1,5,184.59,136.09,48.5
8001,2025-01-25,201,5,2,2,78.93,58.71,20.22
8002,2025-01-25,93,6,1,3,83.96,67.21,16.75
8003,2025-01-25,430,3,3,3,219.07,158.84,60.23
8004,2025-01-26,343,1,1,2,500.17,332.81,167.36
8005,2025-01-26,205,2,4,4,1313.05,1161.77,151.28
8006,2025-01-26,236,3,2,2,140.17,99.81,40.36
8007,2025-01-26,181,5,2,1,34.71,23.47,11.24
8008,2025-01-26,212,3,3,3,223.42,160.77,62.65
8009,2025-01-26,397,1,3,4,778.17,528.9,249.27
8010,2025-01-26,44,3,4,4,404.34,314.95,89.39
8011,2025-01-26,448,3,3,4,274.85,210.96,63.89
8012,2025-01-26,264,5,2,2,72.9,54.13,18.77
8013,2025-01-26,365,6,5,5,163.49,130.01,33.48
8014,2025-01-26,468,3,4,5,470.79,346.4,124.39
8015,2025-01-27,158,4,3,4,197.02,111.07,85.95
8016,2025-01-27,376,5,4,3,175.39,122.16,53.23
8017,2025-01-27,17,5,4,5,252.44,166.34,86.1
8018,2025-01-27,267,3,4,5,567.34,409.74,157.6
8019,2025-01-27,330,4,2,4,231.36,129.23,102.13
8020,2025-01-27,91,4,5,5,302.61,154.43,148.18
8021,2025-01-27,298,6,1,2,64.99,53.83,11.16
8022,2025-01-27,397,6,3,1,28.28,23.81,4.47
8023,2025-01-27,207,1,4,5,1711.77,1055.85,655.92
8024,2025-01-28,29,3,4,1,99.31,75.0,24.31
8025,2025-01-28,383,6,4,2,86.92,66.13,20.79
8026,2025-01-28,87,2,3,2,463.5,378.45,85.05
8027,2025-01-28,47,3,4,1,118.94,86.43,32.51
8028,2025-01-28,219,1,5,1,251.75,157.55,94.2
8029,2025-01-28,177,6,5,5,139.27,115.11,24.16
8030,2025-01-29,20,3,4,1,116.16,87.1,29.06
8031,2025-01-29,468,1,4,5,1771.88,1110.81,661.07
8032,2025-01-29,311,5,3,1,30.24,21.65,8.59
8033,2025-01-29,158,4,3,2,103.28,56.97,46.31
8034,2025-01-29,452,2,1,5,1196.4,997.54,198.86
8035,2025-01-29,42,1,5,5,1125.64,773.11,352.53
8036,2025-01-29,330,2,2,4,967.31,858.94,108.37
8037,2025-01-29,354,1,2,2,459.21,295.48,163.73
8038,2025-01-29,457,4,4,1,83.93,45.04,38.89
8039,2025-01-29,441,6,1,2,66.85,50.21,16.64
8040,2025-01-29,471,6,4,5,192.16,161.51,30.65
8041,2025-01-29,347,2,1,1,269.33,241.96,27.37
8042,2025-01-29,230,5,4,5,260.87,194.99,65.88
8043,2025-01-30,432,2,4,5,1859.78,1629.32,230.46
8044,2025-01-30,339,6,5,1,25.94,19.57,6.37
8045,2025-01-30,127,4,5,2,116.02,59.26,56.76
8046,2025-01-30,300,3,3,1,74.23,54.38,19.85
8047,2025-01-30,335,5,4,5,273.54,190.36,83.18
8048,2025-01-30,23,4,2,5,340.1,203.74,136.36
8049,2025-01-30,162,6,3,5,143.29,108.17,35.12
8050,2025-01-30,15,6,2,2,58.46,45.32,13.14
8051,2025-01-30,481,5,4,1,59.0,43.73,15.27
8052,2025-01-30,378,2,1,2,447.64,395.46,52.18
8053,2025-01-30,257,6,5,3,84.69,71.74,12.95
8054,2025-01-31,20,1,4,1,313.05,199.26,113.79
8055,2025-01-31,110,3,4,1,116.48,92.75,23.73
8056,2025-01-31,320,6,4,4,172.56,146.22,26.34
8057,2025-01-31,354,2,2,2,466.44,373.72,92.72
8058,2025-01-31,339,6,5,4,130.7,107.85,22.85
8059,2025-01-31,343,5,1,5,186.44,129.83,56.61
8060,2025-01-31,367,4,5,2,109.11,55.61,53.5
8061,2025-01-31,121,5,4,4,189.95,131.27,58.68
8062,2025-01-31,100,6,5,5,129.22,102.91,26.31
8063,2025-01-31,188,2,5,3,774.79,660.3,114.49
8064,2025-01-31,461,5,4,4,198.0,140.58,57.42
8065,2025-01-31,364,5,3,2,63.94,45.79,18.15
8066,2025-02-01,135,2,4,2,616.63,507.29,109.34
8067,2025-02-01,3,4,1,1,54.21,29.4,24.81
8068,2025-02-01,374,6,1,2,61.35,47.97,13.38
8069,2025-02-01,234,2,2,5,1175.02,989.97,185.05
8070,2025-02-01,64,3,1,3,250.84,190.34,60.5
8071,2025-02-01,476,1,1,1,272.31,185.65,86.66
8072,2025-02-01,5,4,4,1,90.44,53.0,37.44
8073,2025-02-01,310,1,4,2,642.57,439.14,203.43
8074,2025-02-01,418,3,1,5,468.05,361.45,106.6
8075,2025-02-02,227,3,5,5,363.24,280.26,82.98
8076,2025-02-02,486,3,3,5,289.58,223.07,66.51
8077,2025-02-02,38,4,3,5,252.82,130.45,122.37
8078,2025-02-02,414,6,4,1,39.88,32.97,6.91
8079,2025-02-02,480,1,3,4,798.07,527.98,270.09
8080,2025-02-02,499,4,1,3,201.74,117.45,84.29
8081,2025-02-02,94,3,5,2,171.05,120.97,50.08
8082,2025-02-02,219,1,5,1,266.21,169.21,97.0
8083,2025-02-02,188,6,5,3,83.55,64.56,18.99
8084,2025-02-02,93,1,1,3,730.76,484.86,245.9
8085,2025-02-03,392,5,2,3,110.67,78.8,31.87
8086,2025-02-03,120,1,2,2,444.22,298.07,146.15
8087,2025-02-03,387,1,1,3,903.28,562.66,340.62
8088,2025-02-03,249,4,2,2,132.3,71.17,61.13
8089,2025-02-03,427,6,4,4,144.75,110.46,34.29
8090,2025-02-03,270,5,1,4,182.38,132.92,49.46
8091,2025-02-03,355,6,1,1,30.65,23.29,7.36
8092,2025-02-03,84,3,4,5,597.75,423.03,174.72
8093,2025-02-03,80,4,2,1,65.26,36.08,29.18
8094,2025-02-04,113,3,2,2,145.27,105.05,40.22
8095,2025-02-04,496,1,2,1,228.6,158.77,69.83
8096,2025-02-04,17,4,4,5,389.63,226.08,163.55
8097,2025-02-04,172,2,3,4,960.12,841.35,118.77
8098,2025-02-04,31,4,1,5,313.34,162.38,150.96
8099,2025-02-04,329,1,3,4,826.1,546.95,279.15
8100,2025-02-05,23,2,2,1,260.1,228.23,31.87
8101,2025-02-05,493,5,1,3,144.56,94.38,50.18
8102,2025-02-05,462,5,2,5,211.6,141.32,70.28
8103,2025-02-05,196,6,4,1,41.21,33.9,7.31
8104,2025-02-05,164,2,5,5,1119.89,949.12,170.77
8105,2025-02-05,132,3,2,3,204.26,146.4,57.86
8106,2025-02-05,161,1,4,5,1804.17,1225.58,578.59
8107,2025-02-05,262,2,3,1,196.61,162.71,33.9
8108,2025-02-05,71,3,2,2,178.99,140.09,38.9
8109,2025-02-05,448,2,3,1,225.37,185.42,39.95
8110,2025-02-06,252,5,5,2,83.68,56.94,26.74
8111,2025-02-06,430,6,3,2,44.16,33.66,10.5
8112,2025-02-06,331,5,3,2,68.0,44.54,23.46
8113,2025-02-06,208,4,1,4,289.22,165.77,123.45
8114,2025-02-06,87,2,3,5,969.22,852.2,117.02
8115,2025-02-06,356,5,3,1,35.78,25.79,9.99
8116,2025-02-06,419,5,4,2,112.95,76.7,36.25
8117,2025-02-06,84,5,4,4,201.44,135.23,66.21
8118,2025-02-06,385,5,3,5,180.37,129.2,51.17
8119,2025-02-06,483,6,4,2,80.2,63.88,16.32
8120,2025-02-06,139,2,5,1,203.84,171.22,32.62
8121,2025-02-07,134,3,3,5,337.53,261.86,75.67
8122,2025-02-07,14,4,2,2,108.11,54.38,53.73
8123,2025-02-07,319,4,4,5,423.94,254.12,169.82
8124,2025-02-07,95,6,3,5,146.16,116.0,30.16
8125,2025-02-08,371,6,4,1,43.03,33.05,9.98
8126,2025-02-08,122,4,2,5,285.64,147.71,137.93
8127,2025-02-08,25,1,5,4,941.39,633.87,307.52
8128,2025-02-08,405,6,3,1,25.41,19.38,6.03
8129,2025-02-08,364,6,3,4,112.95,86.12,26.83
8130,2025-02-08,36,5,1,4,169.56,123.51,46.05
8131,2025-02-08,11,2,1,5,1316.32,1124.48,191.84
8132,2025-02-08,260,1,2,5,1182.42,733.81,448.61
8133,2025-02-08,156,5,4,3,150.63,110.02,40.61
8134,2025-02-08,392,3,2,1,78.94,61.25,17.69
8135,2025-02-08,302,5,2,5,198.33,138.96,59.37
8136,2025-02-08,386,5,4,2,92.84,62.12,30.72
8137,2025-02-09,19,2,1,4,1083.96,927.98,155.98
8138,2025-02-09,364,2,3,4,974.5,816.27,158.23
8139,2025-02-09,20,5,4,1,62.03,44.15,17.88
8140,2025-02-09,271,5,1,3,118.27,82.3,35.97
8141,2025-02-09,384,5,1,1,42.69,29.83,12.86
8142,2025-02-09,343,2,1,2,467.9,413.48,54.42
8143,2025-02-09,141,3,1,4,311.7,222.64,89.06
8144,2025-02-09,248,6,4,5,178.01,141.73,36.28
8145,2025-02-09,158,6,3,1,22.09,16.86,5.23
8146,2025-02-10,469,4,1,2,137.38,71.66,65.72
8147,2025-02-10,149,4,2,4,245.56,140.48,105.08
8148,2025-02-10,8,3,2,4,342.88,260.17,82.71
8149,2025-02-10,134,3,3,5,337.2,252.02,85.18
8150,2025-02-10,261,4,4,1,85.37,46.92,38.45
8151,2025-02-10,375,5,4,5,284.3,198.33,85.97
8152,2025-02-10,20,5,4,5,239.62,175.84,63.78
8153,2025-02-10,370,4,3,4,207.72,114.11,93.61
8154,2025-02-10,34,2,5,5,1163.59,939.0,224.59
8155,2025-02-10,283,6,1,1,27.42,21.63,5.79
8156,2025-02-10,70,2,4,2,699.57,610.28,89.29
8157,2025-02-10,176,6,4,4,166.32,131.65,34.67
8158,2025-02-10,367,5,5,5,198.29,132.55,65.74
8159,2025-02-10,323,3,4,2,247.39,195.43,51.96
8160,2025-02-10,405,4,3,1,50.14,29.77,20.37
8161,2025-02-10,390,5,2,2,88.42,58.37,30.05
8162,2025-02-10,303,6,4,2,79.17,61.7,17.47
8163,2025-02-11,346,5,2,2,82.93,58.96,23.97
8164,2025-02-11,341,5,5,3,107.91,71.9,36.01
8165,2025-02-12,116,3,1,1,95.35,74.17,21.18
8166,2025-02-12,3,3,1,4,286.52,202.41,84.11
8167,2025-02-12,93,3,1,4,340.11,256.33,83.78
8168,2025-02-12,109,1,4,5,1922.44,1284.49,637.95
8169,2025-02-12,434,2,5,2,488.77,391.15,97.62
8170,2025-02-12,408,2,1,2,554.67,471.91,82.76
8171,2025-02-12,52,2,1,3,781.67,691.84,89.83
8172,2025-02-12,345,2,2,1,277.44,243.31,34.13
8173,2025-02-12,97,3,4,3,362.42,265.18,97.24
8174,2025-02-12,297,2,5,3,814.38,663.79,150.59
8175,2025-02-12,287,3,5,1,68.92,54.83,14.09
8176,2025-02-12,387,4,1,1,61.99,36.28,25.71
8177,2025-02-13,372,5,1,5,199.59,147.83,51.76
8178,2025-02-13,363,2,1,4,1207.22,1062.26,144.96
8179,2025-02-13,338,3,2,4,289.21,227.75,61.46
8180,2025-02-13,382,6,1,2,71.56,59.42,12.14
8181,2025-02-13,481,1,4,4,1187.7,724.14,463.56
8182,2025-02-13,193,6,4,3,130.06,110.38,19.68
8183,2025-02-13,225,6,1,5,165.4,125.15,40.25
8184,2025-02-13,225,4,1,5,338.63,174.02,164.61
8185,2025-02-13,57,3,1,5,410.04,291.66,118.38
8186,2025-02-13,215,6,5,1,31.41,24.8,6.61
8187,2025-02-14,103,4,4,4,356.02,203.62,152.4
8188,2025-02-14,82,6,1,5,160.26,133.82,26.44
8189,2025-02-14,252,3,5,2,172.86,124.22,48.64
8190,2025-02-14,21,3,1,2,173.76,137.68,36.08
8191,2025-02-14,248,6,4,5,192.23,160.27,31.96
8192,2025-02-14,135,4,4,1,76.62,45.82,30.8
8193,2025-02-14,41,2,2,5,1292.6,1150.89,141.71
8194,2025-02-14,400,5,2,4,171.05,121.07,49.98
8195,2025-02-14,79,6,1,5,151.32,120.11,31.21
8196,2025-02-14,47,6,4,5,211.32,175.94,35.38
8197,2025-02-14,16,3,2,2,169.51,127.99,41.52
8198,2025-02-15,189,6,1,5,171.33,132.34,38.99
8199,2025-02-15,8,3,2,5,378.04,264.99,113.05
8200,2025-02-15,319,6,4,2,73.64,59.4,14.24
8201,2025-02-15,392,5,2,1,39.96,26.02,13.94
8202,2025-02-15,334,6,2,2,64.99,51.95,13.04
8203,2025-02-15,42,6,5,2,51.29,39.03,12.26
8204,2025-02-15,188,6,5,3,96.78,75.4,21.38
8205,2025-02-15,448,3,3,4,258.55,199.73,58.82
8206,2025-02-15,88,1,4,4,1516.02,1011.68,504.34
8207,2025-02-15,401,3,2,2,145.97,108.87,37.1
8208,2025-02-15,316,3,5,3,241.42,180.27,61.15
8209,2025-02-15,268,5,3,4,131.54,90.43,41.11
8210,2025-02-15,196,4,4,2,163.9,88.55,75.35
8211,2025-02-15,109,3,4,5,577.39,440.54,136.85
8212,2025-02-15,102,5,4,2,103.79,75.01,28.78
8213,2025-02-15,208,1,1,2,463.68,290.78,172.9
8214,2025-02-16,198,2,2,3,753.74,620.58,133.16
8215,2025-02-16,445,3,3,2,137.89,107.33,30.56
8216,2025-02-16,38,6,3,5,120.69,91.99,28.7
8217,2025-02-16,396,6,4,5,208.7,160.54,48.16
8218,2025-02-16,474,5,4,3,162.56,110.86,51.7
8219,2025-02-16,101,2,5,1,248.2,222.07,26.13
8220,2025-02-16,11,4,1,3,176.17,88.9,87.27
8221,2025-02-16,20,2,4,4,1228.54,1086.15,142.39
8222,2025-02-16,233,6,1,3,85.4,67.38,18.02
8223,2025-02-16,19,2,1,1,254.09,220.66,33.43
8224,2025-02-16,189,3,1,3,255.19,201.25,53.94
8225,2025-02-17,84,3,4,2,239.22,178.05,61.17
8226,2025-02-17,89,5,1,4,164.49,110.28,54.21
8227,2025-02-17,166,1,1,3,874.5,574.49,300.01
8228,2025-02-17,164,5,5,4,157.7,111.14,46.56
8229,2025-02-17,103,5,4,5,275.74,183.43,92.31
8230,2025-02-17,442,3,3,2,151.36,119.93,31.43
8231,2025-02-17,33,2,4,1,359.73,312.3,47.43
8232,2025-02-17,412,5,5,1,40.82,27.77,13.05
8233,2025-02-18,457,3,4,5,580.61,447.56,133.05
8234,2025-02-18,57,2,1,2,577.08,510.31,66.77
8235,2025-02-18,467,4,5,4,231.75,117.24,114.51
8236,2025-02-18,331,6,3,4,108.61,85.33,23.28
8237,2025-02-18,375,1,4,1,378.93,228.74,150.19
8238,2025-02-18,116,6,1,4,132.45,106.43,26.02
8239,2025-02-18,458,5,4,1,53.55,35.52,18.03
8240,2025-02-18,136,4,1,2,142.19,72.76,69.43
8241,2025-02-18,233,1,1,1,249.21,166.9,82.31
8242,2025-02-18,267,5,4,1,49.75,33.45,16.3
8243,2025-02-18,442,3,3,5,355.26,265.15,90.11
8244,2025-02-18,387,4,1,5,346.29,194.05,152.24
8245,2025-02-19,149,4,2,4,234.45,129.2,105.25
8246,2025-02-19,140,6,3,1,22.83,18.74,4.09
8247,2025-02-19,380,4,2,4,269.8,144.27,125.53
8248,2025-02-19,142,3,4,2,231.55,174.24,57.31
8249,2025-02-19,143,2,4,5,1557.25,1332.92,224.33
8250,2025-02-19,227,4,5,1,55.69,31.3,24.39
8251,2025-02-19,182,1,5,3,813.09,509.32,303.77
8252,2025-02-19,406,2,2,3,698.81,586.06,112.75
8253,2025-02-19,27,2,3,1,214.57,175.79,38.78
8254,2025-02-19,47,5,4,5,262.83,184.49,78.34
8255,2025-02-20,309,5,4,1,58.41,41.52,16.89
8256,2025-02-20,113,6,2,3,76.75,62.92,13.83
8257,2025-02-20,8,1,2,3,789.29,499.6,289.69
8258,2025-02-20,79,3,1,5,379.95,290.99,88.96
8259,2025-02-20,338,4,2,4,271.98,159.4,112.58
8260,2025-02-21,412,3,5,1,84.65,59.45,25.2
8261,2025-02-21,367,3,5,5,367.41,285.49,81.92
8262,2025-02-21,137,2,2,3,740.31,605.69,134.62
8263,2025-02-21,336,5,1,2,74.07,49.59,24.48
8264,2025-02-21,412,2,5,1,241.72,193.39,48.33
8265,2025-02-22,78,1,1,1,283.44,185.57,97.87
8266,2025-02-22,76,1,1,1,249.86,169.71,80.15
8267,2025-02-22,218,5,1,2,88.68,58.72,29.96
8268,2025-02-22,31,5,1,1,47.18,31.54,15.64
8269,2025-02-22,75,5,1,3,129.83,95.98,33.85
8270,2025-02-22,231,2,5,5,1296.04,1046.23,249.81
8271,2025-02-22,269,5,1,4,165.94,114.29,51.65
8272,2025-02-22,157,3,3,2,138.11,98.28,39.83
8273,2025-02-22,314,5,3,1,34.15,25.2,8.95
8274,2025-02-22,18,5,1,2,73.41,52.95,20.46
8275,2025-02-23,26,1,1,5,1143.52,794.7,348.82
8276,2025-02-23,297,1,5,1,223.34,141.42,81.92
8277,2025-02-23,353,5,2,5,203.07,147.45,55.62
8278,2025-02-23,191,6,3,3,74.69,58.35,16.34
8279,2025-02-23,346,3,2,5,376.01,264.81,111.2
8280,2025-02-23,55,1,4,3,1031.83,627.2,404.63
8281,2025-02-23,153,4,4,4,301.81,161.97,139.84
8282,2025-02-23,463,3,5,1,85.89,61.46,24.43
8283,2025-02-23,362,6,5,5,156.48,121.26,35.22
8284,2025-02-23,141,1,1,4,1000.65,623.18,377.47
8285,2025-02-23,424,3,1,5,467.52,359.08,108.44
8286,2025-02-23,30,4,2,3,202.01,105.34,96.67
8287,2025-02-23,413,6,1,3,90.93,70.4,20.53
8288,2025-02-23,45,4,1,2,137.88,73.59,64.29
8289,2025-02-23,486,1,3,4,866.46,555.05,311.41
8290,2025-02-23,133,5,3,1,29.65,19.45,10.2
8291,2025-02-23,349,3,3,1,59.16,43.35,15.81
8292,2025-02-23,433,4,1,4,277.42,144.77,132.65
8293,2025-02-23,165,5,4,2,113.24,82.45,30.79
8294,2025-02-24,17,2,4,5,1914.44,1532.66,381.78
8295,2025-02-24,143,4,4,2,178.68,98.44,80.24
8296,2025-02-24,228,2,4,4,1255.42,1008.52,246.9
8297,2025-02-24,278,2,3,4,940.83,794.74,146.09
8298,2025-02-24,158,4,3,2,113.73,59.61,54.12
8299,2025-02-24,205,3,4,3,345.53,267.74,77.79
8300,2025-02-24,65,6,1,2,63.68,51.64,12.04
8301,2025-02-24,435,5,4,3,179.08,130.57,48.51
8302,2025-02-24,459,1,1,1,259.86,164.93,94.93
8303,2025-02-24,168,6,5,3,73.75,56.06,17.69
8304,2025-02-25,226,2,2,5,1142.11,924.22,217.89
8305,2025-02-25,405,3,3,3,208.65,152.31,56.34
8306,2025-02-25,416,4,4,2,153.5,84.39,69.11
8307,2025-02-25,167,3,5,2,159.52,125.57,33.95
8308,2025-02-25,165,6,4,1,36.05,30.58,5.47
8309,2025-02-25,302,6,2,5,169.6,135.32,34.28
8310,2025-02-25,365,1,5,2,501.98,347.65,154.33
8311,2025-02-26,244,4,3,1,51.73,26.24,25.49
8312,2025-02-26,163,5,1,2,91.67,60.76,30.91
8313,2025-02-26,180,6,1,1,28.5,21.55,6.95
8314,2025-02-26,403,3,4,1,108.6,79.06,29.54
8315,2025-02-26,321,4,3,2,117.04,63.69,53.35
8316,2025-02-26,256,1,1,3,852.33,547.08,305.25
8317,2025-02-27,248,1,4,5,1486.19,892.18,594.01
8318,2025-02-27,189,5,1,4,189.26,124.87,64.39
8319,2025-02-27,197,1,1,2,512.22,340.67,171.55
8320,2025-02-27,118,1,2,1,257.09,174.11,82.98
8321,2025-02-27,336,2,1,2,583.45,512.47,70.98
8322,2025-02-27,226,3,2,2,151.83,109.84,41.99
8323,2025-02-27,29,3,4,5,511.68,398.51,113.17
8324,2025-02-27,365,6,5,3,75.96,60.6,15.36
8325,2025-02-27,230,3,4,4,395.69,288.28,107.41
8326,2025-02-27,463,2,5,5,1141.46,1017.83,123.63
8327,2025-02-27,103,5,4,2,105.91,78.82,27.09
8328,2025-02-27,198,6,2,2,56.38,46.19,10.19
8329,2025-02-27,84,3,4,1,109.54,84.48,25.06
8330,2025-02-27,402,4,5,5,298.54,162.75,135.79
8331,2025-02-28,369,4,4,3,260.87,132.68,128.19
8332,2025-02-28,332,5,3,4,118.32,78.87,39.45
8333,2025-02-28,441,6,1,1,32.92,27.72,5.2
8334,2025-02-28,123,4,2,2,110.0,58.37,51.63
8335,2025-02-28,232,6,5,1,28.34,22.48,5.86
8336,2025-03-01,174,4,5,3,145.53,73.18,72.35
8337,2025-03-01,93,5,1,5,179.21,122.54,56.67
8338,2025-03-01,374,4,1,3,205.35,106.32,99.03
8339,2025-03-01,214,3,4,1,118.47,90.7,27.77
8340,2025-03-01,97,5,4,5,238.95,164.94,74.01
8341,2025-03-01,426,2,3,3,618.23,550.49,67.74
8342,2025-03-01,471,5,4,4,197.52,134.45,63.07
8343,2025-03-01,194,6,3,1,28.02,21.81,6.21
8344,2025-03-01,479,3,2,2,151.87,108.21,43.66
8345,2025-03-01,224,6,1,1,33.34,27.99,5.35
8346,2025-03-02,491,2,3,5,1195.25,1014.95,180.3
8347,2025-03-02,306,1,5,3,806.2,511.94,294.26
8348,2025-03-02,146,5,3,2,75.72,54.88,20.84
8349,2025-03-02,3,5,1,2,75.97,54.16,21.81
8350,2025-03-02,196,3,4,5,566.92,406.29,160.63
8351,2025-03-02,386,6,4,1,34.56,26.79,7.77
8352,2025-03-02,34,1,5,4,865.76,567.46,298.3
8353,2025-03-02,131,1,3,5,1162.5,721.26,441.24
8354,2025-03-02,416,5,4,1,59.08,43.94,15.14
8355,2025-03-02,208,3,1,2,142.84,110.02,32.82
8356,2025-03-02,345,2,2,5,1172.68,1020.18,152.5
8357,2025-03-03,477,1,4,1,372.56,257.44,115.12
8358,2025-03-03,58,2,1,3,789.6,641.59,148.01
8359,2025-03-03,335,6,4,5,210.14,177.27,32.87
8360,2025-03-03,395,2,3,5,1077.49,917.73,159.76
8361,2025-03-03,333,5,3,3,97.81,72.03,25.78
8362,2025-03-03,88,5,4,1,51.58,37.93,13.65
8363,2025-03-03,457,5,4,1,52.78,36.27,16.51
8364,2025-03-03,112,5,1,3,118.35,79.32,39.03
8365,2025-03-03,214,5,4,4,192.97,143.15,49.82
8366,2025-03-03,48,4,1,5,343.29,178.15,165.14
8367,2025-03-03,465,1,1,3,738.2,486.02,252.18
8368,2025-03-04,469,2,1,1,244.13,216.6,27.53
8369,2025-03-04,209,6,2,5,151.61,123.08,28.53
8370,2025-03-04,115,3,2,5,439.43,332.52,106.91
8371,2025-03-04,375,4,4,1,92.04,54.03,38.01
8372,2025-03-04,27,1,3,4,797.06,528.99,268.07
8373,2025-03-04,95,3,3,1,59.64,47.28,12.36
8374,2025-03-04,312,3,1,5,373.96,298.88,75.08
8375,2025-03-04,89,2,1,2,467.5,396.12,71.38
8376,2025-03-04,388,1,3,4,938.15,630.9,307.25
8377,2025-03-04,383,2,4,2,722.77,628.27,94.5
8378,2025-03-04,314,2,3,4,800.92,672.36,128.56
8379,2025-03-04,65,4,1,1,61.06,35.58,25.48
8380,2025-03-04,271,5,1,4,181.07,131.11,49.96
8381,2025-03-04,104,6,4,2,84.73,71.67,13.06
8382,2025-03-05,53,3,2,4,367.67,293.16,74.51
8383,2025-03-05,445,3,3,4,288.71,230.28,58.43
8384,2025-03-05,99,3,5,4,342.64,268.99,73.65
8385,2025-03-05,297,4,5,1,51.47,28.93,22.54
8386,2025-03-05,61,1,1,3,882.04,552.87,329.17
8387,2025-03-05,322,6,4,1,45.32,37.24,8.08
8388,2025-03-05,59,4,2,2,123.05,69.51,53.54
8389,2025-03-05,143,6,4,1,36.01,28.54,7.47
8390,2025-03-05,451,2,4,4,1250.96,1120.78,130.18
8391,2025-03-05,449,3,3,3,223.58,163.23,60.35
8392,2025-03-05,229,3,2,5,414.84,297.72,117.12
8393,2025-03-06,61,5,1,3,128.42,89.95,38.47
8394,2025-03-06,242,6,2,1,31.01,26.09,4.92
8395,2025-03-06,90,2,5,4,934.34,839.82,94.52
8396,2025-03-06,384,6,1,1,28.63,23.38,5.25
8397,2025-03-06,135,1,4,2,762.23,467.76,294.47
8398,2025-03-06,384,4,1,3,174.09,94.74,79.35
8399,2025-03-06,76,2,1,5,1487.27,1202.57,284.7
8400,2025-03-06,336,3,1,4,334.14,263.34,70.8
8401,2025-03-06,438,6,3,4,95.28,79.73,15.55
8402,2025-03-06,374,3,1,5,361.66,288.93,72.73
8403,2025-03-06,439,6,4,2,76.11,58.12,17.99
8404,2025-03-06,60,3,4,5,459.31,338.69,120.62
8405,2025-03-06,100,6,5,5,135.74,109.05,26.69
8406,2025-03-06,296,1,4,2,697.19,460.53,236.66
8407,2025-03-06,61,3,1,3,289.75,213.94,75.81
8408,2025-03-06,131,4,3,5,251.16,131.12,120.04
8409,2025-03-07,318,2,3,4,787.96,658.31,129.65
8410,2025-03-07,357,3,4,1,116.61,89.04,27.57
8411,2025-03-07,386,3,4,4,423.04,297.94,125.1
8412,2025-03-07,299,2,4,5,1485.57,1299.1,186.47
8413,2025-03-07,426,4,3,3,162.78,85.68,77.1
8414,2025-03-07,270,2,1,5,1425.87,1268.06,157.81
8415,2025-03-07,199,2,2,4,928.68,785.53,143.15
8416,2025-03-07,209,6,2,2,64.68,53.47,11.21
8417,2025-03-07,100,5,5,3,121.39,85.79,35.6
8418,2025-03-07,189,1,1,5,1411.34,924.18,487.16
8419,2025-03-07,456,2,3,5,985.3,805.59,179.71
8420,2025-03-07,66,4,1,3,209.86,111.26,98.6
8421,2025-03-08,358,4,3,4,216.12,128.0,88.12
8422,2025-03-08,456,1,3,5,932.03,617.5,314.53
8423,2025-03-08,333,6,3,4,116.19,89.52,26.67
8424,2025-03-08,105,3,3,4,251.85,188.39,63.46
8425,2025-03-08,6,5,2,5,221.73,158.29,63.44
8426,2025-03-08,103,4,4,2,164.14,92.59,71.55
8427,2025-03-08,251,2,1,5,1419.59,1150.76,268.83
8428,2025-03-08,370,6,3,1,29.0,24.08,4.92
8429,2025-03-08,455,3,1,4,371.78,271.2,100.58
8430,2025-03-08,472,6,4,3,137.58,109.51,28.07
8431,2025-03-08,154,3,2,4,294.15,214.41,79.74
8432,2025-03-08,10,5,4,2,95.71,66.09,29.62
8433,2025-03-08,107,6,4,1,44.77,36.86,7.91
8434,2025-03-08,471,3,4,3,302.06,239.81,62.25
8435,2025-03-08,129,2,2,4,914.02,779.79,134.23
8436,2025-03-09,366,4,3,2,88.42,44.36,44.06
8437,2025-03-09,375,3,4,3,306.9,232.69,74.21
8438,2025-03-09,271,1,1,3,729.91,490.2,239.71
8439,2025-03-09,375,2,4,1,340.25,295.51,44.74
8440,2025-03-09,431,3,3,5,289.82,224.72,65.1
8441,2025-03-09,363,1,1,1,260.69,156.44,104.25
8442,2025-03-09,245,1,1,5,1475.09,975.53,499.56
8443,2025-03-09,445,6,3,2,45.82,36.43,9.39
8444,2025-03-09,451,3,4,2,200.19,154.59,45.6
8445,2025-03-09,208,6,1,5,138.87,109.11,29.76
8446,2025-03-09,329,1,3,3,643.01,387.89,255.12
8447,2025-03-09,294,4,4,4,314.42,161.06,153.36
8448,2025-03-09,276,2,4,1,338.62,273.9,64.72
8449,2025-03-09,120,2,2,2,455.12,384.71,70.41
8450,2025-03-10,293,2,3,3,669.48,569.29,100.19
8451,2025-03-10,445,4,3,4,194.83,100.32,94.51
8452,2025-03-10,387,4,1,1,65.29,36.58,28.71
8453,2025-03-10,185,2,1,3,821.88,686.02,135.86
8454,2025-03-10,28,3,2,1,90.07,68.87,21.2
8455,2025-03-10,292,6,3,1,22.37,18.19,4.18
8456,2025-03-10,429,4,4,4,344.3,190.79,153.51
8457,2025-03-10,399,2,3,2,455.43,391.04,64.39
8458,2025-03-10,270,4,1,4,237.11,136.64,100.47
8459,2025-03-10,109,1,4,4,1411.55,851.91,559.64
8460,2025-03-10,269,2,1,3,723.86,624.91,98.95
8461,2025-03-10,274,5,4,3,167.8,119.39,48.41
8462,2025-03-10,402,5,5,5,183.88,120.9,62.98
8463,2025-03-10,194,1,3,4,832.37,513.22,319.15
8464,2025-03-10,481,5,4,2,98.64,68.74,29.9
8465,2025-03-10,82,1,1,2,561.06,369.4,191.66
8466,2025-03-11,128,5,1,4,174.58,127.86,46.72
8467,2025-03-11,280,6,4,5,172.29,136.19,36.1
8468,2025-03-11,46,1,2,4,1078.92,654.31,424.61
8469,2025-03-11,62,2,5,2,510.41,458.55,51.86
8470,2025-03-11,248,5,4,2,115.4,76.8,38.6
8471,2025-03-11,315,1,3,4,885.06,574.35,310.71
8472,2025-03-11,475,1,1,2,516.34,327.45,188.89
8473,2025-03-11,402,4,5,5,287.18,149.87,137.31
8474,2025-03-11,406,1,2,2,574.15,351.07,223.08
8475,2025-03-11,295,4,2,2,115.39,60.93,54.46
8476,2025-03-11,467,1,5,3,716.36,483.78,232.58
8477,2025-03-11,236,2,2,3,804.96,691.9,113.06
8478,2025-03-11,419,4,4,3,265.05,135.99,129.06
8479,2025-03-11,379,2,5,3,656.69,564.21,92.48
8480,2025-03-11,263,1,5,5,1184.39,811.5,372.89
8481,2025-03-11,493,4,1,4,217.79,116.42,101.37
8482,2025-03-12,92,4,2,2,127.25,68.41,58.84
8483,2025-03-12,352,4,1,5,295.07,161.4,133.67
8484,2025-03-12,119,6,4,3,109.94,85.99,23.95
8485,2025-03-12,473,4,4,3,210.35,107.23,103.12
8486,2025-03-12,85,3,4,2,188.53,136.38,52.15
8487,2025-03-12,228,5,4,3,175.94,126.8,49.14
8488,2025-03-12,47,6,4,3,110.13,88.68,21.45
8489,2025-03-12,92,5,2,2,76.51,51.97,24.54
8490,2025-03-12,39,4,2,4,271.33,159.72,111.61
8491,2025-03-12,306,1,5,2,533.47,345.88,187.59
8492,2025-03-13,24,2,1,3,691.89,586.75,105.14
8493,2025-03-13,271,6,1,1,27.59,21.34,6.25
8494,2025-03-13,131,1,3,2,402.2,253.69,148.51
8495,2025-03-13,328,6,1,5,175.67,145.06,30.61
8496,2025-03-13,393,3,4,1,99.61,73.3,26.31
8497,2025-03-13,351,1,5,5,1088.13,682.7,405.43
8498,2025-03-13,70,4,4,1,79.3,47.4,31.9
8499,2025-03-13,79,1,1,4,920.83,572.25,348.58
8500,2025-03-13,382,2,1,4,955.39,818.41,136.98
8501,2025-03-13,132,1,2,1,265.16,178.32,86.84
8502,2025-03-13,97,5,4,5,268.26,200.93,67.33
8503,2025-03-13,453,4,1,1,54.7,31.05,23.65
8504,2025-03-13,434,5,5,5,210.86,145.62,65.24
8505,2025-03-14,74,2,3,5,1097.31,959.3,138.01
8506,2025-03-14,261,1,4,3,935.67,626.47,309.2
8507,2025-03-14,139,6,5,3,91.12,74.57,16.55
8508,2025-03-14,111,3,4,3,353.35,279.45,73.9
8509,2025-03-14,77,5,2,5,227.23,157.77,69.46
8510,2025-03-14,476,1,1,5,1366.68,923.08,443.6
8511,2025-03-14,138,5,3,4,153.47,104.22,49.25
8512,2025-03-14,307,6,4,3,131.13,99.36,31.77
8513,2025-03-14,473,3,4,1,102.95,75.52,27.43
8514,2025-03-14,254,5,3,3,87.64,64.15,23.49
8515,2025-03-14,304,4,4,4,359.81,183.22,176.59
8516,2025-03-15,52,1,1,4,970.83,644.11,326.72
8517,2025-03-15,17,1,4,3,1021.41,643.7,377.71
8518,2025-03-15,118,6,2,4,118.88,98.4,20.48
8519,2025-03-15,49,2,1,2,594.26,529.9,64.36
8520,2025-03-15,317,3,2,5,421.43,321.93,99.5
8521,2025-03-15,203,5,4,1,50.63,33.01,17.62
8522,2025-03-15,312,3,1,2,190.62,138.92,51.7
8523,2025-03-15,98,3,4,5,618.95,444.03,174.92
8524,2025-03-15,191,5,3,4,121.01,88.26,32.75
8525,2025-03-15,440,1,4,2,589.82,370.67,219.15
8526,2025-03-15,498,1,4,3,1050.37,631.25,419.12
8527,2025-03-16,128,4,1,4,233.01,120.96,112.05
8528,2025-03-16,311,5,3,2,75.79,53.22,22.57
8529,2025-03-16,154,6,2,5,171.24,133.94,37.3
8530,2025-03-16,77,2,2,1,225.17,189.5,35.67
8531,2025-03-16,257,5,5,5,202.62,144.26,58.36
8532,2025-03-16,252,5,5,5,201.33,140.1,61.23
8533,2025-03-16,132,5,2,2,84.99,57.33,27.66
8534,2025-03-16,343,1,1,2,500.14,328.42,171.72
8535,2025-03-17,27,5,3,1,31.02,20.9,10.12
8536,2025-03-17,141,5,1,1,44.48,32.82,11.66
8537,2025-03-17,68,4,4,5,456.47,273.1,183.37
8538,2025-03-17,387,2,1,4,966.08,789.38,176.7
8539,2025-03-17,157,5,3,5,155.51,101.63,53.88
8540,2025-03-17,114,5,1,4,176.63,124.48,52.15
8541,2025-03-17,445,2,3,4,953.81,835.71,118.1
8542,2025-03-17,406,3,2,1,88.82,62.7,26.12
8543,2025-03-17,129,2,2,3,748.18,665.39,82.79
8544,2025-03-17,217,4,2,2,121.42,65.87,55.55
8545,2025-03-17,71,3,2,2,162.0,117.56,44.44
8546,2025-03-17,4,2,1,5,1361.48,1090.89,270.59
8547,2025-03-17,181,4,2,3,188.4,108.59,79.81
8548,2025-03-17,84,4,4,2,156.73,85.68,71.05
8549,2025-03-17,163,2,1,2,578.66,514.73,63.93
8550,2025-03-17,171,3,4,4,457.95,350.02,107.93
8551,2025-03-17,324,3,1,5,371.22,265.82,105.4
8552,2025-03-17,483,6,4,5,189.02,153.63,35.39
8553,2025-03-18,183,1,1,5,1220.92,794.85,426.07
8554,2025-03-18,228,1,4,5,1740.13,1162.07,578.06
8555,2025-03-18,3,6,1,5,154.03,122.73,31.3
8556,2025-03-18,380,5,2,2,70.83,48.02,22.81
8557,2025-03-18,494,5,3,2,75.11,49.16,25.95
8558,2025-03-18,339,6,5,2,58.33,45.24,13.09
8559,2025-03-18,127,4,5,5,251.17,139.76,111.41
8560,2025-03-18,343,4,1,2,121.48,62.72,58.76
8561,2025-03-18,491,1,3,2,425.21,263.31,161.9
8562,2025-03-18,210,2,3,3,612.62,513.99,98.63
8563,2025-03-18,266,1,2,2,459.9,320.14,139.76
8564,2025-03-18,157,6,3,2,51.49,40.67,10.82
8565,2025-03-18,261,3,4,4,492.67,359.53,133.14
8566,2025-03-18,471,2,4,2,730.63,613.4,117.23
8567,2025-03-19,219,1,5,1,206.18,143.8,62.38
8568,2025-03-19,363,2,1,3,697.18,608.81,88.37
8569,2025-03-19,103,1,4,4,1287.58,810.09,477.49
8570,2025-03-19,495,5,2,4,157.04,114.08,42.96
8571,2025-03-19,12,1,4,1,300.84,181.43,119.41
8572,2025-03-19,226,1,2,4,1072.78,665.6,407.18
8573,2025-03-19,464,1,5,4,890.79,597.21,293.58
8574,2025-03-19,238,5,4,4,199.17,130.65,68.52
8575,2025-03-19,99,5,5,2,71.69,48.4,23.29
8576,2025-03-19,27,2,3,3,615.16,524.59,90.57
8577,2025-03-19,499,6,1,2,59.04,46.35,12.69
8578,2025-03-19,62,3,5,2,130.17,93.88,36.29
8579,2025-03-19,280,3,4,4,482.96,368.1,114.86
8580,2025-03-20,24,2,1,3,754.84,611.98,142.86
8581,2025-03-20,474,3,4,4,448.98,342.53,106.45
8582,2025-03-20,362,2,5,3,691.92,601.7,90.22
8583,2025-03-21,400,2,2,2,528.83,458.82,70.01
8584,2025-03-21,358,5,3,2,61.46,40.25,21.21
8585,2025-03-21,216,2,3,2,363.83,293.76,70.07
8586,2025-03-21,155,4,5,1,61.48,32.34,29.14
8587,2025-03-21,360,5,2,4,164.43,107.33,57.1
8588,2025-03-21,95,2,3,1,224.73,181.4,43.33
8589,2025-03-21,360,3,2,1,90.02,70.97,19.05
8590,2025-03-21,450,4,1,2,125.33,70.56,54.77
8591,2025-03-21,5,6,4,5,231.02,190.12,40.9
8592,2025-03-21,436,2,1,4,1061.5,860.1,201.4
8593,2025-03-21,344,4,4,4,323.32,176.23,147.09
8594,2025-03-22,421,5,5,3,108.01,73.44,34.57
8595,2025-03-22,20,5,4,2,101.05,69.85,31.2
8596,2025-03-22,352,1,1,2,467.61,290.34,177.27
8597,2025-03-22,71,2,2,4,961.01,806.02,154.99
8598,2025-03-22,431,4,3,4,222.51,127.09,95.42
8599,2025-03-22,426,2,3,5,1014.35,856.76,157.59
8600,2025-03-22,362,3,5,1,74.37,58.15,16.22
8601,2025-03-22,437,6,4,4,152.27,127.14,25.13
8602,2025-03-22,229,4,2,1,60.82,35.15,25.67
8603,2025-03-22,32,3,5,2,157.34,123.69,33.65
8604,2025-03-22,382,6,1,3,93.12,78.92,14.2
8605,2025-03-22,80,2,2,1,223.12,191.0,32.12
8606,2025-03-22,60,6,4,3,120.34,97.1,23.24
8607,2025-03-23,212,3,3,5,296.45,228.75,67.7
8608,2025-03-23,182,2,5,2,497.92,424.87,73.05
8609,2025-03-23,201,4,2,3,202.45,120.56,81.89
8610,2025-03-23,284,1,2,2,488.18,334.78,153.4
8611,2025-03-23,67,1,5,3,650.91,439.11,211.8
8612,2025-03-23,481,4,4,5,351.32,196.38,154.94
8613,2025-03-23,157,3,3,5,380.66,290.94,89.72
8614,2025-03-23,223,4,1,3,189.34,105.94,83.4
8615,2025-03-23,316,6,5,2,58.68,45.6,13.08
8616,2025-03-23,455,1,1,2,514.28,330.35,183.93
8617,2025-03-23,290,4,2,1,52.15,26.62,25.53
8618,2025-03-23,241,2,2,4,1008.5,874.19,134.31
8619,2025-03-23,482,6,3,5,119.15,89.64,29.51
8620,2025-03-23,159,4,1,5,291.45,163.66,127.79
8621,2025-03-23,491,6,3,4,93.54,78.18,15.36
8622,2025-03-23,322,3,4,4,489.64,368.37,121.27
8623,2025-03-23,305,6,4,5,222.68,169.58,53.1
8624,2025-03-23,400,4,2,5,266.7,149.42,117.28
8625,2025-03-23,339,2,5,1,244.28,198.95,45.33
8626,2025-03-23,133,4,3,4,225.76,116.29,109.47
8627,2025-03-24,186,4,3,4,189.43,113.42,76.01
8628,2025-03-24,395,1,3,4,858.28,559.27,299.01
8629,2025-03-24,216,1,3,1,222.52,137.36,85.16
8630,2025-03-24,394,1,3,3,715.35,457.3,258.05
8631,2025-03-24,77,3,2,5,355.08,273.41,81.67
8632,2025-03-24,332,1,3,5,1051.24,678.43,372.81
8633,2025-03-24,7,4,2,1,64.26,32.81,31.45
8634,2025-03-24,425,5,5,3,125.14,92.01,33.13
8635,2025-03-24,40,3,4,4,375.1,298.89,76.21
8636,2025-03-24,278,6,3,3,80.54,64.64,15.9
8637,2025-03-24,363,4,1,5,345.69,201.58,144.11
8638,2025-03-25,488,2,3,5,1097.34,961.32,136.02
8639,2025-03-25,496,6,2,2,52.39,41.69,10.7
8640,2025-03-25,8,2,2,2,559.39,461.74,97.65
8641,2025-03-25,397,3,3,5,325.67,228.11,97.56
8642,2025-03-25,442,3,3,3,232.65,164.99,67.66
8643,2025-03-25,197,3,1,5,388.54,294.35,94.19
8644,2025-03-25,103,4,4,1,92.75,50.14,42.61
8645,2025-03-25,70,2,4,2,721.71,642.53,79.18
8646,2025-03-25,349,6,3,1,25.34,21.11,4.23
8647,2025-03-25,359,1,1,3,758.41,511.73,246.68
8648,2025-03-25,220,5,5,5,204.8,137.04,67.76
8649,2025-03-25,49,4,1,3,161.99,96.29,65.7
8650,2025-03-25,419,3,4,2,240.16,169.58,70.58
8651,2025-03-25,59,1,2,3,651.08,437.66,213.42
8652,2025-03-25,105,3,3,4,301.32,230.78,70.54
8653,2025-03-25,160,4,1,5,303.2,166.61,136.59
8654,2025-03-25,492,6,1,2,61.71,50.06,11.65
8655,2025-03-26,195,4,2,3,160.72,86.64,74.08
8656,2025-03-26,173,1,4,4,1502.61,934.78,567.83
8657,2025-03-26,183,5,1,5,215.54,145.63,69.91
8658,2025-03-26,486,6,3,2,49.15,37.07,12.08
8659,2025-03-26,348,5,3,5,189.01,137.55,51.46
8660,2025-03-26,3,5,1,2,89.97,58.59,31.38
8661,2025-03-26,133,6,3,4,103.47,87.58,15.89
8662,2025-03-26,457,1,4,5,1568.59,1070.88,497.71
8663,2025-03-26,158,1,3,4,923.37,562.4,360.97
8664,2025-03-26,272,4,1,2,128.81,73.1,55.71
8665,2025-03-27,333,6,3,2,46.08,38.71,7.37
8666,2025-03-27,395,2,3,3,651.56,532.43,119.13
8667,2025-03-27,38,1,3,3,594.31,369.92,224.39
8668,2025-03-27,420,6,5,1,30.83,23.56,7.27
8669,2025-03-27,49,4,1,1,56.2,32.94,23.26
8670,2025-03-27,436,1,1,2,475.8,296.37,179.43
8671,2025-03-27,430,1,3,5,1183.07,720.69,462.38
8672,2025-03-27,199,4,2,4,262.26,135.55,126.71
8673,2025-03-27,133,6,3,5,138.01,105.44,32.57
8674,2025-03-28,357,1,4,1,344.16,212.45,131.71
8675,2025-03-28,327,1,2,2,468.57,302.63,165.94
8676,2025-03-28,399,6,3,4,90.88,69.8,21.08
8677,2025-03-28,330,5,2,5,179.44,131.0,48.44
8678,2025-03-28,181,1,2,3,798.45,530.42,268.03
8679,2025-03-28,247,4,2,4,234.33,123.19,111.14
8680,2025-03-28,188,5,5,5,189.82,140.73,49.09
8681,2025-03-28,199,1,2,4,1071.1,700.7,370.4
8682,2025-03-28,219,5,5,1,40.66,29.41,11.25
8683,2025-03-28,185,5,1,1,42.35,29.2,13.15
8684,2025-03-28,171,6,4,3,119.26,99.18,20.08
8685,2025-03-29,223,3,1,2,171.93,128.01,43.92
8686,2025-03-29,431,2,3,2,484.71,420.76,63.95
8687,2025-03-29,197,2,1,1,235.4,209.08,26.32
8688,2025-03-29,252,2,5,4,984.23,834.73,149.5
8689,2025-03-29,393,4,4,1,81.76,41.27,40.49
8690,2025-03-29,193,3,4,4,442.86,330.6,112.26
8691,2025-03-29,431,4,3,2,116.3,58.59,57.71
8692,2025-03-29,407,1,5,1,226.64,155.01,71.63
8693,2025-03-29,166,1,1,5,1202.18,825.8,376.38
8694,2025-03-29,373,6,1,4,134.26,109.95,24.31
8695,2025-03-30,223,5,1,3,117.44,81.4,36.04
8696,2025-03-30,454,5,1,2,83.01,58.51,24.5
8697,2025-03-30,161,1,4,5,1577.37,1009.51,567.86
8698,2025-03-30,119,6,4,5,214.08,174.23,39.85
8699,2025-03-30,146,1,3,2,416.53,255.8,160.73
8700,2025-03-30,427,2,4,2,632.11,528.36,103.75
8701,2025-03-30,76,4,1,5,325.92,185.49,140.43
8702,2025-03-30,67,4,5,2,124.65,62.98,61.67
8703,2025-03-30,288,2,4,5,1439.54,1251.28,188.26
8704,2025-03-30,143,3,4,4,377.18,284.58,92.6
8705,2025-03-30,107,5,4,2,115.63,85.82,29.81
8706,2025-03-30,187,4,5,2,97.25,51.24,46.01
8707,2025-03-30,277,1,5,2,427.62,271.12,156.5
8708,2025-03-30,58,6,1,1,31.13,25.7,5.43
8709,2025-03-30,412,2,5,1,222.63,186.54,36.09
8710,2025-03-30,267,4,4,5,413.52,225.59,187.93
8711,2025-03-31,306,5,5,1,40.2,26.91,13.29
8712,2025-03-31,90,1,5,4,1043.44,673.64,369.8
8713,2025-03-31,417,1,1,1,237.18,151.06,86.12
8714,2025-03-31,487,1,2,5,1383.17,966.98,416.19
8715,2025-03-31,219,2,5,4,906.52,791.15,115.37
8716,2025-03-31,280,1,4,4,1431.89,973.35,458.54
8717,2025-03-31,35,3,2,4,360.12,284.64,75.48
8718,2025-03-31,374,3,1,2,151.3,116.89,34.41
8719,2025-03-31,357,3,4,5,607.17,464.13,143.04
8720,2025-03-31,215,6,5,4,118.68,95.46,23.22
8721,2025-03-31,187,6,5,5,143.12,112.24,30.88
8722,2025-03-31,116,5,1,3,114.84,81.27,33.57
8723,2025-03-31,330,1,2,5,1349.97,859.46,490.51
8724,2025-03-31,212,2,3,1,210.14,184.81,25.33
8725,2025-03-31,47,6,4,4,155.69,125.66,30.03
8726,2025-03-31,495,1,2,1,234.36,152.4,81.96
8727,2025-03-31,77,5,2,3,111.35,76.19,35.16
8728,2025-04-01,154,5,2,5,207.58,139.13,68.45
8729,2025-04-01,407,5,5,2,70.7,48.93,21.77
8730,2025-04-01,393,4,4,3,233.39,117.31,116.08
8731,2025-04-01,31,4,1,3,169.0,94.75,74.25
8732,2025-04-01,127,3,5,2,145.03,111.91,33.12
8733,2025-04-01,187,5,5,1,37.98,26.5,11.48
8734,2025-04-01,254,3,3,3,219.3,166.77,52.53
8735,2025-04-01,402,2,5,2,469.34,404.41,64.93
8736,2025-04-01,38,3,3,2,149.86,107.62,42.24
8737,2025-04-01,293,6,3,3,77.32,59.19,18.13
8738,2025-04-01,361,4,1,4,253.26,137.79,115.47
8739,2025-04-01,67,1,5,5,1185.04,752.49,432.55
8740,2025-04-01,101,4,5,1,60.42,33.3,27.12
8741,2025-04-02,403,1,4,1,375.44,237.33,138.11
8742,2025-04-02,31,1,1,5,1457.51,904.0,553.51
8743,2025-04-02,261,2,4,1,303.42,269.97,33.45
8744,2025-04-02,143,3,4,5,491.61,392.76,98.85
8745,2025-04-02,473,5,4,2,92.54,67.25,25.29
8746,2025-04-02,346,5,2,3,113.86,83.35,30.51
8747,2025-04-02,268,1,3,1,206.85,124.92,81.93
8748,2025-04-02,429,1,4,1,346.86,221.84,125.02
8749,2025-04-03,8,6,2,2,64.67,52.16,12.51
8750,2025-04-03,254,3,3,2,134.58,104.88,29.7
8751,2025-04-03,467,5,5,3,113.54,83.71,29.83
8752,2025-04-03,3,4,1,1,67.41,35.84,31.57
8753,2025-04-03,379,3,5,2,130.31,98.08,32.23
8754,2025-04-03,98,3,4,5,499.84,353.12,146.72
8755,2025-04-03,51,1,4,3,1157.14,716.44,440.7
8756,2025-04-03,12,5,4,3,174.72,129.7,45.02
8757,2025-04-03,207,6,4,5,225.08,180.6,44.48
8758,2025-04-03,52,1,1,1,296.26,187.43,108.83
8759,2025-04-03,296,1,4,2,661.67,456.84,204.83
8760,2025-04-03,446,2,2,3,650.13,535.88,114.25
8761,2025-04-04,445,3,3,3,180.04,142.35,37.69
8762,2025-04-04,2,2,5,3,720.89,610.17,110.72
8763,2025-04-04,158,2,3,4,830.04,719.52,110.52
8764,2025-04-04,77,1,2,2,439.6,298.69,140.91
8765,2025-04-04,139,4,5,5,301.2,161.38,139.82
8766,2025-04-04,58,1,1,1,290.05,179.0,111.05
8767,2025-04-04,302,1,2,3,688.32,413.98,274.34
8768,2025-04-04,256,1,1,4,1126.33,706.66,419.67
8769,2025-04-04,222,4,4,5,402.45,236.18,166.27
8770,2025-04-04,174,3,5,4,342.81,244.83,97.98
8771,2025-04-04,49,1,1,5,1261.11,817.38,443.73
8772,2025-04-05,210,3,3,3,187.59,149.24,38.35
8773,2025-04-05,94,4,5,4,208.32,118.17,90.15
8774,2025-04-05,325,4,1,5,325.08,172.31,152.77
8775,2025-04-05,440,6,4,2,79.28,63.16,16.12
8776,2025-04-05,480,2,3,1,219.05,181.32,37.73
8777,2025-04-05,214,2,4,5,1612.36,1324.78,287.58
8778,2025-04-05,59,4,2,2,123.33,66.84,56.49
8779,2025-04-05,328,4,1,3,163.5,91.89,71.61
8780,2025-04-05,231,1,5,3,687.17,447.05,240.12
8781,2025-04-05,323,3,4,3,308.18,235.4,72.78
8782,2025-04-05,152,4,5,1,52.56,27.25,25.31
8783,2025-04-05,333,6,3,1,21.87,16.88,4.99
8784,2025-04-05,92,4,2,2,134.68,78.12,56.56
8785,2025-04-05,232,2,5,3,643.95,576.27,67.68
8786,2025-04-05,245,6,1,5,159.84,128.58,31.26
8787,2025-04-05,129,5,2,2,72.22,51.19,21.03
8788,2025-04-06,297,6,5,4,113.12,89.96,23.16
8789,2025-04-06,413,2,1,4,1016.75,817.24,199.51
8790,2025-04-06,72,4,4,2,179.25,96.74,82.51
8791,2025-04-06,286,2,1,4,1139.72,919.0,220.72
8792,2025-04-06,45,3,1,2,179.06,131.01,48.05
8793,2025-04-06,500,3,5,1,82.45,62.86,19.59
8794,2025-04-06,116,3,1,5,385.92,296.44,89.48
8795,2025-04-06,444,3,2,2,158.72,125.1,33.62
8796,2025-04-06,467,1,5,1,264.25,173.05,91.2
8797,2025-04-07,43,4,3,2,104.92,58.92,46.0
8798,2025-04-07,116,1,1,5,1170.4,780.99,389.41
8799,2025-04-07,402,1,5,2,407.21,265.89,141.32
8800,2025-04-07,101,1,5,3,774.98,492.41,282.57
8801,2025-04-07,460,4,5,1,52.86,30.45,22.41
8802,2025-04-07,41,5,2,5,214.93,153.73,61.2
8803,2025-04-07,328,2,1,2,498.12,442.43,55.69
8804,2025-04-07,154,2,2,5,1231.52,1051.81,179.71
8805,2025-04-07,118,1,2,2,489.35,320.71,168.64
8806,2025-04-07,93,6,1,2,69.78,56.98,12.8
8807,2025-04-07,397,5,3,2,76.08,50.38,25.7
8808,2025-04-07,224,1,1,3,673.75,418.9,254.85
8809,2025-04-07,263,4,5,3,191.68,114.24,77.44
8810,2025-04-08,15,4,2,2,115.98,59.18,56.8
8811,2025-04-08,492,5,1,4,150.72,100.14,50.58
8812,2025-04-08,132,1,2,1,241.39,160.6,80.79
8813,2025-04-08,168,6,5,4,124.9,105.68,19.22
8814,2025-04-08,208,2,1,5,1234.59,1054.69,179.9
8815,2025-04-08,323,1,4,3,876.67,545.47,331.2
8816,2025-04-08,217,2,2,3,685.03,591.47,93.56
8817,2025-04-08,34,5,5,3,118.97,81.93,37.04
8818,2025-04-08,394,6,3,2,43.51,35.04,8.47
8819,2025-04-08,407,3,5,2,173.12,125.15,47.97
8820,2025-04-09,47,4,4,4,336.23,182.76,153.47
8821,2025-04-09,403,2,4,5,1893.26,1621.29,271.97
8822,2025-04-09,361,1,1,5,1431.66,920.78,510.88
8823,2025-04-09,280,5,4,3,158.55,105.05,53.5
8824,2025-04-09,137,2,2,3,647.01,532.08,114.93
8825,2025-04-09,122,1,2,1,242.71,151.76,90.95
8826,2025-04-09,163,5,1,5,203.09,132.35,70.74
8827,2025-04-09,140,5,3,3,100.61,74.86,25.75
8828,2025-04-09,50,6,5,3,80.78,63.96,16.82
8829,2025-04-09,6,4,2,4,241.09,127.23,113.86
8830,2025-04-09,180,6,1,1,29.28,22.55,6.73
8831,2025-04-09,252,3,5,1,69.6,53.46,16.14
8832,2025-04-09,182,4,5,5,322.56,175.99,146.57
8833,2025-04-09,149,4,2,5,277.6,155.13,122.47
8834,2025-04-10,361,5,1,3,119.87,82.54,37.33
8835,2025-04-10,53,5,2,3,125.82,88.77,37.05
8836,2025-04-10,94,2,5,4,843.6,706.76,136.84
8837,2025-04-10,41,3,2,4,361.04,273.47,87.57
8838,2025-04-10,232,3,5,3,230.47,171.3,59.17
8839,2025-04-10,193,1,4,2,716.78,442.38,274.4
8840,2025-04-10,72,3,4,2,211.38,159.41,51.97
8841,2025-04-10,494,3,3,5,360.76,253.11,107.65
8842,2025-04-10,409,3,1,1,88.42,63.0,25.42
8843,2025-04-10,395,4,3,2,95.09,55.49,39.6
8844,2025-04-10,149,3,2,3,206.23,152.91,53.32
8845,2025-04-10,441,4,1,5,274.51,162.65,111.86
8846,2025-04-10,167,4,5,4,259.16,145.34,113.82
8847,2025-04-11,310,6,4,4,144.73,118.93,25.8
8848,2025-04-11,350,4,2,5,322.85,187.69,135.16
8849,2025-04-11,192,6,2,2,62.65,47.5,15.15
8850,2025-04-11,404,1,1,5,1200.58,816.81,383.77
8851,2025-04-11,342,5,4,1,54.46,36.4,18.06
8852,2025-04-11,225,6,1,2,57.49,43.13,14.36
8853,2025-04-11,176,3,4,5,485.17,356.87,128.3
8854,2025-04-11,431,5,3,3,94.25,68.48,25.77
8855,2025-04-11,431,1,3,3,597.03,385.98,211.05
8856,2025-04-11,256,4,1,5,306.95,177.74,129.21
8857,2025-04-11,33,1,4,5,1586.38,1046.5,539.88
8858,2025-04-11,127,1,5,3,667.74,412.9,254.84
8859,2025-04-12,90,3,5,2,156.29,115.47,40.82
8860,2025-04-12,425,5,5,4,171.3,125.96,45.34
8861,2025-04-12,61,6,1,5,147.25,121.59,25.66
8862,2025-04-12,107,1,4,4,1225.82,800.72,425.1
8863,2025-04-12,400,4,2,5,333.09,189.41,143.68
8864,2025-04-12,467,5,5,3,115.66,78.71,36.95
8865,2025-04-12,182,3,5,3,223.89,173.1,50.79
8866,2025-04-12,132,6,2,5,130.25,105.14,25.11
8867,2025-04-12,438,1,3,1,240.67,152.74,87.93
8868,2025-04-12,436,2,1,2,498.37,420.24,78.13
8869,2025-04-12,382,5,1,3,137.59,101.23,36.36
8870,2025-04-12,443,1,5,1,238.09,161.02,77.07
8871,2025-04-12,153,1,4,1,385.68,251.25,134.43
8872,2025-04-12,182,5,5,3,97.41,65.27,32.14
8873,2025-04-13,194,4,3,5,291.9,165.42,126.48
8874,2025-04-13,497,1,4,5,1481.43,974.35,507.08
8875,2025-04-13,393,5,4,4,245.74,159.97,85.77
8876,2025-04-13,201,2,2,3,853.43,737.69,115.74
8877,2025-04-13,254,4,3,4,231.08,130.85,100.23
8878,2025-04-13,80,2,2,3,790.29,641.11,149.18
8879,2025-04-13,292,1,3,5,961.18,584.85,376.33
8880,2025-04-13,428,6,4,4,143.7,110.75,32.95
8881,2025-04-13,407,2,5,3,640.94,514.49,126.45
8882,2025-04-13,281,4,2,1,64.97,35.28,29.69
8883,2025-04-13,28,3,2,3,219.98,157.26,62.72
8884,2025-04-13,331,6,3,2,53.03,41.52,11.51
8885,2025-04-13,372,5,1,5,195.91,140.86,55.05
8886,2025-04-13,493,6,1,5,151.21,118.82,32.39
8887,2025-04-14,61,2,1,1,263.8,228.33,35.47
8888,2025-04-14,411,2,3,3,590.58,478.85,111.73
8889,2025-04-14,489,1,2,2,574.2,372.07,202.13
8890,2025-04-14,369,6,4,1,46.22,39.25,6.97
8891,2025-04-14,227,5,5,2,65.98,49.0,16.98
8892,2025-04-14,333,2,3,4,794.18,712.64,81.54
8893,2025-04-14,255,1,5,5,1288.08,837.9,450.18
8894,2025-04-14,89,2,1,1,299.23,239.69,59.54
8895,2025-04-15,450,2,1,2,571.7,506.77,64.93
8896,2025-04-15,62,5,5,2,73.09,53.91,19.18
8897,2025-04-15,455,4,1,4,237.78,130.76,107.02
8898,2025-04-15,70,6,4,5,189.27,142.04,47.23
8899,2025-04-15,41,3,2,3,226.64,164.73,61.91
8900,2025-04-15,176,1,4,4,1427.92,966.31,461.61
8901,2025-04-15,340,2,3,4,975.39,829.55,145.84
8902,2025-04-16,166,4,1,1,60.0,32.15,27.85
8903,2025-04-16,254,2,3,1,191.66,162.26,29.4
8904,2025-04-16,313,2,4,2,629.15,505.39,123.76
8905,2025-04-16,297,3,5,3,207.2,155.58,51.62
8906,2025-04-16,31,5,1,5,235.06,169.12,65.94
8907,2025-04-16,1,6,4,2,74.46,56.82,17.64
8908,2025-04-16,95,2,3,1,237.51,209.85,27.66
8909,2025-04-16,383,2,4,1,335.36,301.71,33.65
8910,2025-04-16,306,2,5,1,267.38,229.42,37.96
8911,2025-04-16,34,4,5,2,113.41,64.02,49.39
8912,2025-04-16,283,6,1,3,90.32,74.03,16.29
8913,2025-04-17,242,2,2,2,520.78,430.61,90.17
8914,2025-04-17,349,2,3,5,1138.71,970.15,168.56
8915,2025-04-17,485,6,4,5,185.27,141.21,44.06
8916,2025-04-17,307,3,4,1,94.41,69.8,24.61
8917,2025-04-17,464,6,5,5,154.56,120.28,34.28
8918,2025-04-17,373,3,1,3,273.28,199.87,73.41
8919,2025-04-17,101,5,5,2,83.42,56.82,26.6
8920,2025-04-17,70,2,4,3,1097.17,983.7,113.47
8921,2025-04-17,458,5,4,3,181.3,123.33,57.97
8922,2025-04-18,59,2,2,2,514.83,448.16,66.67
8923,2025-04-18,120,4,2,5,314.37,167.66,146.71
8924,2025-04-18,329,6,3,4,90.45,71.13,19.32
8925,2025-04-18,363,3,1,1,76.16,55.95,20.21
8926,2025-04-18,358,6,3,1,26.66,21.06,5.6
8927,2025-04-18,308,1,5,1,211.73,140.6,71.13
8928,2025-04-18,361,4,1,5,270.3,150.22,120.08
8929,2025-04-18,6,4,2,3,195.97,113.42,82.55
8930,2025-04-18,442,6,3,1,28.69,23.53,5.16
8931,2025-04-18,218,4,1,1,62.05,33.92,28.13
8932,2025-04-18,69,6,3,4,111.78,91.25,20.53
8933,2025-04-18,286,1,1,2,535.85,357.97,177.88
8934,2025-04-19,489,6,2,5,162.09,124.74,37.35
8935,2025-04-19,256,1,1,5,1480.73,1011.0,469.73
8936,2025-04-19,417,4,1,2,111.9,62.42,49.48
8937,2025-04-19,116,2,1,2,524.31,470.88,53.43
8938,2025-04-19,421,6,5,3,87.63,73.76,13.87
8939,2025-04-19,102,6,4,2,91.07,69.88,21.19
8940,2025-04-19,356,3,3,5,292.08,215.69,76.39
8941,2025-04-19,386,2,4,3,888.76,777.15,111.61
8942,2025-04-19,454,3,1,4,285.64,227.79,57.85
8943,2025-04-19,263,6,5,4,117.62,99.49,18.13
8944,2025-04-20,271,2,1,5,1255.24,1021.26,233.98
8945,2025-04-20,377,5,4,3,175.2,123.07,52.13
8946,2025-04-20,185,2,1,2,577.01,462.09,114.92
8947,2025-04-20,67,4,5,1,51.91,28.46,23.45
8948,2025-04-20,27,6,3,2,43.85,35.86,7.99
8949,2025-04-20,346,1,2,4,1032.65,630.81,401.84
8950,2025-04-20,106,1,1,5,1226.78,822.33,404.45
8951,2025-04-20,450,4,1,1,59.62,32.04,27.58
8952,2025-04-20,379,5,5,4,171.2,116.34,54.86
8953,2025-04-20,366,2,3,4,877.5,767.56,109.94
8954,2025-04-20,326,6,4,3,131.15,103.98,27.17
8955,2025-04-20,74,2,3,2,473.51,423.75,49.76
8956,2025-04-20,379,6,5,3,79.08,65.71,13.37
8957,2025-04-21,323,2,4,4,1237.9,995.27,242.63
8958,2025-04-21,201,1,2,5,1409.14,964.47,444.67
8959,2025-04-21,370,3,3,4,278.33,221.68,56.65
8960,2025-04-21,261,2,4,5,1759.16,1507.57,251.59
8961,2025-04-21,57,1,1,3,885.19,552.39,332.8
8962,2025-04-21,140,3,3,5,349.81,258.97,90.84
8963,2025-04-21,163,2,1,2,451.47,398.71,52.76
8964,2025-04-21,325,2,1,1,292.0,249.21,42.79
8965,2025-04-21,337,4,4,4,347.18,198.28,148.9
8966,2025-04-21,303,4,4,2,164.11,95.64,68.47
8967,2025-04-21,248,2,4,5,1497.47,1298.91,198.56
8968,2025-04-21,428,1,4,4,1404.43,901.97,502.46
8969,2025-04-22,211,5,1,5,223.95,162.61,61.34
8970,2025-04-22,418,4,1,1,62.8,36.08,26.72
8971,2025-04-22,27,1,3,5,1175.01,717.11,457.9
8972,2025-04-22,246,6,2,5,134.73,108.83,25.9
8973,2025-04-22,284,1,2,1,220.03,137.73,82.3
8974,2025-04-22,116,1,1,1,234.74,156.68,78.06
8975,2025-04-22,408,2,1,5,1384.01,1128.11,255.9
8976,2025-04-22,144,3,1,5,432.75,337.0,95.75
8977,2025-04-22,103,4,4,3,228.93,128.16,100.77
8978,2025-04-22,280,6,4,5,173.73,145.35,28.38
8979,2025-04-23,150,2,1,3,702.85,577.63,125.22
8980,2025-04-23,26,4,1,1,64.83,32.85,31.98
8981,2025-04-23,396,5,4,2,92.56,63.19,29.37
8982,2025-04-23,339,6,5,5,149.01,123.14,25.87
8983,2025-04-23,12,1,4,2,712.14,495.01,217.13
8984,2025-04-23,70,3,4,5,599.83,444.03,155.8
8985,2025-04-23,16,2,2,2,496.03,440.39,55.64
8986,2025-04-23,150,6,1,4,110.08,84.09,25.99
8987,2025-04-23,231,2,5,3,716.43,628.34,88.09
8988,2025-04-23,174,5,5,4,153.66,100.66,53.0
8989,2025-04-24,229,6,2,2,54.58,43.99,10.59
8990,2025-04-24,403,6,4,4,138.41,111.14,27.27
8991,2025-04-24,125,1,4,2,659.71,412.28,247.43
8992,2025-04-24,159,4,1,2,110.62,59.68,50.94
8993,2025-04-24,6,4,2,4,262.37,139.4,122.97
8994,2025-04-24,18,1,1,5,1179.12,738.17,440.95
8995,2025-04-24,77,4,2,4,275.23,150.83,124.4
8996,2025-04-24,481,2,4,4,1501.64,1224.03,277.61
8997,2025-04-25,102,4,4,3,272.42,152.76,119.66
8998,2025-04-25,471,5,4,1,52.85,36.28,16.57
8999,2025-04-25,157,1,3,3,705.59,479.01,226.58
9000,2025-04-25,160,4,1,5,354.2,182.06,172.14
9001,2025-04-25,200,4,2,5,261.88,154.35,107.53
9002,2025-04-25,33,3,4,1,113.38,88.89,24.49
9003,2025-04-25,49,2,1,3,699.38,600.5,98.88
9004,2025-04-26,196,1,4,5,1638.28,1081.77,556.51
9005,2025-04-26,120,5,2,5,212.32,138.63,73.69
9006,2025-04-26,486,3,3,5,296.29,211.86,84.43
9007,2025-04-26,445,2,3,1,185.81,162.56,23.25
9008,2025-04-26,405,5,3,2,73.76,51.23,22.53
9009,2025-04-26,265,6,4,1,41.87,32.07,9.8
9010,2025-04-26,426,1,3,5,1056.2,728.45,327.75
9011,2025-04-26,61,3,1,5,391.97,300.49,91.48
9012,2025-04-26,389,2,1,3,672.85,573.42,99.43
9013,2025-04-26,361,3,1,2,190.12,138.47,51.65
9014,2025-04-26,200,6,2,5,129.22,102.29,26.93
9015,2025-04-26,411,3,3,2,124.99,92.11,32.88
9016,2025-04-26,481,2,4,4,1419.32,1210.67,208.65
9017,2025-04-26,427,4,4,2,178.73,96.74,81.99
9018,2025-04-26,83,4,1,5,280.86,159.41,121.45
9019,2025-04-26,214,5,4,2,111.37,79.16,32.21
9020,2025-04-26,173,6,4,2,80.28,66.79,13.49
9021,2025-04-27,60,2,4,5,1775.72,1541.17,234.55
9022,2025-04-27,353,1,2,4,988.76,636.94,351.82
9023,2025-04-27,137,3,2,5,362.23,258.83,103.4
9024,2025-04-27,191,2,3,2,457.79,390.54,67.25
9025,2025-04-27,142,5,4,3,165.29,112.36,52.93
9026,2025-04-27,352,4,1,1,67.03,39.86,27.17
9027,2025-04-27,175,5,4,1,51.95,38.73,13.22
9028,2025-04-27,426,3,3,2,138.86,100.23,38.63
9029,2025-04-27,59,2,2,4,1008.99,890.36,118.63
9030,2025-04-27,110,3,4,3,371.94,271.09,100.85
9031,2025-04-27,360,5,2,1,38.18,28.47,9.71
9032,2025-04-27,104,4,4,2,147.9,75.36,72.54
9033,2025-04-27,378,3,1,2,172.77,136.58,36.19
9034,2025-04-27,161,1,4,1,328.71,226.19,102.52
9035,2025-04-27,377,4,4,4,357.69,189.41,168.28
9036,2025-04-27,283,2,1,2,554.75,459.99,94.76
9037,2025-04-27,122,4,2,1,61.05,32.67,28.38
9038,2025-04-27,119,6,4,1,45.09,35.59,9.5
9039,2025-04-27,484,4,5,4,213.9,125.85,88.05
9040,2025-04-28,160,1,1,5,1222.7,744.69,478.01
9041,2025-04-28,478,3,5,5,375.37,295.89,79.48
9042,2025-04-28,299,6,4,4,166.74,141.12,25.62
9043,2025-04-28,193,4,4,1,88.92,45.47,43.45
9044,2025-04-28,241,3,2,1,78.01,58.87,19.14
9045,2025-04-28,114,2,1,1,241.93,215.18,26.75
9046,2025-04-28,162,6,3,2,57.43,44.63,12.8
9047,2025-04-28,111,1,4,1,368.38,226.05,142.33
9048,2025-04-28,415,5,1,2,72.3,53.5,18.8
9049,2025-04-28,216,4,3,4,200.05,115.99,84.06
9050,2025-04-29,322,4,4,4,343.63,174.55,169.08
9051,2025-04-29,277,6,5,3,79.17,63.72,15.45
9052,2025-04-29,261,3,4,3,346.14,269.1,77.04
9053,2025-04-29,50,1,5,2,443.8,292.4,151.4
9054,2025-04-29,189,3,1,5,391.89,308.82,83.07
9055,2025-04-29,408,2,1,4,1020.66,872.44,148.22
9056,2025-04-29,27,6,3,5,142.86,121.28,21.58
9057,2025-04-29,499,4,1,2,131.39,77.34,54.05
9058,2025-04-30,409,1,1,2,482.52,296.58,185.94
9059,2025-04-30,240,4,1,4,265.75,140.04,125.71
9060,2025-04-30,488,4,3,5,217.92,123.61,94.31
9061,2025-04-30,252,5,5,2,66.55,47.76,18.79
9062,2025-04-30,298,2,1,3,765.21,658.1,107.11
9063,2025-04-30,243,2,2,2,538.74,473.01,65.73
9064,2025-04-30,469,5,1,1,42.16,31.54,10.62
9065,2025-04-30,57,6,1,4,129.86,101.96,27.9
9066,2025-04-30,413,4,1,1,60.96,31.44,29.52
9067,2025-04-30,390,5,2,1,39.88,26.93,12.95
9068,2025-04-30,352,6,1,4,115.87,90.68,25.19
9069,2025-04-30,7,3,2,1,68.42,48.2,20.22
9070,2025-04-30,267,2,4,4,1382.83,1236.68,146.15
9071,2025-04-30,46,5,2,3,128.62,83.83,44.79
9072,2025-04-30,348,1,3,4,766.76,522.17,244.59
9073,2025-04-30,397,6,3,3,79.07,64.36,14.71
9074,2025-04-30,235,5,1,4,183.48,131.91,51.57
9075,2025-05-01,284,3,2,5,364.89,260.2,104.69
9076,2025-05-01,40,1,4,1,316.18,211.53,104.65
9077,2025-05-01,229,1,2,3,638.71,383.43,255.28
9078,2025-05-01,204,3,4,1,109.74,84.33,25.41
9079,2025-05-01,163,1,1,2,532.04,343.53,188.51
9080,2025-05-01,181,5,2,2,81.65,59.78,21.87
9081,2025-05-01,363,1,1,1,291.78,176.5,115.28
9082,2025-05-01,444,5,2,3,118.55,80.66,37.89
9083,2025-05-01,20,1,4,4,1532.08,963.56,568.52
9084,2025-05-01,349,4,3,4,177.45,103.07,74.38
9085,2025-05-01,225,4,1,4,225.53,128.84,96.69
9086,2025-05-01,217,3,2,5,351.25,265.56,85.69
9087,2025-05-01,264,4,2,4,258.61,141.18,117.43
9088,2025-05-01,255,6,5,2,50.98,40.44,10.54
9089,2025-05-01,118,3,2,2,161.17,122.56,38.61
9090,2025-05-01,265,2,4,5,1837.11,1545.64,291.47
9091,2025-05-02,64,4,1,4,214.38,118.21,96.17
9092,2025-05-02,89,4,1,4,240.04,134.19,105.85
9093,2025-05-02,290,5,2,4,173.18,127.12,46.06
9094,2025-05-02,152,4,5,2,128.2,66.2,62.0
9095,2025-05-02,30,3,2,5,443.28,322.59,120.69
9096,2025-05-02,44,2,4,3,1050.81,877.01,173.8
9097,2025-05-02,280,3,4,3,361.11,265.14,95.97
9098,2025-05-02,149,6,2,2,68.86,56.24,12.62
9099,2025-05-02,329,2,3,5,1205.54,1044.81,160.73
9100,2025-05-02,163,2,1,1,276.15,238.64,37.51
9101,2025-05-02,254,3,3,3,201.45,150.74,50.71
9102,2025-05-02,172,5,3,5,169.25,116.74,52.51
9103,2025-05-03,328,3,1,1,87.63,65.34,22.29
9104,2025-05-03,79,5,1,1,42.92,29.29,13.63
9105,2025-05-03,407,2,5,2,477.75,401.95,75.8
9106,2025-05-03,194,1,3,4,759.81,503.59,256.22
9107,2025-05-03,493,5,1,1,47.52,33.69,13.83
9108,2025-05-03,398,3,3,1,73.7,57.5,16.2
9109,2025-05-03,44,1,4,1,378.46,246.93,131.53
9110,2025-05-03,56,5,2,5,211.77,158.28,53.49
9111,2025-05-04,353,2,2,5,1066.88,861.25,205.63
9112,2025-05-04,325,1,1,1,249.75,174.74,75.01
9113,2025-05-04,232,4,5,3,177.42,97.88,79.54
9114,2025-05-04,27,1,3,2,457.85,282.53,175.32
9115,2025-05-04,321,2,3,5,1108.14,984.38,123.76
9116,2025-05-04,263,6,5,5,156.93,122.7,34.23
9117,2025-05-04,237,2,1,1,235.55,208.41,27.14
9118,2025-05-04,292,5,3,3,89.11,60.73,28.38
9119,2025-05-04,63,1,2,3,694.76,457.32,237.44
9120,2025-05-04,19,1,1,3,875.74,526.58,349.16
9121,2025-05-04,199,5,2,2,87.55,57.04,30.51
9122,2025-05-04,144,1,1,3,738.52,473.58,264.94
9123,2025-05-05,6,1,2,4,996.55,613.63,382.92
9124,2025-05-05,389,3,1,3,237.96,189.41,48.55
9125,2025-05-05,194,2,3,5,916.11,807.77,108.34
9126,2025-05-05,377,4,4,3,230.23,130.16,100.07
9127,2025-05-05,203,1,4,5,1698.94,1067.15,631.79
9128,2025-05-05,294,3,4,5,568.89,412.0,156.89
9129,2025-05-05,126,2,2,4,1143.55,940.69,202.86
9130,2025-05-05,352,3,1,3,239.0,174.26,64.74
9131,2025-05-05,55,1,4,3,960.43,609.61,350.82
9132,2025-05-05,494,4,3,5,243.6,144.42,99.18
9133,2025-05-05,164,4,5,3,162.63,92.68,69.95
9134,2025-05-05,222,6,4,3,124.94,95.02,29.92
9135,2025-05-06,384,3,1,4,379.31,274.42,104.89
9136,2025-05-06,420,5,5,3,99.84,71.49,28.35
9137,2025-05-06,408,1,1,3,793.71,551.91,241.8
9138,2025-05-06,128,5,1,3,122.12,81.46,40.66
9139,2025-05-06,198,5,2,4,142.34,102.43,39.91
9140,2025-05-06,193,2,4,1,333.74,287.2,46.54
9141,2025-05-06,226,3,2,5,438.44,319.11,119.33
9142,2025-05-06,70,1,4,3,976.66,607.72,368.94
9143,2025-05-06,458,3,4,4,409.18,292.94,116.24
9144,2025-05-06,436,2,1,5,1486.08,1191.38,294.7
9145,2025-05-06,479,6,2,1,26.32,21.41,4.91
9146,2025-05-06,322,3,4,4,374.7,275.45,99.25
9147,2025-05-06,479,5,2,5,193.6,129.75,63.85
9148,2025-05-07,24,4,1,4,239.41,134.16,105.25
9149,2025-05-07,123,2,2,2,467.92,389.79,78.13
9150,2025-05-07,356,6,3,5,133.73,108.94,24.79
9151,2025-05-07,53,3,2,3,266.44,209.98,56.46
9152,2025-05-07,408,3,1,3,246.35,189.04,57.31
9153,2025-05-07,393,3,4,1,121.55,86.87,34.68
9154,2025-05-07,248,3,4,3,286.42,222.64,63.78
9155,2025-05-07,354,1,2,1,239.66,163.12,76.54
9156,2025-05-07,231,3,5,4,318.0,250.86,67.14
9157,2025-05-07,141,5,1,3,125.41,93.41,32.0
9158,2025-05-07,453,3,1,2,166.54,122.51,44.03
9159,2025-05-08,307,5,4,3,149.28,108.99,40.29
9160,2025-05-08,175,4,4,4,336.42,199.8,136.62
9161,2025-05-08,185,6,1,4,132.63,106.03,26.6
9162,2025-05-08,66,6,1,3,103.1,83.38,19.72
9163,2025-05-08,468,2,4,3,935.68,841.54,94.14
9164,2025-05-08,124,3,3,3,215.24,156.56,58.68
9165,2025-05-08,11,4,1,1,72.23,38.13,34.1
9166,2025-05-08,123,3,2,1,76.84,58.06,18.78
9167,2025-05-08,95,3,3,1,65.37,47.85,17.52
9168,2025-05-08,88,1,4,2,735.91,475.2,260.71
9169,2025-05-08,455,4,1,4,273.16,143.2,129.96
9170,2025-05-09,241,3,2,2,168.57,119.78,48.79
9171,2025-05-09,498,3,4,3,322.28,239.7,82.58
9172,2025-05-09,357,3,4,3,371.67,280.93,90.74
9173,2025-05-09,280,2,4,4,1207.4,1031.64,175.76
9174,2025-05-09,190,5,5,3,99.02,69.66,29.36
9175,2025-05-09,456,6,3,4,111.0,92.77,18.23
9176,2025-05-09,141,2,1,1,278.27,243.29,34.98
9177,2025-05-09,114,3,1,4,377.88,300.64,77.24
9178,2025-05-09,498,2,4,2,738.03,630.73,107.3
9179,2025-05-09,156,5,4,3,180.87,120.46,60.41
9180,2025-05-09,193,2,4,2,705.22,598.99,106.23
9181,2025-05-09,401,4,2,1,60.29,33.45,26.84
9182,2025-05-10,332,6,3,4,100.21,78.78,21.43
9183,2025-05-10,205,5,4,3,151.66,100.82,50.84
9184,2025-05-10,155,2,5,3,759.28,649.19,110.09
9185,2025-05-10,178,4,4,1,82.28,46.05,36.23
9186,2025-05-10,366,1,3,5,1025.33,711.87,313.46
9187,2025-05-10,274,2,4,1,295.17,262.6,32.57
9188,2025-05-10,298,4,1,1,71.02,36.0,35.02
9189,2025-05-10,470,2,4,5,1688.82,1501.18,187.64
9190,2025-05-10,422,4,3,3,142.12,75.83,66.29
9191,2025-05-10,350,4,2,2,136.24,77.71,58.53
9192,2025-05-10,35,5,2,1,39.85,26.38,13.47
9193,2025-05-11,385,5,3,1,32.96,23.92,9.04
9194,2025-05-11,141,4,1,4,241.32,128.62,112.7
9195,2025-05-11,41,1,2,3,761.76,507.43,254.33
9196,2025-05-11,283,6,1,5,139.96,109.35,30.61
9197,2025-05-11,71,4,2,1,62.35,35.78,26.57
9198,2025-05-11,296,4,4,5,402.2,206.62,195.58
9199,2025-05-11,346,5,2,5,179.03,119.87,59.16
9200,2025-05-11,78,4,1,1,55.76,33.2,22.56
9201,2025-05-11,459,3,1,4,287.02,225.92,61.1
9202,2025-05-12,429,3,4,5,558.79,412.01,146.78
9203,2025-05-12,115,3,2,2,175.27,123.31,51.96
9204,2025-05-12,353,6,2,4,111.79,85.2,26.59
9205,2025-05-12,130,4,5,1,63.35,32.11,31.24
9206,2025-05-12,271,1,1,3,841.36,541.1,300.26
9207,2025-05-13,189,5,1,2,93.46,68.3,25.16
9208,2025-05-13,272,1,1,1,273.78,186.81,86.97
9209,2025-05-13,49,4,1,5,269.41,135.43,133.98
9210,2025-05-13,23,2,2,1,218.05,189.71,28.34
9211,2025-05-13,89,5,1,3,136.21,89.09,47.12
9212,2025-05-13,169,1,5,5,1176.96,741.32,435.64
9213,2025-05-13,99,1,5,1,207.02,127.24,79.78
9214,2025-05-13,247,5,2,5,225.23,164.31,60.92
9215,2025-05-13,467,6,5,2,52.18,43.12,9.06
9216,2025-05-13,403,4,4,1,86.68,50.49,36.19
9217,2025-05-13,131,4,3,4,177.71,98.35,79.36
9218,2025-05-13,410,4,2,5,264.39,137.93,126.46
9219,2025-05-14,370,3,3,3,176.18,135.47,40.71
9220,2025-05-14,340,2,3,4,731.07,634.34,96.73
9221,2025-05-14,342,2,4,2,633.69,526.4,107.29
9222,2025-05-14,425,3,5,3,228.34,179.14,49.2
9223,2025-05-14,72,3,4,2,230.76,182.91,47.85
9224,2025-05-14,56,1,2,3,684.98,443.26,241.72
9225,2025-05-14,320,3,4,3,321.6,232.65,88.95
9226,2025-05-14,308,4,5,1,65.18,33.02,32.16
9227,2025-05-14,387,5,1,1,36.86,27.41,9.45
9228,2025-05-14,195,1,2,1,240.53,144.77,95.76
9229,2025-05-14,491,3,3,2,151.44,109.56,41.88
9230,2025-05-15,134,3,3,4,264.2,210.7,53.5
9231,2025-05-15,398,1,3,5,1072.08,675.15,396.93
9232,2025-05-15,35,2,2,2,493.59,411.34,82.25
9233,2025-05-15,453,5,1,2,87.1,63.42,23.68
9234,2025-05-15,322,5,4,4,229.43,166.63,62.8
9235,2025-05-15,293,5,3,3,111.6,73.32,38.28
9236,2025-05-15,1,4,4,3,220.72,132.35,88.37
9237,2025-05-15,101,6,5,1,24.66,19.01,5.65
9238,2025-05-15,143,4,4,3,247.31,130.47,116.84
9239,2025-05-15,355,2,1,1,287.82,253.74,34.08
9240,2025-05-16,246,2,2,5,1259.55,1076.98,182.57
9241,2025-05-16,280,4,4,3,255.38,140.11,115.27
9242,2025-05-16,201,4,2,4,267.77,158.55,109.22
9243,2025-05-16,472,6,4,3,123.93,105.09,18.84
9244,2025-05-16,26,6,1,3,81.88,67.8,14.08
9245,2025-05-16,12,5,4,5,231.62,171.98,59.64
9246,2025-05-16,299,5,4,5,245.55,172.3,73.25
9247,2025-05-16,58,3,1,4,319.68,250.23,69.45
9248,2025-05-16,328,3,1,4,375.14,282.81,92.33
9249,2025-05-16,474,5,4,2,100.89,67.3,33.59
9250,2025-05-16,320,1,4,5,1797.29,1127.12,670.17
9251,2025-05-17,289,6,1,3,81.43,64.21,17.22
9252,2025-05-17,132,3,2,1,82.62,60.62,22.0
9253,2025-05-17,265,2,4,4,1347.07,1130.75,216.32
9254,2025-05-17,231,2,5,2,460.16,375.24,84.92
9255,2025-05-17,22,3,1,1,75.15,54.35,20.8
9256,2025-05-17,286,5,1,3,107.75,74.27,33.48
9257,2025-05-17,492,3,1,5,394.87,313.14,81.73
9258,2025-05-17,230,6,4,3,126.31,95.13,31.18
9259,2025-05-17,347,5,1,5,210.76,150.98,59.78
9260,2025-05-17,452,4,1,4,241.47,134.84,106.63
9261,2025-05-17,197,4,1,5,294.86,169.18,125.68
9262,2025-05-17,88,2,4,4,1318.54,1146.74,171.8
9263,2025-05-17,314,4,3,3,163.99,86.42,77.57
9264,2025-05-17,381,3,2,4,312.04,229.59,82.45
9265,2025-05-17,437,2,4,3,915.68,784.74,130.94
9266,2025-05-17,271,4,1,3,179.07,91.1,87.97
9267,2025-05-17,96,6,3,2,54.49,43.52,10.97
9268,2025-05-17,454,6,1,2,60.41,46.32,14.09
9269,2025-05-18,58,2,1,3,705.36,578.44,126.92
9270,2025-05-18,232,4,5,5,251.52,139.23,112.29
9271,2025-05-18,83,5,1,3,141.91,94.22,47.69
9272,2025-05-18,408,2,1,5,1409.22,1256.95,152.27
9273,2025-05-18,396,4,4,2,148.59,79.07,69.52
9274,2025-05-18,252,5,5,2,70.06,51.78,18.28
9275,2025-05-18,204,5,4,4,185.07,132.62,52.45
9276,2025-05-18,64,1,1,1,290.75,199.96,90.79
9277,2025-05-18,44,5,4,5,232.37,162.85,69.52
9278,2025-05-18,102,2,4,3,1042.2,920.34,121.86
9279,2025-05-18,210,3,3,3,181.66,135.41,46.25
9280,2025-05-18,394,4,3,5,253.52,129.93,123.59
9281,2025-05-19,258,4,3,3,136.5,81.44,55.06
9282,2025-05-19,9,6,2,5,160.73,126.76,33.97
9283,2025-05-19,282,1,1,5,1434.1,891.39,542.71
9284,2025-05-19,203,2,4,4,1364.84,1133.3,231.54
9285,2025-05-19,238,2,4,2,690.92,600.4,90.52
9286,2025-05-19,93,1,1,3,837.64,505.65,331.99
9287,2025-05-19,199,5,2,2,81.12,59.34,21.78
9288,2025-05-19,345,5,2,5,189.65,124.76,64.89
9289,2025-05-19,455,1,1,1,265.09,176.31,88.78
9290,2025-05-19,75,6,1,4,134.15,101.86,32.29
9291,2025-05-19,114,3,1,2,182.5,137.54,44.96
9292,2025-05-20,342,5,4,2,123.08,89.46,33.62
9293,2025-05-20,261,3,4,4,393.43,295.31,98.12
9294,2025-05-20,219,1,5,5,1037.51,690.57,346.94
9295,2025-05-20,453,1,1,2,602.39,419.86,182.53
9296,2025-05-20,162,5,3,4,124.41,81.61,42.8
9297,2025-05-20,346,5,2,3,132.09,96.63,35.46
9298,2025-05-20,493,6,1,2,56.18,43.34,12.84
9299,2025-05-20,478,1,5,5,1033.9,651.42,382.48
9300,2025-05-20,224,1,1,3,787.82,487.04,300.78
9301,2025-05-21,85,2,4,4,1500.44,1216.06,284.38
9302,2025-05-21,39,5,2,2,75.46,56.18,19.28
9303,2025-05-21,184,1,3,1,205.61,133.37,72.24
9304,2025-05-21,208,2,1,4,933.72,789.85,143.87
9305,2025-05-21,23,2,2,4,898.19,805.57,92.62
9306,2025-05-21,100,1,5,5,1097.21,681.34,415.87
9307,2025-05-21,208,3,1,3,256.15,192.37,63.78
9308,2025-05-21,464,6,5,4,118.81,99.07,19.74
9309,2025-05-21,159,1,1,2,520.73,343.66,177.07
9310,2025-05-21,393,5,4,4,215.98,147.5,68.48
9311,2025-05-21,149,6,2,2,67.86,54.7,13.16
9312,2025-05-22,481,1,4,3,862.98,556.98,306.0
9313,2025-05-22,209,2,2,4,965.53,821.67,143.86
9314,2025-05-22,56,3,2,3,273.89,195.53,78.36
9315,2025-05-22,160,5,1,3,130.69,95.96,34.73
9316,2025-05-22,467,4,5,2,116.24,67.99,48.25
9317,2025-05-22,356,6,3,2,52.54,40.42,12.12
9318,2025-05-22,82,2,1,4,944.04,811.84,132.2
9319,2025-05-22,90,6,5,3,91.53,75.92,15.61
9320,2025-05-22,113,3,2,5,429.92,305.86,124.06
9321,2025-05-22,459,5,1,1,37.31,27.14,10.17
9322,2025-05-22,435,3,4,2,193.53,142.29,51.24
9323,2025-05-23,259,2,1,1,287.03,244.12,42.91
9324,2025-05-23,216,4,3,1,43.35,24.0,19.35
9325,2025-05-23,213,3,2,4,300.18,218.64,81.54
9326,2025-05-23,350,4,2,1,60.65,33.7,26.95
9327,2025-05-23,342,2,4,4,1200.07,1072.58,127.49
9328,2025-05-23,235,5,1,1,47.09,33.44,13.65
9329,2025-05-23,144,6,1,1,29.68,24.6,5.08
9330,2025-05-23,264,3,2,5,371.05,296.57,74.48
9331,2025-05-23,335,4,4,4,279.17,165.18,113.99
9332,2025-05-23,450,4,1,2,125.3,65.36,59.94
9333,2025-05-23,153,6,4,4,159.85,132.25,27.6
9334,2025-05-23,49,5,1,4,175.6,126.54,49.06
9335,2025-05-23,423,1,5,3,740.73,500.91,239.82
9336,2025-05-23,386,6,4,5,198.85,166.89,31.96
9337,2025-05-24,146,2,3,5,1158.14,928.62,229.52
9338,2025-05-24,370,2,3,4,756.53,645.78,110.75
9339,2025-05-24,148,3,2,2,181.45,134.73,46.72
9340,2025-05-24,68,3,4,1,92.88,66.09,26.79
9341,2025-05-24,94,5,5,3,121.98,89.52,32.46
9342,2025-05-24,20,4,4,2,163.03,92.58,70.45
9343,2025-05-24,34,6,5,1,28.02,22.21,5.81
9344,2025-05-24,418,3,1,2,157.43,125.16,32.27
9345,2025-05-24,101,2,5,1,204.01,175.97,28.04
9346,2025-05-24,211,1,1,3,848.86,575.35,273.51
9347,2025-05-25,349,5,3,1,38.62,27.38,11.24
9348,2025-05-25,162,2,3,5,1131.27,956.96,174.31
9349,2025-05-25,220,4,5,2,100.45,59.83,40.62
9350,2025-05-25,31,5,1,2,81.29,58.59,22.7
9351,2025-05-25,143,5,4,5,253.66,180.55,73.11
9352,2025-05-25,240,2,1,5,1292.57,1072.35,220.22
9353,2025-05-25,129,4,2,4,206.47,104.86,101.61
9354,2025-05-25,163,2,1,1,301.2,266.07,35.13
9355,2025-05-25,290,6,2,1,27.61,21.77,5.84
9356,2025-05-25,28,6,2,4,133.93,109.86,24.07
9357,2025-05-25,431,4,3,2,106.97,61.53,45.44
9358,2025-05-25,279,3,4,4,482.75,378.27,104.48
9359,2025-05-26,289,2,1,2,486.95,419.88,67.07
9360,2025-05-26,30,5,2,5,196.92,138.53,58.39
9361,2025-05-26,8,1,2,2,494.82,324.01,170.81
9362,2025-05-26,34,1,5,2,419.18,285.26,133.92
9363,2025-05-26,454,1,1,5,1408.96,866.15,542.81
9364,2025-05-26,269,6,1,4,113.62,92.6,21.02
9365,2025-05-26,493,6,1,2,62.98,51.39,11.59
9366,2025-05-26,206,1,4,4,1158.0,706.6,451.4
9367,2025-05-26,336,5,1,5,179.32,131.58,47.74
9368,2025-05-27,273,6,1,3,105.96,89.85,16.11
9369,2025-05-27,293,5,3,3,95.53,64.03,31.5
9370,2025-05-27,24,4,1,4,262.95,152.81,110.14
9371,2025-05-27,483,4,4,5,451.33,267.5,183.83
9372,2025-05-27,192,3,2,3,248.87,196.29,52.58
9373,2025-05-27,94,6,5,1,25.37,19.46,5.91
9374,2025-05-27,116,3,1,4,364.44,274.85,89.59
9375,2025-05-27,9,1,2,2,566.2,367.87,198.33
9376,2025-05-27,40,6,4,1,39.65,32.11,7.54
9377,2025-05-27,217,2,2,3,745.36,667.12,78.24
9378,2025-05-27,472,1,4,3,879.83,540.67,339.16
9379,2025-05-27,358,4,3,3,174.61,97.8,76.81
9380,2025-05-27,255,2,5,2,539.3,455.3,84.0
9381,2025-05-28,102,5,4,4,213.39,142.7,70.69
9382,2025-05-28,147,6,3,2,49.87,41.29,8.58
9383,2025-05-28,89,2,1,1,240.47,193.22,47.25
9384,2025-05-28,110,4,4,3,249.06,128.58,120.48
9385,2025-05-28,111,5,4,2,104.47,71.4,33.07
9386,2025-05-28,13,3,3,3,186.98,147.56,39.42
9387,2025-05-28,482,5,3,3,94.64,63.64,31.0
9388,2025-05-28,484,1,5,4,997.97,615.93,382.04
9389,2025-05-28,224,2,1,4,932.22,752.07,180.15
9390,2025-05-28,165,4,4,5,449.8,225.98,223.82
9391,2025-05-28,258,6,3,5,138.95,105.72,33.23
9392,2025-05-28,311,5,3,3,95.79,70.07,25.72
9393,2025-05-28,373,4,1,4,262.01,131.16,130.85
9394,2025-05-28,286,4,1,4,266.07,144.82,121.25
9395,2025-05-28,263,1,5,5,1274.47,770.48,503.99
9396,2025-05-28,217,6,2,4,107.96,85.15,22.81
9397,2025-05-28,289,4,1,1,56.42,33.1,23.32
9398,2025-05-28,385,6,3,4,116.21,88.55,27.66
9399,2025-05-28,485,4,4,2,168.77,85.21,83.56
9400,2025-05-28,372,3,1,2,167.61,129.07,38.54
9401,2025-05-29,418,4,1,2,131.02,69.58,61.44
9402,2025-05-29,192,4,2,3,160.28,81.99,78.29
9403,2025-05-29,259,1,1,4,960.42,609.82,350.6
9404,2025-05-29,140,5,3,3,109.37,77.0,32.37
9405,2025-05-29,197,1,1,2,589.18,396.04,193.14
9406,2025-05-29,110,3,4,5,599.73,421.3,178.43
9407,2025-05-29,7,6,2,5,160.77,125.86,34.91
9408,2025-05-29,188,2,5,4,887.57,762.48,125.09
9409,2025-05-30,12,2,4,2,619.13,513.08,106.05
9410,2025-05-30,363,4,1,1,59.14,34.33,24.81
9411,2025-05-30,485,4,4,1,73.85,38.53,35.32
9412,2025-05-30,238,1,4,5,1460.94,941.4,519.54
9413,2025-05-30,45,1,1,3,780.09,481.62,298.47
9414,2025-05-30,477,5,4,3,182.64,135.47,47.17
9415,2025-05-30,380,4,2,5,326.67,164.91,161.76
9416,2025-05-30,244,1,3,2,412.41,271.83,140.58
9417,2025-05-31,438,6,3,2,51.13,42.31,8.82
9418,2025-05-31,147,5,3,3,89.36,61.17,28.19
9419,2025-05-31,457,3,4,5,605.54,458.66,146.88
9420,2025-05-31,172,5,3,2,73.96,51.08,22.88
9421,2025-05-31,94,5,5,2,65.37,46.2,19.17
9422,2025-05-31,171,5,4,2,113.75,77.37,36.38
9423,2025-05-31,61,3,1,1,73.47,52.74,20.73
9424,2025-05-31,288,1,4,4,1511.17,942.36,568.81
9425,2025-05-31,51,6,4,5,177.77,147.69,30.08
9426,2025-05-31,236,5,2,3,125.32,85.92,39.4
9427,2025-05-31,259,3,1,2,181.13,133.28,47.85
9428,2025-05-31,184,4,3,5,258.25,154.37,103.88
9429,2025-06-01,432,4,4,4,317.51,177.35,140.16
9430,2025-06-01,432,1,4,1,292.93,179.54,113.39
9431,2025-06-01,380,3,2,4,360.46,267.67,92.79
9432,2025-06-01,370,2,3,4,847.7,745.26,102.44
9433,2025-06-01,166,6,1,2,72.04,60.91,11.13
9434,2025-06-01,492,1,1,5,1142.05,705.89,436.16
9435,2025-06-02,54,6,2,2,64.8,52.6,12.2
9436,2025-06-02,230,6,4,2,88.31,68.27,20.04
9437,2025-06-02,88,6,4,5,218.65,179.41,39.24
9438,2025-06-02,123,4,2,5,273.22,151.34,121.88
9439,2025-06-02,368,4,1,3,198.03,100.77,97.26
9440,2025-06-02,6,2,2,2,548.47,474.35,74.12
9441,2025-06-02,236,6,2,2,56.23,44.95,11.28
9442,2025-06-02,31,4,1,2,141.21,79.71,61.5
9443,2025-06-02,234,5,2,5,206.1,134.18,71.92
9444,2025-06-02,376,6,4,3,110.02,83.11,26.91
9445,2025-06-02,55,6,4,1,43.81,36.08,7.73
9446,2025-06-02,420,6,5,3,74.25,62.25,12.0
9447,2025-06-02,63,6,2,5,167.5,130.88,36.62
9448,2025-06-02,444,4,2,4,207.36,115.6,91.76
9449,2025-06-02,49,3,1,3,289.11,211.5,77.61
9450,2025-06-03,36,3,1,2,178.17,133.85,44.32
9451,2025-06-03,94,5,5,1,41.01,29.92,11.09
9452,2025-06-03,170,4,1,4,252.53,133.75,118.78
9453,2025-06-03,153,2,4,2,699.37,579.39,119.98
9454,2025-06-03,275,1,3,4,743.75,479.1,264.65
9455,2025-06-03,261,3,4,4,419.52,309.49,110.03
9456,2025-06-03,276,3,4,3,307.06,244.93,62.13
9457,2025-06-03,378,2,1,4,1137.67,1022.29,115.38
9458,2025-06-03,269,6,1,1,28.61,21.92,6.69
9459,2025-06-03,485,1,4,4,1538.49,1064.01,474.48
9460,2025-06-03,224,6,1,2,68.12,55.96,12.16
9461,2025-06-04,324,5,1,2,74.04,50.77,23.27
9462,2025-06-04,204,1,4,1,345.49,223.75,121.74
9463,2025-06-04,273,5,1,3,143.48,93.66,49.82
9464,2025-06-04,440,1,4,5,1737.03,1186.99,550.04
9465,2025-06-04,466,4,2,5,301.26,164.8,136.46
9466,2025-06-04,197,5,1,5,197.47,140.91,56.56
9467,2025-06-04,145,5,2,1,36.01,24.08,11.93
9468,2025-06-04,202,3,3,4,300.16,236.2,63.96
9469,2025-06-04,429,5,4,5,253.43,175.12,78.31
9470,2025-06-04,367,6,5,1,31.3,24.89,6.41
9471,2025-06-05,318,6,3,3,81.98,67.65,14.33
9472,2025-06-05,134,3,3,3,213.01,153.81,59.2
9473,2025-06-05,305,1,4,4,1279.37,779.77,499.6
9474,2025-06-05,74,2,3,2,386.13,337.25,48.88
9475,2025-06-05,217,4,2,4,215.01,108.42,106.59
9476,2025-06-05,418,5,1,4,174.71,119.9,54.81
9477,2025-06-05,313,5,4,1,50.49,35.36,15.13
9478,2025-06-05,202,4,3,2,116.14,60.44,55.7
9479,2025-06-05,28,3,2,4,310.58,243.01,67.57
9480,2025-06-05,80,1,2,3,737.59,499.16,238.43
9481,2025-06-05,464,4,5,4,246.95,131.69,115.26
9482,2025-06-06,444,5,2,1,41.41,30.29,11.12
9483,2025-06-06,182,2,5,3,777.07,687.48,89.59
9484,2025-06-06,288,2,4,4,1469.31,1304.14,165.17
9485,2025-06-06,101,2,5,1,248.94,204.0,44.94
9486,2025-06-06,208,3,1,2,178.4,138.89,39.51
9487,2025-06-06,467,5,5,3,99.54,71.13,28.41
9488,2025-06-06,27,3,3,5,294.8,214.74,80.06
9489,2025-06-06,186,5,3,4,144.88,107.46,37.42
9490,2025-06-06,351,3,5,2,170.05,120.74,49.31
9491,2025-06-06,119,4,4,1,79.98,47.21,32.77
9492,2025-06-06,131,5,3,5,190.04,132.54,57.5
9493,2025-06-06,208,6,1,4,144.61,110.62,33.99
9494,2025-06-07,420,4,5,3,183.46,101.25,82.21
9495,2025-06-07,429,6,4,3,137.72,111.56,26.16
9496,2025-06-07,241,1,2,1,276.26,175.75,100.51
9497,2025-06-07,456,4,3,3,175.71,89.0,86.71
9498,2025-06-07,112,2,1,4,1015.83,890.6,125.23
9499,2025-06-07,248,3,4,4,409.19,306.77,102.42
9500,2025-06-07,442,4,3,2,109.55,60.11,49.44
9501,2025-06-07,478,3,5,5,334.86,246.64,88.22
9502,2025-06-07,76,2,1,3,679.58,561.96,117.62
9503,2025-06-07,171,4,4,1,81.53,45.74,35.79
9504,2025-06-07,109,1,4,4,1385.87,881.73,504.14
9505,2025-06-07,164,4,5,2,100.78,57.49,43.29
9506,2025-06-07,215,5,5,2,85.46,63.63,21.83
9507,2025-06-07,110,1,4,3,915.53,565.33,350.2
9508,2025-06-07,42,6,5,5,154.57,130.8,23.77
9509,2025-06-07,440,5,4,4,213.4,138.72,74.68
9510,2025-06-07,285,6,2,3,93.03,76.49,16.54
9511,2025-06-07,69,3,3,5,364.67,267.33,97.34
9512,2025-06-07,178,3,4,4,472.81,355.72,117.09
9513,2025-06-07,204,6,4,2,80.94,66.6,14.34
9514,2025-06-07,495,1,2,1,250.46,171.26,79.2
9515,2025-06-07,250,5,1,5,219.92,151.03,68.89
9516,2025-06-07,461,2,4,1,376.01,330.42,45.59
9517,2025-06-07,57,5,1,5,225.3,160.58,64.72
9518,2025-06-08,59,1,2,5,1410.77,879.11,531.66
9519,2025-06-08,410,2,2,5,1292.89,1075.09,217.8
9520,2025-06-08,284,5,2,5,220.83,147.86,72.97
9521,2025-06-08,179,4,2,3,185.08,104.91,80.17
9522,2025-06-08,99,3,5,2,131.8,97.14,34.66
9523,2025-06-08,313,3,4,5,459.92,354.05,105.87
9524,2025-06-08,174,6,5,4,125.14,104.38,20.76
9525,2025-06-08,403,4,4,2,142.97,83.55,59.42
9526,2025-06-08,197,1,1,1,286.31,174.25,112.06
9527,2025-06-08,475,5,1,4,170.63,127.06,43.57
9528,2025-06-08,79,5,1,4,151.85,110.35,41.5
9529,2025-06-08,165,1,4,5,1904.42,1169.69,734.73
9530,2025-06-08,275,2,3,4,853.3,692.28,161.02
9531,2025-06-08,90,6,5,4,102.03,85.68,16.35
9532,2025-06-08,431,5,3,2,74.03,49.71,24.32
9533,2025-06-08,249,6,2,3,79.02,64.91,14.11
9534,2025-06-08,470,4,4,5,464.18,275.82,188.36
9535,2025-06-08,175,3,4,3,360.11,256.66,103.45
9536,2025-06-08,349,6,3,4,114.86,96.13,18.73
9537,2025-06-08,12,3,4,5,557.39,411.13,146.26
9538,2025-06-08,257,3,5,3,203.76,145.66,58.1
9539,2025-06-08,487,6,2,1,34.41,27.03,7.38
9540,2025-06-09,65,6,1,3,92.2,72.15,20.05
9541,2025-06-09,296,5,4,1,49.48,32.28,17.2
9542,2025-06-09,53,2,2,1,242.68,204.69,37.99
9543,2025-06-09,162,5,3,4,142.46,93.47,48.99
9544,2025-06-09,292,3,3,1,64.71,51.56,13.15
9545,2025-06-09,4,2,1,1,283.07,230.96,52.11
9546,2025-06-09,286,2,1,3,887.57,773.23,114.34
9547,2025-06-09,14,1,2,3,669.11,424.42,244.69
9548,2025-06-09,492,3,1,1,79.82,56.16,23.66
9549,2025-06-09,58,4,1,4,268.59,142.54,126.05
9550,2025-06-10,239,3,2,5,452.8,351.42,101.38
9551,2025-06-10,304,2,4,3,930.06,810.5,119.56
9552,2025-06-10,447,5,3,4,135.39,94.62,40.77
9553,2025-06-10,47,1,4,4,1405.64,941.21,464.43
9554,2025-06-10,247,2,2,1,276.09,235.65,40.44
9555,2025-06-10,211,2,1,5,1305.77,1151.51,154.26
9556,2025-06-10,170,2,1,3,874.26,741.44,132.82
9557,2025-06-10,456,2,3,2,418.31,345.11,73.2
9558,2025-06-10,485,3,4,5,574.23,436.9,137.33
9559,2025-06-10,401,3,2,4,337.11,240.82,96.29
9560,2025-06-11,476,6,1,3,91.81,69.97,21.84
9561,2025-06-11,141,2,1,3,820.81,717.13,103.68
9562,2025-06-11,438,6,3,3,86.94,66.34,20.6
9563,2025-06-11,496,4,2,1,63.88,36.15,27.73
9564,2025-06-11,49,2,1,5,1433.62,1232.5,201.12
9565,2025-06-11,223,1,1,1,300.21,189.31,110.9
9566,2025-06-11,378,1,1,4,1151.77,800.91,350.86
9567,2025-06-11,321,1,3,5,1132.88,740.74,392.14
9568,2025-06-11,471,6,4,2,75.79,57.47,18.32
9569,2025-06-11,30,5,2,3,137.52,93.91,43.61
9570,2025-06-11,337,3,4,3,361.67,262.77,98.9
9571,2025-06-11,152,6,5,3,80.69,67.37,13.32
9572,2025-06-11,97,4,4,1,80.36,41.53,38.83
9573,2025-06-11,389,5,1,4,191.28,142.94,48.34
9574,2025-06-11,50,4,5,4,239.23,122.15,117.08
9575,2025-06-11,205,4,4,2,155.71,82.38,73.33
9576,2025-06-12,321,4,3,5,287.41,160.28,127.13
9577,2025-06-12,142,2,4,5,1620.53,1304.78,315.75
9578,2025-06-12,428,2,4,2,630.83,557.35,73.48
9579,2025-06-12,190,1,5,1,220.73,143.72,77.01
9580,2025-06-12,140,2,3,1,184.55,164.7,19.85
9581,2025-06-12,214,2,4,2,625.66,514.72,110.94
9582,2025-06-12,413,2,1,5,1341.49,1134.88,206.61
9583,2025-06-12,371,5,4,1,48.4,35.92,12.48
9584,2025-06-12,377,5,4,1,55.23,37.96,17.27
9585,2025-06-12,401,3,2,2,181.96,136.31,45.65
9586,2025-06-13,498,5,4,3,145.46,106.18,39.28
9587,2025-06-13,362,4,5,2,101.01,57.6,43.41
9588,2025-06-13,119,4,4,1,68.97,35.57,33.4
9589,2025-06-13,10,2,4,5,1868.62,1679.72,188.9
9590,2025-06-13,346,2,2,1,242.7,218.23,24.47
9591,2025-06-13,152,2,5,2,427.5,347.31,80.19
9592,2025-06-13,114,5,1,1,44.3,33.11,11.19
9593,2025-06-13,181,2,2,1,254.17,215.18,38.99
9594,2025-06-14,314,2,3,3,541.91,459.24,82.67
9595,2025-06-14,331,2,3,5,943.68,755.45,188.23
9596,2025-06-14,250,2,1,5,1298.25,1085.83,212.42
9597,2025-06-14,268,6,3,5,145.34,109.15,36.19
9598,2025-06-14,445,3,3,1,72.72,51.11,21.61
9599,2025-06-14,190,4,5,5,280.38,154.38,126.0
9600,2025-06-14,446,1,2,4,1034.92,649.57,385.35
9601,2025-06-14,376,6,4,2,69.7,55.32,14.38
9602,2025-06-14,401,2,2,4,1096.71,879.15,217.56
9603,2025-06-14,346,6,2,3,90.24,73.52,16.72
9604,2025-06-14,271,4,1,2,135.56,76.81,58.75
9605,2025-06-14,159,6,1,3,89.61,73.54,16.07
9606,2025-06-14,330,6,2,4,110.51,88.38,22.13
9607,2025-06-14,431,1,3,4,794.84,525.84,269.0
9608,2025-06-14,268,4,3,4,207.96,120.93,87.03
9609,2025-06-14,83,5,1,4,163.99,118.04,45.95
9610,2025-06-15,270,4,1,1,67.88,39.28,28.6
9611,2025-06-15,406,3,2,4,280.58,198.37,82.21
9612,2025-06-15,347,2,1,1,265.02,212.47,52.55
9613,2025-06-15,156,5,4,5,278.19,202.5,75.69
9614,2025-06-15,317,2,2,5,1124.05,940.54,183.51
9615,2025-06-15,439,2,4,5,1510.45,1285.84,224.61
9616,2025-06-15,134,2,3,3,576.81,486.17,90.64
9617,2025-06-15,354,1,2,2,468.8,285.99,182.81
9618,2025-06-15,55,4,4,3,240.74,126.06,114.68
9619,2025-06-15,465,2,1,3,701.45,575.71,125.74
9620,2025-06-15,109,6,4,3,139.45,105.31,34.14
9621,2025-06-16,454,5,1,4,182.07,127.0,55.07
9622,2025-06-16,471,5,4,5,241.59,159.67,81.92
9623,2025-06-16,190,5,5,3,120.14,85.7,34.44
9624,2025-06-16,329,5,3,2,61.32,42.27,19.05
9625,2025-06-16,480,2,3,4,833.56,734.8,98.76
9626,2025-06-16,183,1,1,3,709.33,461.75,247.58
9627,2025-06-16,174,3,5,4,349.29,274.31,74.98
9628,2025-06-17,144,2,1,4,1059.38,853.53,205.85
9629,2025-06-17,277,6,5,3,82.31,62.71,19.6
9630,2025-06-17,212,6,3,4,98.74,76.9,21.84
9631,2025-06-17,153,5,4,5,289.92,216.83,73.09
9632,2025-06-17,481,2,4,1,292.01,251.88,40.13
9633,2025-06-17,104,1,4,5,1705.87,1111.95,593.92
9634,2025-06-17,290,3,2,1,80.96,62.0,18.96
9635,2025-06-17,28,1,2,5,1146.57,748.54,398.03
9636,2025-06-17,158,4,3,2,90.65,50.78,39.87
9637,2025-06-17,91,1,5,1,250.85,161.17,89.68
9638,2025-06-17,250,2,1,1,275.99,247.7,28.29
9639,2025-06-17,47,6,4,2,77.27,59.17,18.1
9640,2025-06-17,473,3,4,5,580.13,440.12,140.01
9641,2025-06-17,497,2,4,5,1721.0,1411.55,309.45
9642,2025-06-18,414,4,4,5,421.93,235.96,185.97
9643,2025-06-18,72,5,4,2,99.81,72.71,27.1
9644,2025-06-18,185,6,1,3,87.55,73.84,13.71
9645,2025-06-18,233,1,1,4,1191.43,715.61,475.82
9646,2025-06-18,373,1,1,1,249.87,161.08,88.79
9647,2025-06-18,121,1,4,4,1351.87,867.59,484.28
9648,2025-06-18,311,4,3,1,49.13,26.37,22.76
9649,2025-06-18,153,2,4,4,1319.31,1124.51,194.8
9650,2025-06-18,186,6,3,4,113.91,92.64,21.27
9651,2025-06-18,222,6,4,5,224.03,171.36,52.67
9652,2025-06-18,140,2,3,1,231.93,191.23,40.7
9653,2025-06-18,302,1,2,5,1258.03,856.49,401.54
9654,2025-06-18,496,4,2,1,52.29,31.09,21.2
9655,2025-06-18,300,1,3,4,752.97,503.98,248.99
9656,2025-06-19,335,6,4,4,140.8,118.04,22.76
9657,2025-06-19,402,2,5,3,762.08,643.89,118.19
9658,2025-06-19,4,6,1,1,29.74,23.56,6.18
9659,2025-06-19,176,2,4,2,753.3,611.97,141.33
9660,2025-06-19,214,6,4,4,139.15,113.15,26.0
9661,2025-06-19,256,4,1,5,298.99,152.16,146.83
9662,2025-06-19,424,5,1,4,190.91,125.3,65.61
9663,2025-06-19,418,4,1,5,335.93,195.51,140.42
9664,2025-06-19,211,1,1,1,256.44,165.99,90.45
9665,2025-06-19,300,5,3,1,29.09,20.21,8.88
9666,2025-06-19,381,2,2,4,912.17,760.49,151.68
9667,2025-06-19,330,5,2,3,117.99,78.49,39.5
9668,2025-06-19,226,2,2,2,488.8,393.1,95.7
9669,2025-06-19,108,5,4,1,50.02,36.06,13.96
9670,2025-06-20,447,5,3,4,150.88,109.29,41.59
9671,2025-06-20,81,4,5,2,113.36,66.66,46.7
9672,2025-06-20,426,5,3,3,113.43,74.89,38.54
9673,2025-06-20,169,1,5,5,1029.57,672.07,357.5
9674,2025-06-20,232,4,5,4,237.87,135.47,102.4
9675,2025-06-20,175,6,4,5,177.05,137.45,39.6
9676,2025-06-20,443,5,5,1,37.53,25.51,12.02
9677,2025-06-20,490,6,2,2,61.52,49.77,11.75
9678,2025-06-20,359,4,1,3,208.93,109.68,99.25
9679,2025-06-20,90,1,5,2,444.53,280.29,164.24
9680,2025-06-20,47,5,4,5,291.68,192.48,99.2
9681,2025-06-20,337,4,4,3,216.67,118.98,97.69
9682,2025-06-20,270,1,1,3,720.34,435.39,284.95
9683,2025-06-20,429,4,4,5,418.95,225.86,193.09
9684,2025-06-20,177,5,5,2,74.31,49.28,25.03
9685,2025-06-20,260,1,2,5,1373.04,948.66,424.38
9686,2025-06-21,398,5,3,3,108.25,80.51,27.74
9687,2025-06-21,97,4,4,4,309.14,165.12,144.02
9688,2025-06-21,12,3,4,2,214.88,171.11,43.77
9689,2025-06-21,19,1,1,3,676.59,429.72,246.87
9690,2025-06-21,306,4,5,1,60.3,30.78,29.52
9691,2025-06-21,157,4,3,2,113.29,58.15,55.14
9692,2025-06-21,197,1,1,3,791.75,542.67,249.08
9693,2025-06-21,201,6,2,2,55.46,46.68,8.78
9694,2025-06-21,499,6,1,2,72.33,61.48,10.85
9695,2025-06-21,416,6,4,1,39.68,30.87,8.81
9696,2025-06-21,115,2,2,2,556.22,455.05,101.17
9697,2025-06-21,189,2,1,5,1380.82,1137.93,242.89
9698,2025-06-21,491,5,3,3,101.08,70.14,30.94
9699,2025-06-21,428,2,4,1,299.74,241.39,58.35
9700,2025-06-21,377,2,4,4,1474.3,1276.01,198.29
9701,2025-06-21,185,2,1,2,486.14,399.99,86.15
9702,2025-06-21,468,3,4,4,478.03,350.82,127.21
9703,2025-06-22,241,4,2,1,51.64,28.59,23.05
9704,2025-06-22,264,2,2,3,701.11,561.46,139.65
9705,2025-06-22,36,4,1,4,252.67,129.7,122.97
9706,2025-06-22,89,4,1,3,173.71,89.41,84.3
9707,2025-06-22,272,5,1,2,76.82,53.81,23.01
9708,2025-06-22,111,2,4,2,691.79,555.75,136.04
9709,2025-06-22,123,5,2,5,228.74,156.56,72.18
9710,2025-06-22,159,4,1,3,205.63,116.54,89.09
9711,2025-06-22,69,3,3,3,203.44,153.04,50.4
9712,2025-06-22,462,6,2,3,81.47,66.52,14.95
9713,2025-06-22,494,3,3,4,260.59,196.14,64.45
9714,2025-06-22,411,4,3,3,144.62,76.26,68.36
9715,2025-06-22,247,5,2,1,39.7,27.76,11.94
9716,2025-06-22,394,6,3,5,136.11,110.91,25.2
9717,2025-06-22,34,4,5,5,307.7,162.69,145.01
9718,2025-06-22,229,5,2,1,45.21,32.73,12.48
9719,2025-06-22,322,2,4,5,1788.86,1498.14,290.72
9720,2025-06-23,262,4,3,1,52.13,28.58,23.55
9721,2025-06-23,62,4,5,3,192.07,115.13,76.94
9722,2025-06-23,433,1,1,3,743.25,517.07,226.18
9723,2025-06-23,81,6,5,2,61.21,50.4,10.81
9724,2025-06-23,396,3,4,4,378.79,270.87,107.92
9725,2025-06-23,427,1,4,3,877.44,612.67,264.77
9726,2025-06-23,231,1,5,5,1202.31,782.63,419.68
9727,2025-06-23,77,2,2,5,1313.29,1066.5,246.79
9728,2025-06-23,413,1,1,4,996.01,604.22,391.79
9729,2025-06-23,403,2,4,3,861.54,710.97,150.57
9730,2025-06-23,342,5,4,4,203.36,136.5,66.86
9731,2025-06-23,40,1,4,4,1171.22,715.51,455.71
9732,2025-06-23,376,5,4,4,245.68,159.92,85.76
9733,2025-06-23,107,6,4,2,82.38,68.04,14.34
9734,2025-06-24,451,5,4,1,52.24,38.98,13.26
9735,2025-06-24,383,1,4,3,1042.89,702.44,340.45
9736,2025-06-24,324,1,1,5,1504.55,937.63,566.92
9737,2025-06-24,272,3,1,4,330.66,245.86,84.8
9738,2025-06-24,24,3,1,3,280.25,212.51,67.74
9739,2025-06-24,148,2,2,3,731.05,649.77,81.28
9740,2025-06-24,161,2,4,3,1052.5,865.18,187.32
9741,2025-06-24,110,2,4,1,322.67,270.49,52.18
9742,2025-06-24,204,2,4,4,1268.18,1124.15,144.03
9743,2025-06-24,133,6,3,5,142.04,113.39,28.65
9744,2025-06-24,354,3,2,3,223.66,166.97,56.69
9745,2025-06-24,143,6,4,1,41.25,33.53,7.72
9746,2025-06-25,203,5,4,3,144.42,104.15,40.27
9747,2025-06-25,406,4,2,2,137.21,70.07,67.14
9748,2025-06-25,148,4,2,1,52.5,31.15,21.35
9749,2025-06-25,117,4,4,3,217.59,130.09,87.5
9750,2025-06-25,343,3,1,4,307.35,238.47,68.88
9751,2025-06-25,23,5,2,1,38.21,25.81,12.4
9752,2025-06-25,190,4,5,5,277.93,149.98,127.95
9753,2025-06-25,112,6,1,3,90.11,76.24,13.87
9754,2025-06-25,428,1,4,1,358.01,220.65,137.36
9755,2025-06-25,6,6,2,1,29.24,23.72,5.52
9756,2025-06-25,300,2,3,1,237.11,211.94,25.17
9757,2025-06-25,231,1,5,3,754.59,523.16,231.43
9758,2025-06-25,392,4,2,3,173.03,88.82,84.21
9759,2025-06-26,441,2,1,5,1149.03,994.46,154.57
9760,2025-06-26,499,2,1,5,1157.24,1027.83,129.41
9761,2025-06-26,93,5,1,3,113.68,78.04,35.64
9762,2025-06-26,211,3,1,5,479.88,370.88,109.0
9763,2025-06-26,337,6,4,2,75.62,59.3,16.32
9764,2025-06-26,439,5,4,5,278.59,203.78,74.81
9765,2025-06-26,486,6,3,2,43.64,36.55,7.09
9766,2025-06-26,440,5,4,5,274.32,185.15,89.17
9767,2025-06-26,298,3,1,5,444.9,338.48,106.42
9768,2025-06-26,359,4,1,3,209.88,109.48,100.4
9769,2025-06-26,134,6,3,1,24.74,20.16,4.58
9770,2025-06-26,76,1,1,3,805.42,550.8,254.62
9771,2025-06-26,119,4,4,2,177.83,90.51,87.32
9772,2025-06-27,416,5,4,3,168.23,112.19,56.04
9773,2025-06-27,113,5,2,3,118.49,87.23,31.26
9774,2025-06-27,396,2,4,3,1023.26,890.25,133.01
9775,2025-06-27,223,4,1,3,204.99,106.7,98.29
9776,2025-06-27,178,5,4,5,285.99,205.44,80.55
9777,2025-06-27,381,6,2,4,134.35,108.5,25.85
9778,2025-06-27,63,4,2,1,68.5,39.04,29.46
9779,2025-06-27,435,2,4,3,941.65,832.47,109.18
9780,2025-06-27,127,6,5,1,30.38,22.94,7.44
9781,2025-06-27,311,6,3,4,112.04,94.87,17.17
9782,2025-06-28,247,4,2,5,261.11,133.98,127.13
9783,2025-06-28,298,3,1,5,366.28,289.03,77.25
9784,2025-06-28,64,6,1,1,31.8,26.94,4.86
9785,2025-06-28,368,1,1,4,976.87,592.15,384.72
9786,2025-06-28,342,4,4,1,74.35,43.11,31.24
9787,2025-06-28,80,3,2,2,179.09,137.89,41.2
9788,2025-06-28,414,4,4,5,419.85,229.69,190.16
9789,2025-06-28,152,5,5,1,41.81,29.09,12.72
9790,2025-06-28,492,4,1,2,137.8,76.01,61.79
9791,2025-06-28,195,2,2,3,731.57,643.98,87.59
9792,2025-06-28,258,3,3,5,353.47,269.87,83.6
9793,2025-06-28,339,2,5,2,505.51,422.85,82.66
9794,2025-06-28,113,5,2,5,177.15,116.33,60.82
9795,2025-06-28,473,3,4,5,606.02,434.18,171.84
9796,2025-06-28,289,4,1,5,353.45,192.2,161.25
9797,2025-06-28,385,2,3,1,193.93,158.37,35.56
9798,2025-06-28,372,4,1,3,199.45,101.89,97.56
9799,2025-06-28,420,3,5,2,167.64,131.55,36.09
9800,2025-06-28,215,2,5,4,841.49,730.2,111.29
9801,2025-06-28,58,1,1,5,1288.16,773.7,514.46
9802,2025-06-29,8,2,2,3,662.0,534.72,127.28
9803,2025-06-29,354,2,2,1,258.57,222.86,35.71
9804,2025-06-29,176,5,4,5,237.11,156.63,80.48
9805,2025-06-29,193,6,4,4,179.09,148.03,31.06
9806,2025-06-29,89,4,1,4,289.27,151.98,137.29
9807,2025-06-29,462,5,2,1,37.87,26.68,11.19
9808,2025-06-29,175,5,4,1,56.21,39.4,16.81
9809,2025-06-29,337,1,4,5,1612.56,987.97,624.59
9810,2025-06-29,165,3,4,1,109.13,82.42,26.71
9811,2025-06-29,4,5,1,5,232.6,168.89,63.71
9812,2025-06-29,234,1,2,3,757.58,497.54,260.04
9813,2025-06-30,442,5,3,3,104.75,76.15,28.6
9814,2025-06-30,71,4,2,3,165.68,99.16,66.52
9815,2025-06-30,375,2,4,5,1573.25,1368.04,205.21
9816,2025-06-30,237,3,1,5,412.63,289.4,123.23
9817,2025-06-30,296,6,4,5,203.86,164.49,39.37
9818,2025-06-30,340,4,3,3,135.36,75.54,59.82
9819,2025-06-30,90,5,5,2,68.16,50.7,17.46
9820,2025-07-01,245,5,1,5,237.39,155.73,81.66
9821,2025-07-01,104,2,4,3,1119.13,921.52,197.61
9822,2025-07-01,200,2,2,2,568.11,469.49,98.62
9823,2025-07-01,307,6,4,3,110.19,89.67,20.52
9824,2025-07-01,198,3,2,2,176.05,129.91,46.14
9825,2025-07-01,463,1,5,5,1029.86,674.65,355.21
9826,2025-07-01,9,6,2,5,143.04,113.88,29.16
9827,2025-07-01,399,6,3,3,78.99,64.26,14.73
9828,2025-07-01,439,4,4,4,361.49,189.12,172.37
9829,2025-07-02,265,2,4,3,877.9,769.29,108.61
9830,2025-07-02,51,3,4,1,104.65,81.45,23.2
9831,2025-07-02,384,3,1,5,478.77,369.99,108.78
9832,2025-07-02,7,6,2,5,132.04,109.93,22.11
9833,2025-07-02,488,1,3,5,1116.0,698.34,417.66
9834,2025-07-02,331,5,3,4,148.55,103.41,45.14
9835,2025-07-02,165,5,4,1,61.25,43.52,17.73
9836,2025-07-02,263,6,5,4,125.18,105.29,19.89
9837,2025-07-02,498,2,4,3,1078.01,873.29,204.72
9838,2025-07-02,353,3,2,5,351.4,247.82,103.58
9839,2025-07-02,428,6,4,3,132.62,107.92,24.7
9840,2025-07-02,500,4,5,1,49.04,26.21,22.83
9841,2025-07-02,96,6,3,1,23.9,20.27,3.63
9842,2025-07-02,24,2,1,3,897.37,757.49,139.88
9843,2025-07-02,128,4,1,4,249.21,143.48,105.73
9844,2025-07-02,10,6,4,2,70.91,57.83,13.08
9845,2025-07-03,104,6,4,2,82.95,69.35,13.6
9846,2025-07-03,307,2,4,3,1088.52,920.86,167.66
9847,2025-07-03,437,6,4,5,223.39,187.56,35.83
9848,2025-07-03,479,6,2,1,27.58,21.27,6.31
9849,2025-07-03,184,2,3,5,1195.49,993.81,201.68
9850,2025-07-03,118,5,2,2,90.28,66.68,23.6
9851,2025-07-03,182,5,5,2,83.75,58.12,25.63
9852,2025-07-03,308,1,5,3,634.21,409.46,224.75
9853,2025-07-03,321,3,3,2,141.38,108.44,32.94
9854,2025-07-03,91,2,5,4,974.57,875.67,98.9
9855,2025-07-03,63,4,2,5,297.02,151.22,145.8
9856,2025-07-03,394,4,3,4,188.33,102.13,86.2
9857,2025-07-03,56,4,2,5,344.27,193.7,150.57
9858,2025-07-03,381,4,2,4,231.28,116.21,115.07
9859,2025-07-03,483,3,4,2,209.22,161.49,47.73
9860,2025-07-03,241,2,2,5,1208.88,982.84,226.04
9861,2025-07-03,253,1,2,4,942.38,641.0,301.38
9862,2025-07-03,301,2,3,5,952.02,833.06,118.96
9863,2025-07-04,55,4,4,5,419.91,221.2,198.71
9864,2025-07-04,146,6,3,1,23.9,19.43,4.47
9865,2025-07-04,296,1,4,5,1796.77,1154.24,642.53
9866,2025-07-04,74,5,3,4,153.97,100.88,53.09
9867,2025-07-04,127,1,5,3,662.35,457.0,205.35
9868,2025-07-04,184,4,3,4,212.84,116.38,96.46
9869,2025-07-04,268,2,3,3,569.54,484.88,84.66
9870,2025-07-04,497,2,4,4,1228.48,1094.03,134.45
9871,2025-07-04,389,4,1,2,137.2,79.51,57.69
9872,2025-07-04,377,2,4,2,631.3,565.98,65.32
9873,2025-07-04,399,1,3,1,180.76,115.49,65.27
9874,2025-07-04,91,2,5,1,262.52,231.39,31.13
9875,2025-07-04,68,5,4,1,57.91,41.4,16.51
9876,2025-07-05,87,3,3,4,289.15,230.98,58.17
9877,2025-07-05,232,5,5,1,33.12,24.01,9.11
9878,2025-07-05,320,2,4,4,1528.83,1285.32,243.51
9879,2025-07-05,59,1,2,2,512.49,317.34,195.15
9880,2025-07-05,106,1,1,2,483.47,295.98,187.49
9881,2025-07-05,184,3,3,5,295.0,218.12,76.88
9882,2025-07-05,185,4,1,4,229.13,135.48,93.65
9883,2025-07-05,336,1,1,2,446.82,268.82,178.0
9884,2025-07-05,449,5,3,1,37.58,25.4,12.18
9885,2025-07-05,200,3,2,5,401.08,313.48,87.6
9886,2025-07-05,47,5,4,2,93.26,64.25,29.01
9887,2025-07-05,14,1,2,2,490.14,319.88,170.26
9888,2025-07-06,188,1,5,2,404.48,256.83,147.65
9889,2025-07-06,449,3,3,2,126.05,89.27,36.78
9890,2025-07-06,355,3,1,5,422.29,333.09,89.2
9891,2025-07-06,487,2,2,1,226.02,186.59,39.43
9892,2025-07-06,448,1,3,4,768.41,528.26,240.15
9893,2025-07-06,150,3,1,4,339.62,250.65,88.97
9894,2025-07-06,293,6,3,4,95.24,79.35,15.89
9895,2025-07-06,296,3,4,3,338.19,251.21,86.98
9896,2025-07-06,377,6,4,3,125.77,105.85,19.92
9897,2025-07-07,464,2,5,4,838.93,674.79,164.14
9898,2025-07-07,77,4,2,2,123.65,70.97,52.68
9899,2025-07-07,239,6,2,4,129.32,106.23,23.09
9900,2025-07-07,447,5,3,2,58.0,40.11,17.89
9901,2025-07-07,249,1,2,1,256.24,163.91,92.33
9902,2025-07-07,111,4,4,4,338.05,172.36,165.69
9903,2025-07-07,420,5,5,5,198.93,133.3,65.63
9904,2025-07-07,284,6,2,3,103.18,82.35,20.83
9905,2025-07-07,304,2,4,3,888.69,777.22,111.47
9906,2025-07-08,266,6,2,5,144.08,108.25,35.83
9907,2025-07-08,280,6,4,1,34.98,28.92,6.06
9908,2025-07-08,46,3,2,2,139.65,100.51,39.14
9909,2025-07-08,316,3,5,5,428.89,325.32,103.57
9910,2025-07-08,372,4,1,1,72.37,36.43,35.94
9911,2025-07-08,46,6,2,1,32.0,26.83,5.17
9912,2025-07-09,79,4,1,2,132.53,71.49,61.04
9913,2025-07-09,489,3,2,3,258.34,201.25,57.09
9914,2025-07-09,139,4,5,1,52.5,27.73,24.77
9915,2025-07-09,250,5,1,4,161.2,115.9,45.3
9916,2025-07-09,410,1,2,1,228.78,145.73,83.05
9917,2025-07-09,420,2,5,4,843.64,728.97,114.67
9918,2025-07-09,383,3,4,4,409.09,312.72,96.37
9919,2025-07-09,49,1,1,5,1165.87,720.21,445.66
9920,2025-07-09,387,5,1,3,126.8,89.12,37.68
9921,2025-07-09,194,3,3,3,207.26,158.08,49.18
9922,2025-07-10,349,5,3,1,35.8,24.8,11.0
9923,2025-07-10,352,3,1,4,297.93,231.54,66.39
9924,2025-07-10,361,4,1,1,67.46,38.96,28.5
9925,2025-07-10,25,3,5,2,173.03,131.81,41.22
9926,2025-07-10,61,5,1,4,166.89,111.52,55.37
9927,2025-07-10,337,4,4,4,334.81,195.36,139.45
9928,2025-07-10,4,6,1,5,166.13,130.38,35.75
9929,2025-07-10,108,4,4,5,384.81,195.5,189.31
9930,2025-07-10,393,4,4,3,277.24,166.15,111.09
9931,2025-07-10,235,5,1,2,82.29,55.33,26.96
9932,2025-07-10,156,6,4,5,200.64,159.05,41.59
9933,2025-07-10,76,5,1,5,206.49,140.93,65.56
9934,2025-07-10,45,2,1,1,249.86,209.34,40.52
9935,2025-07-11,180,1,1,3,714.76,462.8,251.96
9936,2025-07-11,175,5,4,5,232.34,151.61,80.73
9937,2025-07-11,404,2,1,3,773.02,619.74,153.28
9938,2025-07-11,111,6,4,1,46.37,37.42,8.95
9939,2025-07-11,247,1,2,2,560.8,391.99,168.81
9940,2025-07-11,26,3,1,3,273.3,196.54,76.76
9941,2025-07-11,85,4,4,5,374.9,221.72,153.18
9942,2025-07-11,45,2,1,4,895.15,756.42,138.73
9943,2025-07-11,59,2,2,2,502.32,428.31,74.01
9944,2025-07-11,195,3,2,4,350.2,276.1,74.1
9945,2025-07-11,30,4,2,1,53.29,31.58,21.71
9946,2025-07-11,185,2,1,3,691.74,577.19,114.55
9947,2025-07-12,295,6,2,3,80.01,67.18,12.83
9948,2025-07-12,371,3,4,5,534.0,402.11,131.89
9949,2025-07-12,232,3,5,3,247.01,193.83,53.18
9950,2025-07-12,424,1,1,4,1190.9,783.09,407.81
9951,2025-07-12,116,3,1,3,246.86,196.91,49.95
9952,2025-07-12,312,1,1,3,828.67,565.06,263.61
9953,2025-07-12,430,6,3,2,48.36,36.7,11.66
9954,2025-07-12,137,3,2,2,164.98,117.97,47.01
9955,2025-07-12,312,2,1,2,530.47,436.18,94.29
9956,2025-07-12,1,4,4,2,148.59,81.07,67.52
9957,2025-07-12,277,3,5,3,256.37,196.93,59.44
9958,2025-07-12,215,2,5,3,683.97,583.05,100.92
9959,2025-07-12,418,3,1,2,149.8,110.07,39.73
9960,2025-07-12,214,5,4,5,234.28,162.39,71.89
9961,2025-07-12,368,1,1,4,1183.3,718.5,464.8
9962,2025-07-13,474,6,4,5,223.95,175.07,48.88
9963,2025-07-13,429,5,4,5,248.73,174.19,74.54
9964,2025-07-13,345,1,2,5,1303.37,790.44,512.93
9965,2025-07-13,453,6,1,3,90.69,70.91,19.78
9966,2025-07-13,281,5,2,5,220.87,156.53,64.34
9967,2025-07-13,268,6,3,2,57.03,45.93,11.1
9968,2025-07-13,218,4,1,3,174.93,100.19,74.74
9969,2025-07-13,315,6,3,4,100.24,82.59,17.65
9970,2025-07-13,395,4,3,2,115.66,58.2,57.46
9971,2025-07-13,371,4,4,1,88.5,49.5,39.0
9972,2025-07-13,361,2,1,5,1430.52,1145.16,285.36
9973,2025-07-13,25,6,5,3,84.56,63.46,21.1
9974,2025-07-13,209,2,2,2,562.34,478.96,83.38
9975,2025-07-13,139,4,5,2,97.21,54.48,42.73
9976,2025-07-13,219,4,5,5,288.06,163.91,124.15
9977,2025-07-14,65,6,1,1,27.46,20.85,6.61
9978,2025-07-14,153,3,4,1,94.25,66.86,27.39
9979,2025-07-14,330,1,2,5,1309.18,907.59,401.59
9980,2025-07-14,332,2,3,3,617.19,549.23,67.96
9981,2025-07-14,150,5,1,1,47.37,33.29,14.08
9982,2025-07-14,312,3,1,1,82.2,57.59,24.61
9983,2025-07-14,284,5,2,4,141.8,100.33,41.47
9984,2025-07-14,111,4,4,1,76.88,43.57,33.31
9985,2025-07-14,319,5,4,5,300.06,199.27,100.79
9986,2025-07-14,455,3,1,2,163.17,115.57,47.6
9987,2025-07-15,447,2,3,1,189.79,155.21,34.58
9988,2025-07-15,176,2,4,2,731.8,640.39,91.41
9989,2025-07-15,95,4,3,1,55.82,29.77,26.05
9990,2025-07-15,26,6,1,2,70.93,58.63,12.3
9991,2025-07-15,434,5,5,2,83.01,57.89,25.12
9992,2025-07-15,37,5,2,5,223.98,152.41,71.57
9993,2025-07-15,288,5,4,1,47.85,34.27,13.58
9994,2025-07-15,449,4,3,2,115.09,59.92,55.17
9995,2025-07-15,154,4,2,1,60.56,32.69,27.87
9996,2025-07-15,499,2,1,1,298.28,252.69,45.59
9997,2025-07-16,121,2,4,2,648.49,523.54,124.95
9998,2025-07-16,70,2,4,5,1651.75,1413.35,238.4
9999,2025-07-16,286,1,1,2,582.96,386.25,196.71
10000,2025-07-16,105,4,3,3,149.03,74.54,74.49
10001,2025-07-16,121,3,4,4,418.28,320.32,97.96
10002,2025-07-16,336,5,1,4,189.22,132.48,56.74
10003,2025-07-16,226,2,2,3,659.59,560.27,99.32
10004,2025-07-16,169,4,5,3,188.3,110.26,78.04
10005,2025-07-16,249,2,2,1,237.68,207.36,30.32
10006,2025-07-16,461,5,4,1,61.07,44.0,17.07
10007,2025-07-16,378,2,1,3,697.21,571.7,125.51
10008,2025-07-16,343,2,1,3,704.01,630.65,73.36
10009,2025-07-16,164,3,5,1,85.36,63.84,21.52
10010,2025-07-16,465,6,1,4,111.9,87.59,24.31
10011,2025-07-16,163,5,1,3,111.08,80.42,30.66
10012,2025-07-16,497,6,4,4,157.24,128.85,28.39
10013,2025-07-17,83,5,1,1,37.81,25.42,12.39
10014,2025-07-17,122,2,2,3,852.36,762.4,89.96
10015,2025-07-17,116,3,1,2,151.91,117.09,34.82
10016,2025-07-17,54,6,2,4,109.64,91.3,18.34
10017,2025-07-17,421,6,5,2,57.62,44.25,13.37
10018,2025-07-17,391,2,3,3,662.73,535.8,126.93
10019,2025-07-17,375,4,4,3,228.78,125.57,103.21
10020,2025-07-17,472,3,4,2,215.03,167.87,47.16
10021,2025-07-17,81,5,5,2,72.91,54.28,18.63
10022,2025-07-17,89,6,1,1,28.0,23.23,4.77
10023,2025-07-17,499,3,1,1,92.48,67.47,25.01
10024,2025-07-17,484,2,5,4,906.39,791.67,114.72
10025,2025-07-17,266,5,2,3,129.42,92.73,36.69
10026,2025-07-18,319,6,4,2,82.38,67.16,15.22
10027,2025-07-18,63,3,2,3,225.28,178.76,46.52
10028,2025-07-18,428,5,4,4,237.06,165.39,71.67
10029,2025-07-18,385,2,3,1,195.76,171.92,23.84
10030,2025-07-18,222,3,4,3,289.52,214.27,75.25
10031,2025-07-18,110,2,4,1,367.4,299.79,67.61
10032,2025-07-18,484,4,5,5,274.18,149.15,125.03
10033,2025-07-18,240,3,1,4,354.95,261.8,93.15
10034,2025-07-18,243,6,2,3,83.42,64.68,18.74
10035,2025-07-19,249,5,2,2,83.46,57.56,25.9
10036,2025-07-19,199,5,2,4,166.11,117.58,48.53
10037,2025-07-19,163,6,1,4,125.15,100.64,24.51
10038,2025-07-19,191,4,3,2,110.44,60.42,50.02
10039,2025-07-19,230,6,4,4,163.58,136.85,26.73
10040,2025-07-19,81,5,5,1,37.01,26.99,10.02
10041,2025-07-19,398,5,3,2,60.74,43.09,17.65
10042,2025-07-19,276,2,4,3,882.61,763.05,119.56
10043,2025-07-19,226,1,2,1,258.47,158.59,99.88
10044,2025-07-19,276,3,4,5,515.59,411.63,103.96
10045,2025-07-19,478,6,5,1,25.27,21.47,3.8
10046,2025-07-19,294,2,4,3,1010.19,902.45,107.74
10047,2025-07-19,40,2,4,1,384.69,326.68,58.01
10048,2025-07-20,384,6,1,1,28.13,21.13,7.0
10049,2025-07-20,437,1,4,5,1926.44,1287.82,638.62
10050,2025-07-20,466,6,2,4,120.95,94.56,26.39
10051,2025-07-20,332,1,3,2,461.15,312.01,149.14
10052,2025-07-20,99,6,5,2,61.01,46.56,14.45
10053,2025-07-20,158,1,3,2,421.26,261.38,159.88
10054,2025-07-20,347,5,1,3,110.43,77.87,32.56
10055,2025-07-20,304,6,4,2,69.13,54.22,14.91
10056,2025-07-20,176,1,4,5,1574.8,1093.44,481.36
10057,2025-07-20,45,6,1,4,130.34,107.0,23.34
10058,2025-07-20,325,1,1,1,266.15,165.93,100.22
10059,2025-07-20,54,6,2,5,160.04,123.06,36.98
10060,2025-07-20,19,4,1,5,324.7,172.7,152.0
10061,2025-07-20,236,2,2,4,995.84,831.01,164.83
10062,2025-07-21,89,3,1,4,383.8,304.18,79.62
10063,2025-07-21,184,4,3,1,56.81,30.53,26.28
10064,2025-07-21,197,3,1,5,408.84,294.86,113.98
10065,2025-07-21,327,5,2,3,111.57,80.52,31.05
10066,2025-07-21,409,3,1,2,179.19,135.84,43.35
10067,2025-07-21,425,5,5,3,124.88,91.24,33.64
10068,2025-07-21,403,4,4,3,223.09,133.54,89.55
10069,2025-07-21,373,3,1,2,169.96,120.0,49.96
10070,2025-07-21,188,1,5,1,204.59,128.99,75.6
10071,2025-07-21,33,6,4,4,139.3,112.69,26.61
10072,2025-07-21,384,4,1,2,131.83,74.03,57.8
10073,2025-07-21,135,1,4,3,888.37,604.5,283.87
10074,2025-07-21,151,5,1,3,144.23,102.77,41.46
10075,2025-07-22,307,5,4,3,177.86,126.16,51.7
10076,2025-07-22,392,2,2,4,932.63,761.33,171.3
10077,2025-07-22,429,3,4,3,368.76,287.9,80.86
10078,2025-07-22,416,5,4,5,303.42,225.41,78.01
10079,2025-07-22,461,3,4,3,330.03,258.97,71.06
10080,2025-07-22,52,2,1,4,1164.21,1042.14,122.07
10081,2025-07-22,188,1,5,5,1046.96,647.75,399.21
10082,2025-07-22,49,6,1,1,33.53,26.86,6.67
10083,2025-07-22,402,2,5,4,884.99,768.71,116.28
10084,2025-07-22,389,5,1,4,159.02,104.41,54.61
10085,2025-07-22,354,2,2,5,1347.22,1165.79,181.43
10086,2025-07-22,290,3,2,5,431.65,315.41,116.24
10087,2025-07-23,78,4,1,3,216.28,121.28,95.0
10088,2025-07-23,250,4,1,5,268.08,156.31,111.77
10089,2025-07-23,24,2,1,2,452.14,373.08,79.06
10090,2025-07-23,451,6,4,1,36.44,27.88,8.56
10091,2025-07-23,467,2,5,1,251.45,218.85,32.6
10092,2025-07-23,296,1,4,1,381.34,249.98,131.36
10093,2025-07-23,206,4,4,5,456.74,262.89,193.85
10094,2025-07-23,353,3,2,1,88.92,65.3,23.62
10095,2025-07-23,266,1,2,1,271.77,163.09,108.68
10096,2025-07-23,173,6,4,5,192.91,160.76,32.15
10097,2025-07-23,293,5,3,2,65.87,49.0,16.87
10098,2025-07-23,64,4,1,3,178.48,98.35,80.13
10099,2025-07-23,377,1,4,2,599.07,389.75,209.32
10100,2025-07-23,202,1,3,1,194.28,135.91,58.37
10101,2025-07-23,447,4,3,2,101.05,53.32,47.73
10102,2025-07-24,64,2,1,1,264.87,214.0,50.87
10103,2025-07-24,41,4,2,3,185.9,108.56,77.34
10104,2025-07-24,240,6,1,3,107.67,88.56,19.11
10105,2025-07-24,284,5,2,1,36.2,27.11,9.09
10106,2025-07-24,64,3,1,3,269.09,206.87,62.22
10107,2025-07-24,490,2,2,5,1199.99,1032.2,167.79
10108,2025-07-24,465,1,1,2,477.86,302.23,175.63
10109,2025-07-24,419,4,4,2,180.68,97.34,83.34
10110,2025-07-24,355,1,1,1,246.7,167.26,79.44
10111,2025-07-24,8,6,2,4,137.93,113.68,24.25
10112,2025-07-24,430,1,3,4,944.29,584.49,359.8
10113,2025-07-25,301,3,3,4,309.34,243.01,66.33
10114,2025-07-25,47,5,4,1,47.34,32.7,14.64
10115,2025-07-25,437,3,4,3,368.7,261.38,107.32
10116,2025-07-25,211,5,1,3,132.92,95.28,37.64
10117,2025-07-25,158,1,3,4,776.12,532.75,243.37
10118,2025-07-25,194,6,3,4,110.81,93.49,17.32
10119,2025-07-25,331,3,3,1,76.66,60.86,15.8
10120,2025-07-25,185,2,1,1,266.85,221.35,45.5
10121,2025-07-25,213,5,2,5,171.73,124.85,46.88
10122,2025-07-25,347,5,1,3,109.3,73.13,36.17
10123,2025-07-25,382,2,1,3,744.75,615.32,129.43
10124,2025-07-25,199,3,2,3,260.12,182.13,77.99
10125,2025-07-25,195,3,2,3,250.57,177.98,72.59
10126,2025-07-25,366,3,3,4,236.43,167.58,68.85
10127,2025-07-25,467,6,5,1,31.56,26.51,5.05
10128,2025-07-26,53,3,2,3,262.24,184.53,77.71
10129,2025-07-26,147,4,3,3,135.89,76.24,59.65
10130,2025-07-26,496,3,2,1,86.24,63.03,23.21
10131,2025-07-26,440,3,4,1,114.72,85.17,29.55
10132,2025-07-26,283,6,1,1,27.48,21.03,6.45
10133,2025-07-26,258,3,3,4,279.74,218.77,60.97
10134,2025-07-26,36,6,1,3,97.35,74.51,22.84
10135,2025-07-26,247,6,2,3,81.59,62.69,18.9
10136,2025-07-26,198,2,2,2,489.56,411.12,78.44
10137,2025-07-26,449,2,3,4,943.0,777.43,165.57
10138,2025-07-27,42,6,5,5,149.33,115.59,33.74
10139,2025-07-27,251,1,1,5,1227.14,747.21,479.93
10140,2025-07-27,277,3,5,2,152.9,115.94,36.96
10141,2025-07-27,431,5,3,3,100.36,68.52,31.84
10142,2025-07-27,153,1,4,1,363.9,246.23,117.67
10143,2025-07-27,263,4,5,1,63.28,36.51,26.77
10144,2025-07-27,434,3,5,5,334.86,249.87,84.99
10145,2025-07-27,143,1,4,3,1045.5,638.6,406.9
10146,2025-07-27,363,6,1,1,27.06,21.23,5.83
10147,2025-07-27,334,3,2,4,284.49,224.78,59.71
10148,2025-07-28,145,1,2,3,699.1,487.72,211.38
10149,2025-07-28,81,1,5,4,1072.42,709.47,362.95
10150,2025-07-28,26,5,1,1,47.13,31.94,15.19
10151,2025-07-28,135,1,4,5,1640.34,1065.59,574.75
10152,2025-07-28,305,1,4,1,344.9,210.15,134.75
10153,2025-07-28,211,1,1,3,775.24,494.09,281.15
10154,2025-07-28,60,1,4,4,1342.01,884.33,457.68
10155,2025-07-28,480,6,3,3,67.74,51.86,15.88
10156,2025-07-28,42,1,5,4,942.74,628.2,314.54
10157,2025-07-28,413,1,1,3,801.36,497.6,303.76
10158,2025-07-28,98,2,4,3,868.85,762.62,106.23
10159,2025-07-28,314,6,3,1,27.81,21.4,6.41
10160,2025-07-28,26,3,1,4,312.17,242.84,69.33
10161,2025-07-28,314,6,3,4,107.29,89.9,17.39
10162,2025-07-29,498,1,4,3,1093.2,694.73,398.47
10163,2025-07-29,3,5,1,3,138.5,91.19,47.31
10164,2025-07-29,210,5,3,4,126.81,86.75,40.06
10165,2025-07-29,109,2,4,2,609.54,490.81,118.73
10166,2025-07-29,354,4,2,5,290.79,148.47,142.32
10167,2025-07-29,479,1,2,5,1151.67,797.61,354.06
10168,2025-07-29,144,5,1,4,172.3,119.38,52.92
10169,2025-07-29,22,5,1,2,87.41,57.25,30.16
10170,2025-07-29,301,3,3,5,336.77,236.87,99.9
10171,2025-07-29,410,3,2,1,77.15,54.64,22.51
10172,2025-07-29,324,6,1,5,142.85,120.21,22.64
10173,2025-07-30,282,6,1,5,178.25,148.53,29.72
10174,2025-07-30,12,3,4,1,97.67,69.32,28.35
10175,2025-07-30,207,3,4,5,557.8,402.42,155.38
10176,2025-07-30,106,2,1,1,239.73,205.29,34.44
10177,2025-07-30,309,5,4,1,57.61,38.95,18.66
10178,2025-07-30,133,1,3,4,906.02,619.35,286.67
10179,2025-07-30,94,3,5,3,217.42,158.44,58.98
10180,2025-07-30,246,1,2,4,1143.31,768.58,374.73
10181,2025-07-30,339,6,5,2,49.23,37.88,11.35
10182,2025-07-30,77,6,2,3,81.31,61.65,19.66
10183,2025-07-30,440,1,4,2,644.37,427.06,217.31
10184,2025-07-30,357,1,4,3,951.75,656.79,294.96
10185,2025-07-30,472,2,4,1,290.83,232.81,58.02
10186,2025-07-30,68,2,4,3,1145.94,976.24,169.7
10187,2025-07-30,423,4,5,4,203.65,104.16,99.49
10188,2025-07-31,220,4,5,5,285.41,143.45,141.96
10189,2025-07-31,377,5,4,4,211.55,140.82,70.73
10190,2025-07-31,195,1,2,5,1066.93,731.96,334.97
10191,2025-07-31,297,3,5,5,416.04,322.37,93.67
10192,2025-07-31,409,5,1,1,41.93,27.7,14.23
10193,2025-07-31,148,6,2,5,161.46,126.25,35.21
10194,2025-07-31,179,5,2,3,137.77,99.06,38.71
10195,2025-07-31,105,6,3,4,101.9,84.3,17.6
10196,2025-07-31,197,1,1,1,298.65,194.59,104.06
10197,2025-07-31,421,1,5,2,472.35,314.95,157.4
10198,2025-07-31,435,6,4,3,129.27,106.8,22.47
10199,2025-08-01,281,1,2,3,775.61,509.99,265.62
10200,2025-08-01,303,5,4,3,166.19,116.65,49.54
10201,2025-08-01,354,4,2,2,137.13,71.56,65.57
10202,2025-08-01,372,5,1,3,131.23,89.92,41.31
10203,2025-08-01,474,1,4,5,1665.34,1031.16,634.18
10204,2025-08-01,289,1,1,4,1087.02,738.63,348.39
10205,2025-08-02,17,4,4,4,348.49,181.42,167.07
10206,2025-08-02,491,2,3,2,439.04,354.63,84.41
10207,2025-08-02,297,1,5,5,1102.44,684.03,418.41
10208,2025-08-02,144,5,1,1,46.66,31.14,15.52
10209,2025-08-02,114,4,1,4,265.51,153.62,111.89
10210,2025-08-02,242,5,2,1,39.11,26.61,12.5
10211,2025-08-02,347,5,1,3,134.83,97.64,37.19
10212,2025-08-02,455,4,1,4,260.37,134.62,125.75
10213,2025-08-02,169,3,5,1,66.79,49.4,17.39
10214,2025-08-02,93,2,1,3,898.08,790.71,107.37
10215,2025-08-02,473,4,4,4,359.23,211.58,147.65
10216,2025-08-03,171,4,4,3,225.88,120.37,105.51
10217,2025-08-03,158,2,3,4,779.65,677.54,102.11
10218,2025-08-03,268,4,3,5,234.04,132.3,101.74
10219,2025-08-03,249,2,2,2,546.92,455.49,91.43
10220,2025-08-03,124,3,3,3,222.8,172.77,50.03
10221,2025-08-03,156,3,4,3,284.83,206.63,78.2
10222,2025-08-03,144,6,1,2,67.47,56.84,10.63
10223,2025-08-03,8,2,2,5,1142.75,1006.47,136.28
10224,2025-08-03,148,1,2,3,711.12,462.13,248.99
10225,2025-08-03,329,6,3,4,92.64,76.8,15.84
10226,2025-08-03,59,2,2,4,929.32,791.16,138.16
10227,2025-08-03,234,6,2,2,60.24,47.49,12.75
10228,2025-08-03,332,3,3,3,176.95,125.99,50.96
10229,2025-08-03,195,2,2,2,440.97,381.4,59.57
10230,2025-08-03,189,2,1,1,297.79,255.29,42.5
10231,2025-08-04,413,5,1,3,129.82,91.09,38.73
10232,2025-08-04,411,5,3,5,195.18,133.32,61.86
10233,2025-08-04,375,2,4,4,1241.23,1051.38,189.85
10234,2025-08-04,94,5,5,4,173.94,120.77,53.17
10235,2025-08-04,153,5,4,3,183.28,129.72,53.56
10236,2025-08-04,322,5,4,1,50.23,37.67,12.56
10237,2025-08-04,5,2,4,1,337.59,285.98,51.61
10238,2025-08-04,167,1,5,1,242.55,152.31,90.24
10239,2025-08-04,216,6,3,4,105.55,89.51,16.04
10240,2025-08-04,63,2,2,3,734.24,602.08,132.16
10241,2025-08-05,48,6,1,2,57.18,47.04,10.14
10242,2025-08-05,80,3,2,2,155.13,110.83,44.3
10243,2025-08-05,389,4,1,1,70.72,39.59,31.13
10244,2025-08-05,475,4,1,3,166.45,99.84,66.61
10245,2025-08-05,172,6,3,5,143.51,115.91,27.6
10246,2025-08-05,388,4,3,5,271.08,140.4,130.68
10247,2025-08-05,20,2,4,3,898.49,745.19,153.3
10248,2025-08-05,113,1,2,1,257.51,171.12,86.39
10249,2025-08-05,427,4,4,5,421.0,218.71,202.29
10250,2025-08-05,198,1,2,1,231.52,157.2,74.32
10251,2025-08-06,234,1,2,4,901.76,608.43,293.33
10252,2025-08-06,485,6,4,2,79.0,62.0,17.0
10253,2025-08-06,240,5,1,5,181.56,131.67,49.89
10254,2025-08-06,465,2,1,4,981.49,859.68,121.81
10255,2025-08-06,274,1,4,1,301.5,195.25,106.25
10256,2025-08-06,138,1,3,1,215.15,141.5,73.65
10257,2025-08-06,411,2,3,4,741.21,595.11,146.1
10258,2025-08-06,243,5,2,2,86.97,59.26,27.71
10259,2025-08-06,149,2,2,4,999.71,869.52,130.19
10260,2025-08-06,12,3,4,1,105.17,76.14,29.03
10261,2025-08-06,489,4,2,1,51.74,29.43,22.31
10262,2025-08-06,66,2,1,5,1355.72,1172.2,183.52
10263,2025-08-06,89,4,1,2,144.72,76.19,68.53
10264,2025-08-06,299,1,4,2,639.5,406.03,233.47
10265,2025-08-07,67,6,5,2,61.76,51.81,9.95
10266,2025-08-07,330,1,2,2,527.82,345.82,182.0
10267,2025-08-07,184,2,3,1,201.15,165.32,35.83
10268,2025-08-07,46,4,2,3,173.01,90.6,82.41
10269,2025-08-07,148,5,2,4,160.96,106.81,54.15
10270,2025-08-08,7,6,2,2,59.28,45.54,13.74
10271,2025-08-08,338,2,2,1,250.85,209.43,41.42
10272,2025-08-08,290,5,2,1,40.16,26.5,13.66
10273,2025-08-08,201,5,2,3,128.88,94.84,34.04
10274,2025-08-08,298,3,1,5,466.74,346.54,120.2
10275,2025-08-08,300,3,3,3,195.0,138.11,56.89
10276,2025-08-08,104,4,4,3,269.15,139.64,129.51
10277,2025-08-08,318,1,3,1,200.6,122.17,78.43
10278,2025-08-08,8,3,2,4,330.66,232.61,98.05
10279,2025-08-08,111,5,4,4,184.04,134.62,49.42
10280,2025-08-08,236,6,2,4,126.02,98.58,27.44
10281,2025-08-08,307,3,4,3,278.63,200.69,77.94
10282,2025-08-08,110,2,4,3,1051.54,941.18,110.36
10283,2025-08-08,370,4,3,5,256.87,132.82,124.05
10284,2025-08-08,487,4,2,3,189.81,104.55,85.26
10285,2025-08-08,429,5,4,3,167.91,109.16,58.75
10286,2025-08-08,334,1,2,2,500.08,348.64,151.44
10287,2025-08-09,442,1,3,2,422.59,269.35,153.24
10288,2025-08-09,282,3,1,2,148.56,114.56,34.0
10289,2025-08-09,286,3,1,4,303.78,214.89,88.89
10290,2025-08-09,335,1,4,5,1486.25,980.27,505.98
10291,2025-08-09,416,4,4,1,78.44,42.5,35.94
10292,2025-08-09,478,5,5,5,206.92,152.49,54.43
10293,2025-08-09,66,4,1,2,143.16,85.08,58.08
10294,2025-08-09,96,5,3,4,134.08,89.69,44.39
10295,2025-08-09,497,6,4,3,128.43,99.88,28.55
10296,2025-08-09,332,3,3,2,124.15,90.25,33.9
10297,2025-08-09,297,2,5,2,447.23,366.92,80.31
10298,2025-08-09,100,3,5,1,79.72,57.82,21.9
10299,2025-08-09,68,3,4,1,122.39,96.07,26.32
10300,2025-08-09,181,1,2,2,470.45,298.91,171.54
10301,2025-08-09,175,5,4,2,114.67,77.87,36.8
10302,2025-08-09,114,3,1,3,276.1,205.27,70.83
10303,2025-08-09,277,1,5,2,436.95,300.83,136.12
10304,2025-08-09,325,2,1,1,284.57,233.81,50.76
10305,2025-08-09,309,6,4,5,172.34,137.78,34.56
10306,2025-08-09,314,5,3,5,194.29,144.16,50.13
10307,2025-08-09,13,1,3,4,941.07,638.47,302.6
10308,2025-08-09,87,3,3,1,75.99,53.37,22.62
10309,2025-08-10,21,3,1,3,279.52,207.22,72.3
10310,2025-08-10,169,5,5,1,43.49,28.92,14.57
10311,2025-08-10,44,5,4,1,59.7,42.4,17.3
10312,2025-08-10,477,4,4,5,428.07,247.24,180.83
10313,2025-08-10,114,4,1,5,359.06,182.4,176.66
10314,2025-08-10,216,2,3,4,820.39,729.73,90.66
10315,2025-08-10,149,6,2,4,123.61,104.31,19.3
10316,2025-08-10,51,5,4,1,60.5,44.4,16.1
10317,2025-08-10,322,4,4,3,211.18,122.45,88.73
10318,2025-08-10,35,4,2,2,133.46,72.82,60.64
10319,2025-08-10,324,5,1,5,227.89,157.28,70.61
10320,2025-08-10,198,5,2,3,111.93,80.29,31.64
10321,2025-08-10,357,4,4,5,385.23,202.72,182.51
10322,2025-08-10,282,4,1,4,229.58,115.55,114.03
10323,2025-08-10,251,6,1,2,64.37,48.71,15.66
10324,2025-08-10,346,6,2,3,96.98,79.4,17.58
10325,2025-08-11,57,6,1,5,179.26,149.49,29.77
10326,2025-08-11,492,4,1,5,311.14,175.73,135.41
10327,2025-08-11,499,3,1,2,189.11,140.68,48.43
10328,2025-08-11,299,4,4,1,75.9,42.4,33.5
10329,2025-08-11,194,1,3,1,239.65,150.06,89.59
10330,2025-08-11,127,3,5,3,207.93,149.26,58.67
10331,2025-08-11,254,2,3,4,856.4,757.98,98.42
10332,2025-08-11,269,3,1,1,71.58,54.68,16.9
10333,2025-08-11,15,6,2,1,25.55,19.86,5.69
10334,2025-08-11,52,4,1,3,181.85,107.57,74.28
10335,2025-08-11,136,4,1,1,58.74,31.38,27.36
10336,2025-08-11,114,2,1,2,469.34,397.93,71.41
10337,2025-08-11,24,5,1,1,42.53,28.14,14.39
10338,2025-08-11,474,6,4,1,42.42,35.92,6.5
10339,2025-08-12,102,2,4,5,1887.91,1683.99,203.92
10340,2025-08-12,477,5,4,4,188.58,124.7,63.88
10341,2025-08-12,344,4,4,1,87.16,50.55,36.61
10342,2025-08-12,323,6,4,3,134.13,106.07,28.06
10343,2025-08-12,286,4,1,5,302.95,156.04,146.91
10344,2025-08-12,46,5,2,2,77.09,51.86,25.23
10345,2025-08-12,57,5,1,3,115.74,78.13,37.61
10346,2025-08-12,302,5,2,2,79.41,56.95,22.46
10347,2025-08-12,85,2,4,2,594.71,523.12,71.59
10348,2025-08-12,451,4,4,4,285.74,164.67,121.07
10349,2025-08-12,43,2,3,1,189.47,151.76,37.71
10350,2025-08-12,25,6,5,1,30.89,25.52,5.37
10351,2025-08-12,385,4,3,3,164.03,85.27,78.76
10352,2025-08-12,22,6,1,3,89.28,75.4,13.88
10353,2025-08-12,4,2,1,3,686.78,571.83,114.95
10354,2025-08-12,206,5,4,3,159.92,105.46,54.46
10355,2025-08-12,470,6,4,4,155.59,130.09,25.5
10356,2025-08-12,485,5,4,1,55.84,40.35,15.49
10357,2025-08-12,154,3,2,5,360.54,285.14,75.4
10358,2025-08-13,279,2,4,3,1040.11,840.3,199.81
10359,2025-08-13,118,1,2,2,563.07,380.65,182.42
10360,2025-08-13,119,4,4,3,217.14,126.64,90.5
10361,2025-08-13,318,2,3,1,210.0,178.16,31.84
10362,2025-08-13,139,3,5,5,403.5,322.21,81.29
10363,2025-08-13,363,5,1,2,81.94,58.65,23.29
10364,2025-08-13,213,6,2,4,132.21,101.32,30.89
10365,2025-08-13,434,4,5,4,243.98,143.11,100.87
10366,2025-08-13,29,5,4,4,212.26,154.25,58.01
10367,2025-08-13,147,1,3,4,751.91,499.96,251.95
10368,2025-08-13,148,1,2,3,813.62,511.28,302.34
10369,2025-08-14,495,2,2,4,883.5,761.22,122.28
10370,2025-08-14,81,5,5,4,135.97,92.23,43.74
10371,2025-08-14,339,6,5,1,26.79,20.59,6.2
10372,2025-08-14,420,5,5,3,124.56,82.15,42.41
10373,2025-08-14,25,6,5,5,126.68,105.32,21.36
10374,2025-08-14,263,1,5,4,1048.43,655.37,393.06
10375,2025-08-14,136,1,1,2,496.32,319.26,177.06
10376,2025-08-14,164,4,5,5,259.39,154.19,105.2
10377,2025-08-14,437,3,4,5,586.95,436.13,150.82
10378,2025-08-14,198,6,2,5,136.02,115.41,20.61
10379,2025-08-14,283,1,1,4,995.33,665.4,329.93
10380,2025-08-14,69,2,3,5,1042.13,907.55,134.58
10381,2025-08-14,157,2,3,3,619.52,502.79,116.73
10382,2025-08-14,178,4,4,5,360.84,198.38,162.46
10383,2025-08-15,286,4,1,2,126.94,70.94,56.0
10384,2025-08-15,177,2,5,1,220.8,177.44,43.36
10385,2025-08-15,106,1,1,5,1118.24,673.62,444.62
10386,2025-08-15,261,4,4,1,81.83,48.49,33.34
10387,2025-08-15,214,6,4,4,185.52,151.36,34.16
10388,2025-08-15,357,1,4,4,1435.35,933.29,502.06
10389,2025-08-15,243,5,2,5,204.84,143.62,61.22
10390,2025-08-15,46,2,2,4,851.48,684.3,167.18
10391,2025-08-15,295,6,2,2,62.32,46.82,15.5
10392,2025-08-15,199,3,2,3,212.93,154.97,57.96
10393,2025-08-15,301,2,3,2,461.21,414.45,46.76
10394,2025-08-15,206,4,4,5,433.14,241.76,191.38
10395,2025-08-15,246,6,2,4,114.06,89.14,24.92
10396,2025-08-15,442,5,3,3,109.51,81.83,27.68
10397,2025-08-15,473,4,4,3,262.43,137.91,124.52
10398,2025-08-16,59,3,2,4,333.85,240.15,93.7
10399,2025-08-16,151,3,1,1,75.3,55.73,19.57
10400,2025-08-16,363,6,1,1,28.36,23.64,4.72
10401,2025-08-16,279,2,4,5,1789.81,1499.74,290.07
10402,2025-08-16,86,5,2,5,201.25,131.34,69.91
10403,2025-08-16,189,1,1,5,1405.7,954.76,450.94
10404,2025-08-16,26,6,1,1,29.79,22.41,7.38
10405,2025-08-16,228,6,4,3,120.58,91.04,29.54
10406,2025-08-16,366,6,3,5,142.66,111.04,31.62
10407,2025-08-16,408,1,1,1,249.72,158.68,91.04
10408,2025-08-16,363,3,1,5,448.7,326.33,122.37
10409,2025-08-16,463,1,5,5,1232.72,788.17,444.55
10410,2025-08-16,103,6,4,4,159.32,130.96,28.36
10411,2025-08-17,257,5,5,2,84.13,59.69,24.44
10412,2025-08-17,111,4,4,5,359.29,206.03,153.26
10413,2025-08-17,429,3,4,1,114.3,80.77,33.53
10414,2025-08-17,449,3,3,1,58.69,42.82,15.87
10415,2025-08-17,71,5,2,3,133.35,99.5,33.85
10416,2025-08-17,265,6,4,1,34.98,26.59,8.39
10417,2025-08-17,166,6,1,4,134.18,113.88,20.3
10418,2025-08-17,412,1,5,2,538.4,369.3,169.1
10419,2025-08-17,111,2,4,2,674.44,605.14,69.3
10420,2025-08-17,348,1,3,2,392.48,239.26,153.22
10421,2025-08-18,460,6,5,3,97.16,78.16,19.0
10422,2025-08-18,226,5,2,5,174.83,124.47,50.36
10423,2025-08-18,222,1,4,1,313.71,201.21,112.5
10424,2025-08-19,208,1,1,4,1110.51,762.66,347.85
10425,2025-08-19,95,2,3,1,205.36,182.42,22.94
10426,2025-08-19,382,6,1,2,69.9,53.9,16.0
10427,2025-08-19,161,5,4,5,272.25,183.76,88.49
10428,2025-08-19,416,4,4,5,399.56,225.85,173.71
10429,2025-08-19,253,6,2,2,67.11,51.67,15.44
10430,2025-08-19,224,6,1,1,31.24,23.62,7.62
10431,2025-08-19,353,3,2,3,251.13,185.99,65.14
10432,2025-08-19,322,4,4,4,287.36,166.15,121.21
10433,2025-08-19,139,4,5,3,186.47,107.68,78.79
10434,2025-08-20,209,5,2,3,131.98,94.06,37.92
10435,2025-08-20,174,1,5,2,535.89,340.55,195.34
10436,2025-08-20,430,1,3,3,719.82,444.69,275.13
10437,2025-08-20,175,2,4,5,1773.5,1484.08,289.42
10438,2025-08-20,441,6,1,5,155.73,129.37,26.36
10439,2025-08-20,303,3,4,2,194.5,146.15,48.35
10440,2025-08-20,139,1,5,1,239.6,148.71,90.89
10441,2025-08-20,487,1,2,2,467.92,294.68,173.24
10442,2025-08-20,16,3,2,2,159.22,117.33,41.89
10443,2025-08-20,447,2,3,2,461.57,372.16,89.41
10444,2025-08-20,338,3,2,5,440.03,314.71,125.32
10445,2025-08-20,261,3,4,5,617.32,461.05,156.27
10446,2025-08-20,133,4,3,1,51.93,27.71,24.22
10447,2025-08-20,53,3,2,4,367.18,281.03,86.15
10448,2025-08-21,426,4,3,1,51.33,27.67,23.66
10449,2025-08-21,90,6,5,1,31.16,26.45,4.71
10450,2025-08-21,190,3,5,3,250.01,178.2,71.81
10451,2025-08-21,462,6,2,1,34.48,26.23,8.25
10452,2025-08-21,322,1,4,2,660.71,435.61,225.1
10453,2025-08-21,96,2,3,5,1196.69,1061.61,135.08
10454,2025-08-21,82,2,1,5,1442.22,1281.25,160.97
10455,2025-08-21,25,3,5,3,254.73,188.62,66.11
10456,2025-08-21,105,3,3,2,145.64,110.57,35.07
10457,2025-08-21,270,2,1,3,890.33,767.23,123.1
10458,2025-08-21,265,1,4,3,1008.12,634.08,374.04
10459,2025-08-21,261,1,4,3,903.65,544.82,358.83
10460,2025-08-21,247,2,2,5,1151.79,1006.52,145.27
10461,2025-08-21,285,1,2,5,1142.26,687.05,455.21
10462,2025-08-21,331,6,3,2,46.43,35.77,10.66
10463,2025-08-21,411,5,3,4,150.0,106.98,43.02
10464,2025-08-22,394,3,3,3,211.92,157.12,54.8
10465,2025-08-22,176,3,4,3,335.16,244.27,90.89
10466,2025-08-22,174,2,5,3,750.47,644.54,105.93
10467,2025-08-22,30,2,2,5,1389.16,1124.33,264.83
10468,2025-08-22,334,6,2,5,155.03,131.62,23.41
10469,2025-08-22,2,1,5,1,254.77,170.31,84.46
10470,2025-08-22,270,4,1,2,113.77,60.88,52.89
10471,2025-08-23,114,6,1,3,104.04,80.82,23.22
10472,2025-08-23,143,6,4,1,35.76,29.56,6.2
10473,2025-08-23,483,5,4,3,171.36,122.43,48.93
10474,2025-08-23,230,1,4,2,682.92,429.4,253.52
10475,2025-08-23,258,6,3,3,79.59,59.7,19.89
10476,2025-08-23,471,4,4,1,78.3,43.18,35.12
10477,2025-08-23,447,5,3,3,111.44,79.64,31.8
10478,2025-08-23,242,5,2,2,87.84,57.43,30.41
10479,2025-08-24,223,3,1,5,459.05,362.41,96.64
10480,2025-08-24,486,6,3,4,100.58,81.53,19.05
10481,2025-08-24,159,1,1,3,773.14,491.76,281.38
10482,2025-08-24,377,6,4,5,202.89,157.22,45.67
10483,2025-08-24,475,3,1,3,253.0,185.3,67.7
10484,2025-08-24,479,5,2,2,82.41,56.68,25.73
10485,2025-08-24,380,6,2,5,168.62,137.66,30.96
10486,2025-08-24,63,2,2,1,265.86,225.49,40.37
10487,2025-08-24,55,1,4,3,1126.82,777.23,349.59
10488,2025-08-24,30,2,2,4,1026.81,919.86,106.95
10489,2025-08-24,247,5,2,2,77.17,52.33,24.84
10490,2025-08-24,16,2,2,5,1222.24,984.19,238.05
10491,2025-08-24,218,5,1,1,47.29,31.63,15.66
10492,2025-08-24,181,1,2,4,1083.3,687.12,396.18
10493,2025-08-24,42,6,5,4,122.06,99.62,22.44
10494,2025-08-24,91,1,5,1,241.18,147.26,93.92
10495,2025-08-25,204,6,4,5,205.61,171.32,34.29
10496,2025-08-25,490,2,2,1,270.66,220.84,49.82
10497,2025-08-25,202,4,3,5,229.44,127.97,101.47
10498,2025-08-25,459,6,1,2,55.9,43.96,11.94
10499,2025-08-25,228,2,4,5,1845.8,1578.82,266.98
10500,2025-08-25,41,3,2,4,363.26,285.92,77.34
10501,2025-08-25,158,2,3,4,815.06,722.43,92.63
10502,2025-08-25,201,2,2,2,452.81,390.31,62.5
10503,2025-08-26,329,4,3,3,153.39,87.2,66.19
10504,2025-08-26,189,3,1,1,76.3,58.76,17.54
10505,2025-08-26,495,4,2,4,214.97,128.89,86.08
10506,2025-08-26,449,4,3,2,114.93,66.87,48.06
10507,2025-08-26,435,1,4,3,1022.6,715.49,307.11
10508,2025-08-26,464,6,5,4,107.92,81.93,25.99
10509,2025-08-26,462,5,2,4,157.3,102.69,54.61
10510,2025-08-26,180,4,1,5,294.5,160.34,134.16
10511,2025-08-26,433,5,1,1,41.52,27.08,14.44
10512,2025-08-26,32,1,5,4,960.73,576.7,384.03
10513,2025-08-26,184,1,3,4,815.43,515.64,299.79
10514,2025-08-26,414,5,4,3,151.7,100.92,50.78
10515,2025-08-26,327,3,2,3,274.36,192.14,82.22
10516,2025-08-26,331,3,3,3,196.81,147.02,49.79
10517,2025-08-26,300,4,3,3,140.37,73.72,66.65
10518,2025-08-27,356,3,3,2,132.53,102.29,30.24
10519,2025-08-27,53,4,2,4,221.31,111.85,109.46
10520,2025-08-27,20,5,4,3,145.82,102.58,43.24
10521,2025-08-27,138,2,3,2,411.1,351.12,59.98
10522,2025-08-27,264,5,2,1,41.72,29.69,12.03
10523,2025-08-27,276,4,4,5,433.38,248.63,184.75
10524,2025-08-27,36,2,1,3,797.25,667.79,129.46
10525,2025-08-27,253,3,2,1,73.07,51.62,21.45
10526,2025-08-27,163,4,1,3,196.92,101.79,95.13
10527,2025-08-27,53,4,2,1,58.02,31.46,26.56
10528,2025-08-27,180,6,1,3,93.1,78.25,14.85
10529,2025-08-27,174,5,5,4,156.2,112.1,44.1
10530,2025-08-27,226,2,2,3,724.17,622.33,101.84
10531,2025-08-28,382,5,1,1,41.96,28.81,13.15
10532,2025-08-28,443,4,5,2,129.94,75.35,54.59
10533,2025-08-28,207,2,4,2,771.63,619.69,151.94
10534,2025-08-28,390,1,2,4,865.58,545.47,320.11
10535,2025-08-28,149,6,2,1,27.06,22.03,5.03
10536,2025-08-28,482,3,3,1,72.2,52.14,20.06
10537,2025-08-28,407,6,5,4,120.07,93.24,26.83
10538,2025-08-28,34,3,5,4,342.9,246.68,96.22
10539,2025-08-28,323,3,4,3,295.74,215.9,79.84
10540,2025-08-28,17,3,4,1,108.99,86.42,22.57
10541,2025-08-28,145,1,2,2,513.75,333.9,179.85
10542,2025-08-28,185,3,1,1,76.54,54.92,21.62
10543,2025-08-28,405,5,3,4,137.34,96.76,40.58
10544,2025-08-28,148,2,2,5,1313.52,1074.42,239.1
10545,2025-08-28,223,5,1,4,163.0,106.1,56.9
10546,2025-08-28,167,3,5,2,156.06,124.83,31.23
10547,2025-08-28,317,4,2,5,263.34,142.74,120.6
10548,2025-08-28,39,4,2,3,162.41,82.32,80.09
10549,2025-08-29,265,3,4,5,469.99,343.58,126.41
10550,2025-08-29,493,3,1,2,144.59,107.08,37.51
10551,2025-08-29,1,3,4,2,240.41,188.85,51.56
10552,2025-08-29,422,3,3,3,208.73,162.31,46.42
10553,2025-08-29,315,5,3,3,88.11,61.74,26.37
10554,2025-08-29,217,6,2,4,135.84,114.17,21.67
10555,2025-08-29,500,4,5,3,161.23,94.25,66.98
10556,2025-08-30,1,6,4,1,39.2,29.82,9.38
10557,2025-08-30,2,3,5,1,86.97,61.31,25.66
10558,2025-08-30,187,6,5,2,53.73,41.96,11.77
10559,2025-08-30,59,5,2,2,85.38,61.88,23.5
10560,2025-08-30,364,3,3,4,268.95,208.82,60.13
10561,2025-08-30,224,2,1,2,572.71,490.4,82.31
10562,2025-08-30,99,2,5,3,783.0,630.3,152.7
10563,2025-08-30,336,6,1,3,106.0,81.65,24.35
10564,2025-08-30,60,6,4,4,174.17,139.59,34.58
10565,2025-08-30,123,2,2,4,973.78,802.04,171.74
10566,2025-08-30,178,4,4,2,161.3,87.09,74.21
10567,2025-08-30,311,4,3,2,109.57,65.08,44.49
10568,2025-08-30,123,1,2,4,876.75,607.35,269.4
10569,2025-08-30,359,2,1,5,1198.87,1004.05,194.82
10570,2025-08-30,131,1,3,3,709.28,475.22,234.06
10571,2025-08-30,254,1,3,1,192.39,124.41,67.98
10572,2025-08-31,440,5,4,2,119.22,79.16,40.06
10573,2025-08-31,302,6,2,5,169.32,143.92,25.4
10574,2025-08-31,331,2,3,4,856.31,758.89,97.42
10575,2025-08-31,387,6,1,5,161.96,133.28,28.68
10576,2025-08-31,215,4,5,4,229.18,125.41,103.77
10577,2025-08-31,497,1,4,5,1618.11,1082.16,535.95
10578,2025-08-31,404,3,1,4,353.65,252.62,101.03
10579,2025-08-31,285,2,2,1,213.39,178.28,35.11
10580,2025-08-31,150,5,1,3,116.48,79.79,36.69
10581,2025-09-01,115,6,2,5,132.38,112.21,20.17
10582,2025-09-01,66,3,1,3,236.82,171.15,65.67
10583,2025-09-01,186,2,3,1,244.15,210.0,34.15
10584,2025-09-01,125,2,4,1,322.59,275.46,47.13
10585,2025-09-01,371,1,4,1,359.16,219.54,139.62
10586,2025-09-01,102,5,4,1,47.4,35.24,12.16
10587,2025-09-01,31,5,1,1,36.23,26.97,9.26
10588,2025-09-01,31,4,1,2,131.08,76.41,54.67
10589,2025-09-01,414,6,4,5,208.4,174.16,34.24
10590,2025-09-01,103,5,4,4,246.85,162.62,84.23
10591,2025-09-01,32,2,5,3,804.17,669.54,134.63
10592,2025-09-02,142,4,4,4,302.93,166.37,136.56
10593,2025-09-02,98,6,4,4,148.66,118.97,29.69
10594,2025-09-02,222,6,4,2,70.28,59.55,10.73
10595,2025-09-02,445,4,3,5,238.68,120.15,118.53
10596,2025-09-02,424,3,1,5,481.16,378.73,102.43
10597,2025-09-02,374,3,1,2,144.8,113.74,31.06
10598,2025-09-02,258,3,3,2,140.19,102.9,37.29
10599,2025-09-02,288,5,4,2,122.41,87.51,34.9
10600,2025-09-02,207,3,4,4,442.78,316.35,126.43
10601,2025-09-02,283,1,1,5,1261.6,838.39,423.21
10602,2025-09-02,54,6,2,3,95.53,77.57,17.96
10603,2025-09-03,91,2,5,5,1293.1,1109.4,183.7
10604,2025-09-03,54,2,2,1,235.38,200.48,34.9
10605,2025-09-03,172,6,3,3,84.08,64.24,19.84
10606,2025-09-03,420,3,5,3,235.9,179.28,56.62
10607,2025-09-03,167,5,5,3,124.08,88.15,35.93
10608,2025-09-03,283,4,1,3,213.36,118.15,95.21
10609,2025-09-04,163,4,1,4,236.76,119.05,117.71
10610,2025-09-04,411,1,3,4,963.81,587.51,376.3
10611,2025-09-04,190,2,5,1,241.91,204.37,37.54
10612,2025-09-04,429,4,4,2,174.28,99.14,75.14
10613,2025-09-04,266,1,2,4,948.1,613.2,334.9
10614,2025-09-04,497,2,4,1,373.66,306.83,66.83
10615,2025-09-04,349,1,3,1,186.85,114.03,72.82
10616,2025-09-04,490,1,2,4,889.06,545.63,343.43
10617,2025-09-04,236,5,2,4,180.11,119.43,60.68
10618,2025-09-04,87,6,3,2,52.88,44.03,8.85
10619,2025-09-04,340,1,3,1,238.93,153.98,84.95
10620,2025-09-04,417,2,1,3,841.32,726.94,114.38
10621,2025-09-04,271,1,1,3,796.55,515.03,281.52
10622,2025-09-04,197,3,1,4,287.56,202.09,85.47
10623,2025-09-04,268,5,3,3,107.43,71.24,36.19
10624,2025-09-04,360,1,2,2,435.36,292.46,142.9
10625,2025-09-05,441,1,1,4,963.09,667.62,295.47
10626,2025-09-05,209,5,2,4,150.49,106.03,44.46
10627,2025-09-05,167,6,5,3,89.08,70.1,18.98
10628,2025-09-05,306,6,5,5,160.75,131.57,29.18
10629,2025-09-05,331,6,3,1,22.56,18.5,4.06
10630,2025-09-05,255,4,5,4,235.23,119.48,115.75
10631,2025-09-05,250,6,1,5,145.06,109.42,35.64
10632,2025-09-05,436,4,1,4,215.83,119.17,96.66
10633,2025-09-05,5,3,4,1,121.61,96.73,24.88
10634,2025-09-05,316,4,5,3,168.12,96.47,71.65
10635,2025-09-05,452,5,1,5,210.22,155.27,54.95
10636,2025-09-06,272,3,1,5,459.71,353.9,105.81
10637,2025-09-06,481,5,4,2,120.06,88.71,31.35
10638,2025-09-06,35,4,2,4,272.24,149.69,122.55
10639,2025-09-06,381,3,2,2,183.41,141.24,42.17
10640,2025-09-06,500,3,5,1,79.25,58.6,20.65
10641,2025-09-06,58,6,1,5,166.63,140.84,25.79
10642,2025-09-06,224,5,1,3,139.26,95.45,43.81
10643,2025-09-06,291,6,1,5,177.29,140.13,37.16
10644,2025-09-06,37,5,2,3,112.43,82.66,29.77
10645,2025-09-06,77,1,2,3,778.13,495.21,282.92
10646,2025-09-06,288,2,4,3,1096.55,889.75,206.8
10647,2025-09-06,196,5,4,4,244.86,175.65,69.21
10648,2025-09-06,229,5,2,1,39.71,26.04,13.67
10649,2025-09-06,439,2,4,3,883.68,714.28,169.4
10650,2025-09-06,221,5,2,3,102.59,76.77,25.82
10651,2025-09-06,329,5,3,4,139.25,97.05,42.2
10652,2025-09-06,496,2,2,5,1353.05,1089.52,263.53
10653,2025-09-06,338,1,2,2,479.35,303.81,175.54
10654,2025-09-07,335,1,4,2,674.8,413.09,261.71
10655,2025-09-07,292,2,3,5,1123.88,985.07,138.81
10656,2025-09-07,77,4,2,5,280.59,145.69,134.9
10657,2025-09-07,325,1,1,5,1497.52,945.01,552.51
10658,2025-09-07,15,3,2,3,205.05,149.09,55.96
10659,2025-09-07,91,4,5,5,326.51,195.68,130.83
10660,2025-09-07,169,4,5,2,113.73,56.92,56.81
10661,2025-09-07,89,3,1,3,226.88,164.63,62.25
10662,2025-09-07,183,6,1,5,142.53,110.55,31.98
10663,2025-09-07,301,1,3,5,1213.58,795.49,418.09
10664,2025-09-07,365,5,5,5,210.32,139.5,70.82
10665,2025-09-07,331,2,3,1,241.06,211.31,29.75
10666,2025-09-08,266,6,2,3,81.82,69.2,12.62
10667,2025-09-08,267,5,4,5,292.66,206.18,86.48
10668,2025-09-08,331,3,3,5,390.1,308.57,81.53
10669,2025-09-08,211,1,1,1,284.82,195.48,89.34
10670,2025-09-08,20,2,4,3,1022.23,914.86,107.37
10671,2025-09-08,80,6,2,5,148.38,114.09,34.29
10672,2025-09-08,17,6,4,5,177.76,138.27,39.49
10673,2025-09-08,16,3,2,5,421.57,300.89,120.68
10674,2025-09-08,380,1,2,1,246.19,164.63,81.56
10675,2025-09-08,229,3,2,5,451.52,330.18,121.34
10676,2025-09-08,467,2,5,3,737.35,591.94,145.41
10677,2025-09-09,87,6,3,3,80.24,65.5,14.74
10678,2025-09-09,344,5,4,5,294.71,213.41,81.3
10679,2025-09-09,85,2,4,2,730.83,611.19,119.64
10680,2025-09-09,355,2,1,1,256.38,214.46,41.92
10681,2025-09-09,497,4,4,2,153.25,81.21,72.04
10682,2025-09-09,229,4,2,5,306.25,160.69,145.56
10683,2025-09-09,296,5,4,1,46.53,31.4,15.13
10684,2025-09-09,38,6,3,1,27.92,23.37,4.55
10685,2025-09-09,419,3,4,1,96.19,74.22,21.97
10686,2025-09-09,338,3,2,4,318.32,237.14,81.18
10687,2025-09-09,255,3,5,3,212.18,150.91,61.27
10688,2025-09-09,217,3,2,3,209.43,164.14,45.29
10689,2025-09-09,347,6,1,2,59.27,46.09,13.18
10690,2025-09-09,370,5,3,4,142.19,92.63,49.56
10691,2025-09-09,2,6,5,3,96.59,78.8,17.79
10692,2025-09-09,142,5,4,5,298.99,214.68,84.31
10693,2025-09-10,53,6,2,1,32.46,25.03,7.43
10694,2025-09-10,60,4,4,5,360.48,191.86,168.62
10695,2025-09-10,415,6,1,5,157.3,133.36,23.94
10696,2025-09-10,242,4,2,3,173.66,90.32,83.34
10697,2025-09-10,380,1,2,4,915.36,614.49,300.87
10698,2025-09-10,161,5,4,5,248.33,168.39,79.94
10699,2025-09-10,49,3,1,4,295.97,210.3,85.67
10700,2025-09-10,130,6,5,2,51.21,41.19,10.02
10701,2025-09-10,340,3,3,4,246.83,194.91,51.92
10702,2025-09-10,40,5,4,3,182.68,128.71,53.97
10703,2025-09-10,391,6,3,2,52.06,41.17,10.89
10704,2025-09-10,36,5,1,1,36.36,26.02,10.34
10705,2025-09-10,201,1,2,5,1233.41,808.08,425.33
10706,2025-09-10,466,3,2,4,302.24,241.41,60.83
10707,2025-09-10,336,1,1,3,888.2,585.79,302.41
10708,2025-09-10,454,2,1,5,1149.12,1015.7,133.42
10709,2025-09-11,51,6,4,5,228.78,183.65,45.13
10710,2025-09-11,202,3,3,1,71.37,50.2,21.17
10711,2025-09-11,430,1,3,2,403.16,251.88,151.28
10712,2025-09-11,104,3,4,4,488.25,372.15,116.1
10713,2025-09-11,92,5,2,2,77.0,54.87,22.13
10714,2025-09-11,118,4,2,1,59.18,29.91,29.27
10715,2025-09-11,74,5,3,2,72.66,47.55,25.11
10716,2025-09-11,258,4,3,2,100.26,57.71,42.55
10717,2025-09-11,9,5,2,4,181.04,119.87,61.17
10718,2025-09-11,60,5,4,4,202.49,141.6,60.89
10719,2025-09-11,126,4,2,5,310.11,171.98,138.13
10720,2025-09-11,120,4,2,4,256.36,142.96,113.4
10721,2025-09-11,487,4,2,1,64.16,38.26,25.9
10722,2025-09-11,102,2,4,4,1382.4,1190.03,192.37
10723,2025-09-11,338,2,2,5,1159.15,933.22,225.93
10724,2025-09-11,195,3,2,1,72.71,54.25,18.46
10725,2025-09-11,352,2,1,4,1095.62,922.02,173.6
10726,2025-09-12,340,4,3,4,181.8,105.37,76.43
10727,2025-09-12,266,4,2,1,52.04,27.99,24.05
10728,2025-09-12,351,4,5,2,105.37,58.08,47.29
10729,2025-09-12,477,3,4,3,313.37,223.43,89.94
10730,2025-09-12,296,6,4,4,149.62,112.73,36.89
10731,2025-09-12,293,2,3,1,201.04,168.26,32.78
10732,2025-09-12,8,1,2,5,1111.53,724.51,387.02
10733,2025-09-12,267,2,4,1,339.49,297.42,42.07
10734,2025-09-12,350,5,2,5,219.82,151.2,68.62
10735,2025-09-13,289,5,1,4,176.38,117.74,58.64
10736,2025-09-13,460,2,5,3,708.86,567.5,141.36
10737,2025-09-13,182,5,5,4,160.06,113.09,46.97
10738,2025-09-13,43,6,3,2,46.47,35.67,10.8
10739,2025-09-13,79,5,1,3,138.36,95.65,42.71
10740,2025-09-13,368,5,1,4,162.27,110.1,52.17
10741,2025-09-13,43,4,3,3,156.73,82.28,74.45
10742,2025-09-14,150,5,1,1,37.21,26.27,10.94
10743,2025-09-14,19,3,1,3,284.66,222.67,61.99
10744,2025-09-14,492,3,1,1,77.69,59.13,18.56
10745,2025-09-14,450,2,1,4,962.34,855.47,106.87
10746,2025-09-14,424,1,1,3,715.92,486.85,229.07
10747,2025-09-14,123,6,2,1,33.58,28.25,5.33
10748,2025-09-14,246,1,2,2,544.11,360.66,183.45
10749,2025-09-14,269,6,1,3,95.47,80.72,14.75
10750,2025-09-14,18,6,1,5,171.54,144.58,26.96
10751,2025-09-14,63,3,2,2,181.57,145.23,36.34
10752,2025-09-14,65,6,1,1,31.18,25.41,5.77
10753,2025-09-14,294,2,4,3,908.27,814.34,93.93
10754,2025-09-14,438,5,3,2,72.44,52.93,19.51
10755,2025-09-14,40,5,4,1,55.39,39.4,15.99
10756,2025-09-14,97,1,4,1,364.68,230.62,134.06
10757,2025-09-15,313,2,4,5,1859.75,1631.53,228.22
10758,2025-09-15,468,6,4,3,138.45,116.54,21.91
10759,2025-09-15,463,1,5,1,211.82,140.36,71.46
10760,2025-09-15,381,6,2,5,133.49,102.36,31.13
10761,2025-09-15,342,2,4,4,1274.62,1050.4,224.22
10762,2025-09-15,22,2,1,2,553.14,469.3,83.84
10763,2025-09-15,182,3,5,2,155.29,119.73,35.56
10764,2025-09-15,446,3,2,5,406.48,291.68,114.8
10765,2025-09-15,43,2,3,4,768.47,650.07,118.4
10766,2025-09-15,262,3,3,1,71.41,51.89,19.52
10767,2025-09-16,297,1,5,2,441.9,307.37,134.53
10768,2025-09-16,280,3,4,4,422.86,305.03,117.83
10769,2025-09-16,324,4,1,2,110.26,65.92,44.34
10770,2025-09-16,126,1,2,1,235.02,164.27,70.75
10771,2025-09-16,26,5,1,1,43.22,29.51,13.71
10772,2025-09-16,396,5,4,2,93.9,61.38,32.52
10773,2025-09-16,437,5,4,2,119.41,85.64,33.77
10774,2025-09-16,287,4,5,5,309.85,179.05,130.8
10775,2025-09-16,24,4,1,5,343.92,174.31,169.61
10776,2025-09-16,491,5,3,2,62.04,46.19,15.85
10777,2025-09-16,30,3,2,5,407.98,295.26,112.72
10778,2025-09-16,288,4,4,5,414.4,212.26,202.14
10779,2025-09-17,359,6,1,3,83.72,68.51,15.21
10780,2025-09-17,86,4,2,3,189.27,102.12,87.15
10781,2025-09-17,86,5,2,3,131.96,98.58,33.38
10782,2025-09-17,412,2,5,3,626.69,548.71,77.98
10783,2025-09-17,16,3,2,1,77.59,59.52,18.07
10784,2025-09-17,429,6,4,3,126.06,102.82,23.24
10785,2025-09-17,195,1,2,2,520.82,360.55,160.27
10786,2025-09-17,119,1,4,2,735.59,466.87,268.72
10787,2025-09-17,83,5,1,3,136.04,96.11,39.93
10788,2025-09-17,500,3,5,1,80.87,57.81,23.06
10789,2025-09-17,233,6,1,5,159.4,122.21,37.19
10790,2025-09-18,210,3,3,5,310.58,230.96,79.62
10791,2025-09-18,82,5,1,2,87.26,64.07,23.19
10792,2025-09-18,306,2,5,5,1196.51,1039.3,157.21
10793,2025-09-18,437,2,4,4,1470.03,1212.05,257.98
10794,2025-09-18,204,4,4,5,422.36,212.66,209.7
10795,2025-09-18,425,4,5,2,102.64,57.79,44.85
10796,2025-09-18,240,4,1,1,64.59,37.99,26.6
10797,2025-09-18,57,3,1,2,178.94,141.05,37.89
10798,2025-09-18,28,4,2,2,123.61,68.92,54.69
10799,2025-09-19,466,2,2,5,1404.81,1135.92,268.89
10800,2025-09-19,427,5,4,3,149.67,104.18,45.49
10801,2025-09-19,240,4,1,1,62.87,35.98,26.89
10802,2025-09-19,122,2,2,4,956.21,766.13,190.08
10803,2025-09-19,460,2,5,1,264.41,225.1,39.31
10804,2025-09-19,174,4,5,2,107.8,64.06,43.74
10805,2025-09-19,163,1,1,1,240.79,161.49,79.3
10806,2025-09-19,219,1,5,5,1024.73,615.96,408.77
10807,2025-09-19,401,6,2,3,82.65,68.34,14.31
10808,2025-09-19,49,4,1,4,261.29,145.44,115.85
10809,2025-09-19,93,6,1,2,57.45,48.55,8.9
10810,2025-09-19,208,3,1,1,73.51,58.8,14.71
10811,2025-09-19,438,1,3,1,233.05,143.0,90.05
10812,2025-09-19,394,1,3,4,940.27,584.06,356.21
10813,2025-09-20,160,3,1,3,261.64,205.76,55.88
10814,2025-09-20,461,2,4,1,307.26,250.53,56.73
10815,2025-09-20,437,5,4,5,240.54,172.51,68.03
10816,2025-09-20,432,1,4,4,1276.37,826.59,449.78
10817,2025-09-20,325,4,1,1,72.42,41.3,31.12
10818,2025-09-20,255,3,5,2,134.4,95.52,38.88
10819,2025-09-20,433,6,1,3,81.7,63.32,18.38
10820,2025-09-20,58,5,1,3,116.33,85.38,30.95
10821,2025-09-20,419,1,4,1,323.78,202.13,121.65
10822,2025-09-20,390,6,2,2,62.37,52.35,10.02
10823,2025-09-20,358,1,3,3,724.63,444.75,279.88
10824,2025-09-20,428,4,4,5,380.0,226.53,153.47
10825,2025-09-20,225,2,1,4,905.37,749.31,156.06
10826,2025-09-20,272,1,1,1,233.04,145.04,88.0
10827,2025-09-20,306,2,5,4,1088.26,880.44,207.82
10828,2025-09-21,427,2,4,5,1792.28,1611.94,180.34
10829,2025-09-21,64,4,1,5,339.14,199.73,139.41
10830,2025-09-21,225,5,1,4,182.73,125.19,57.54
10831,2025-09-21,450,5,1,4,189.7,135.73,53.97
10832,2025-09-21,199,6,2,2,67.55,57.16,10.39
10833,2025-09-21,85,1,4,4,1342.83,845.5,497.33
10834,2025-09-21,425,3,5,3,214.89,153.91,60.98
10835,2025-09-21,386,5,4,3,148.28,103.78,44.5
10836,2025-09-21,11,4,1,2,134.3,75.72,58.58
10837,2025-09-21,458,5,4,1,57.34,37.87,19.47
10838,2025-09-21,127,6,5,1,26.15,21.59,4.56
10839,2025-09-21,354,5,2,5,200.36,134.42,65.94
10840,2025-09-21,226,5,2,2,74.02,51.06,22.96
10841,2025-09-22,339,1,5,5,1071.71,739.07,332.64
10842,2025-09-22,280,2,4,2,664.38,595.49,68.89
10843,2025-09-22,351,2,5,4,1060.75,939.2,121.55
10844,2025-09-22,315,1,3,1,233.61,159.26,74.35
10845,2025-09-22,210,3,3,5,366.32,268.18,98.14
10846,2025-09-22,420,1,5,3,645.11,444.08,201.03
10847,2025-09-22,435,3,4,4,441.72,331.56,110.16
10848,2025-09-22,71,6,2,2,54.22,44.43,9.79
10849,2025-09-22,379,4,5,1,64.59,35.4,29.19
10850,2025-09-22,334,5,2,5,218.36,149.77,68.59
10851,2025-09-22,358,6,3,5,120.82,98.43,22.39
10852,2025-09-22,445,1,3,4,893.3,604.41,288.89
10853,2025-09-22,289,5,1,1,38.69,27.57,11.12
10854,2025-09-23,204,5,4,1,58.73,43.86,14.87
10855,2025-09-23,174,6,5,3,80.87,67.84,13.03
10856,2025-09-23,341,1,5,2,450.7,303.46,147.24
10857,2025-09-23,169,4,5,1,59.94,34.63,25.31
10858,2025-09-23,68,3,4,5,528.55,377.84,150.71
10859,2025-09-23,63,2,2,2,472.43,396.53,75.9
10860,2025-09-23,454,6,1,3,82.2,68.89,13.31
10861,2025-09-23,260,4,2,1,61.17,34.01,27.16
10862,2025-09-23,386,2,4,3,1071.64,939.56,132.08
10863,2025-09-23,127,5,5,4,153.55,105.54,48.01
10864,2025-09-23,252,5,5,5,167.82,110.92,56.9
10865,2025-09-24,367,2,5,5,1235.27,1059.8,175.47
10866,2025-09-24,245,1,1,3,842.45,575.81,266.64
10867,2025-09-24,477,3,4,2,243.02,174.65,68.37
10868,2025-09-24,56,5,2,1,39.56,26.46,13.1
10869,2025-09-24,229,4,2,2,116.29,63.28,53.01
10870,2025-09-24,84,6,4,5,181.82,146.35,35.47
10871,2025-09-24,61,4,1,5,340.34,178.81,161.53
10872,2025-09-24,466,5,2,5,198.83,147.95,50.88
10873,2025-09-24,144,4,1,5,274.4,153.07,121.33
10874,2025-09-24,336,5,1,1,40.41,27.97,12.44
10875,2025-09-24,354,3,2,3,211.01,162.08,48.93
10876,2025-09-24,206,1,4,5,1479.4,937.77,541.63
10877,2025-09-25,69,5,3,5,144.99,96.9,48.09
10878,2025-09-25,186,1,3,2,452.27,285.18,167.09
10879,2025-09-25,284,4,2,5,260.81,133.6,127.21
10880,2025-09-25,384,6,1,5,171.33,129.15,42.18
10881,2025-09-25,176,1,4,3,1040.26,727.12,313.14
10882,2025-09-25,443,4,5,4,232.55,122.91,109.64
10883,2025-09-25,247,4,2,1,55.9,28.16,27.74
10884,2025-09-25,273,4,1,1,60.78,36.05,24.73
10885,2025-09-25,346,5,2,1,44.68,33.38,11.3
10886,2025-09-25,477,4,4,2,155.01,90.39,64.62
10887,2025-09-25,190,6,5,4,122.31,101.13,21.18
10888,2025-09-26,441,4,1,4,273.07,148.18,124.89
10889,2025-09-26,123,4,2,5,327.45,172.78,154.67
10890,2025-09-26,350,6,2,2,66.38,50.53,15.85
10891,2025-09-26,467,4,5,4,259.07,151.12,107.95
10892,2025-09-26,432,6,4,2,89.77,69.28,20.49
10893,2025-09-26,491,1,3,2,447.22,269.71,177.51
10894,2025-09-27,369,2,4,4,1493.96,1338.28,155.68
10895,2025-09-27,176,3,4,2,186.43,146.96,39.47
10896,2025-09-27,36,6,1,4,115.0,93.76,21.24
10897,2025-09-27,330,3,2,1,68.63,50.36,18.27
10898,2025-09-27,289,4,1,2,136.31,78.77,57.54
10899,2025-09-27,153,1,4,2,626.22,425.23,200.99
10900,2025-09-27,183,3,1,4,332.75,260.56,72.19
10901,2025-09-27,496,2,2,4,1122.94,910.07,212.87
10902,2025-09-27,233,2,1,5,1348.45,1198.6,149.85
10903,2025-09-27,159,2,1,3,887.75,755.82,131.93
10904,2025-09-27,98,3,4,2,203.74,144.07,59.67
10905,2025-09-27,427,5,4,3,159.64,110.58,49.06
10906,2025-09-27,245,5,1,3,121.19,80.53,40.66
10907,2025-09-27,352,2,1,4,1005.84,884.18,121.66
10908,2025-09-27,131,1,3,3,566.03,374.16,191.87
10909,2025-09-27,256,4,1,4,287.69,162.46,125.23
10910,2025-09-27,391,3,3,1,59.88,47.71,12.17
10911,2025-09-28,323,5,4,4,194.51,138.87,55.64
10912,2025-09-28,339,4,5,4,240.14,137.8,102.34
10913,2025-09-28,364,6,3,1,27.23,20.9,6.33
10914,2025-09-28,413,1,1,2,498.17,325.05,173.12
10915,2025-09-28,126,6,2,5,143.24,116.27,26.97
10916,2025-09-28,264,2,2,5,1258.73,1111.44,147.29
10917,2025-09-28,45,6,1,1,34.23,29.02,5.21
10918,2025-09-28,466,3,2,1,80.27,60.26,20.01
10919,2025-09-28,49,6,1,4,109.56,86.97,22.59
10920,2025-09-29,372,1,1,1,291.59,180.1,111.49
10921,2025-09-29,336,2,1,4,1203.29,1071.07,132.22
10922,2025-09-29,396,1,4,5,1588.89,967.47,621.42
10923,2025-09-29,341,3,5,5,345.48,245.12,100.36
10924,2025-09-29,157,1,3,2,487.28,312.17,175.11
10925,2025-09-29,330,2,2,2,425.68,363.57,62.11
10926,2025-09-29,110,2,4,2,711.73,607.79,103.94
10927,2025-09-29,255,1,5,1,263.28,174.13,89.15
10928,2025-09-29,19,5,1,3,107.11,75.76,31.35
10929,2025-09-30,360,1,2,4,1017.79,629.02,388.77
10930,2025-09-30,298,2,1,1,264.03,232.55,31.48
10931,2025-09-30,205,3,4,2,235.16,180.95,54.21
10932,2025-09-30,17,4,4,4,338.16,195.58,142.58
10933,2025-09-30,263,2,5,5,1136.81,951.75,185.06
10934,2025-09-30,463,1,5,3,662.56,420.59,241.97
10935,2025-09-30,81,2,5,5,1046.31,940.82,105.49
10936,2025-09-30,447,1,3,4,770.01,494.11,275.9
10937,2025-09-30,292,6,3,3,73.04,58.04,15.0
10938,2025-09-30,35,2,2,5,1331.22,1155.8,175.42
10939,2025-09-30,105,4,3,3,148.04,77.87,70.17
10940,2025-09-30,195,4,2,2,105.76,57.17,48.59
10941,2025-10-01,342,2,4,5,1766.1,1562.1,204.0
10942,2025-10-01,123,1,2,5,1299.36,808.28,491.08
10943,2025-10-01,340,6,3,4,100.62,78.44,22.18
10944,2025-10-01,159,6,1,1,34.07,25.96,8.11
10945,2025-10-01,160,4,1,5,297.26,159.66,137.6
10946,2025-10-01,188,1,5,5,1306.78,871.61,435.17
10947,2025-10-01,326,5,4,1,56.36,37.04,19.32
10948,2025-10-01,173,1,4,2,634.56,388.45,246.11
10949,2025-10-02,310,3,4,5,522.9,396.22,126.68
10950,2025-10-02,129,3,2,5,412.23,320.58,91.65
10951,2025-10-02,471,5,4,2,121.84,80.88,40.96
10952,2025-10-02,240,2,1,3,748.38,672.52,75.86
10953,2025-10-02,189,1,1,1,246.59,160.54,86.05
10954,2025-10-02,242,3,2,4,280.87,207.68,73.19
10955,2025-10-02,171,4,4,1,89.45,44.73,44.72
10956,2025-10-02,411,6,3,1,22.2,17.25,4.95
10957,2025-10-02,290,3,2,1,77.29,54.91,22.38
10958,2025-10-02,95,6,3,4,103.33,84.85,18.48
10959,2025-10-02,330,1,2,2,482.63,311.54,171.09
10960,2025-10-03,440,6,4,1,36.8,29.9,6.9
10961,2025-10-03,288,3,4,3,368.7,291.71,76.99
10962,2025-10-03,138,6,3,2,56.78,43.04,13.74
10963,2025-10-03,284,2,2,5,1269.76,1044.45,225.31
10964,2025-10-03,17,6,4,2,69.58,55.53,14.05
10965,2025-10-03,344,3,4,3,289.28,219.75,69.53
10966,2025-10-03,120,3,2,2,161.87,125.2,36.67
10967,2025-10-03,205,4,4,4,330.61,184.43,146.18
10968,2025-10-03,249,2,2,1,255.59,223.18,32.41
10969,2025-10-03,337,6,4,1,37.81,28.66,9.15
10970,2025-10-03,111,6,4,4,162.05,135.42,26.63
10971,2025-10-03,101,1,5,1,243.05,159.13,83.92
10972,2025-10-03,168,2,5,5,1149.92,940.68,209.24
10973,2025-10-04,167,3,5,3,255.81,180.59,75.22
10974,2025-10-04,153,2,4,5,1442.54,1210.57,231.97
10975,2025-10-04,359,1,1,3,709.56,475.47,234.09
10976,2025-10-04,441,6,1,5,139.29,112.28,27.01
10977,2025-10-04,446,1,2,1,228.22,155.76,72.46
10978,2025-10-04,215,6,5,4,110.7,92.06,18.64
10979,2025-10-04,164,6,5,4,123.88,95.29,28.59
10980,2025-10-04,420,4,5,4,222.2,113.5,108.7
10981,2025-10-04,455,1,1,2,482.44,299.3,183.14
10982,2025-10-04,474,3,4,4,378.21,284.4,93.81
10983,2025-10-05,157,2,3,1,219.31,192.04,27.27
10984,2025-10-05,245,5,1,4,186.08,125.28,60.8
10985,2025-10-05,79,3,1,2,185.15,146.07,39.08
10986,2025-10-05,382,4,1,5,315.52,179.88,135.64
10987,2025-10-05,453,4,1,4,255.3,140.25,115.05
10988,2025-10-05,47,6,4,4,156.5,124.88,31.62
10989,2025-10-05,483,3,4,5,524.86,374.98,149.88
10990,2025-10-05,234,1,2,3,733.21,465.15,268.06
10991,2025-10-05,237,6,1,5,179.66,144.67,34.99
10992,2025-10-05,161,3,4,1,98.62,70.78,27.84
10993,2025-10-05,104,1,4,2,661.5,424.22,237.28
10994,2025-10-05,32,3,5,1,74.43,56.33,18.1
10995,2025-10-05,427,6,4,5,232.41,192.1,40.31
10996,2025-10-05,279,3,4,4,422.33,331.89,90.44
10997,2025-10-05,252,1,5,4,1001.72,640.32,361.4
10998,2025-10-05,94,3,5,1,72.89,57.08,15.81
10999,2025-10-05,398,5,3,4,127.47,88.52,38.95
11000,2025-10-06,196,3,4,5,497.57,349.81,147.76
11001,2025-10-06,95,4,3,3,147.94,80.26,67.68
11002,2025-10-06,215,6,5,1,32.39,26.1,6.29
11003,2025-10-06,37,1,2,5,1233.43,783.32,450.11
11004,2025-10-06,379,1,5,5,1214.52,760.47,454.05
11005,2025-10-06,230,5,4,1,61.33,45.84,15.49
11006,2025-10-06,310,1,4,1,296.88,193.28,103.6
11007,2025-10-06,335,3,4,4,457.65,346.98,110.67
11008,2025-10-06,31,3,1,1,91.7,71.62,20.08
11009,2025-10-06,390,2,2,2,495.83,397.75,98.08
11010,2025-10-06,443,4,5,3,182.43,104.65,77.78
11011,2025-10-06,38,1,3,3,706.99,454.68,252.31
11012,2025-10-06,326,1,4,3,972.16,668.08,304.08
11013,2025-10-06,461,6,4,5,185.68,139.35,46.33
11014,2025-10-06,25,4,5,5,256.35,138.68,117.67
11015,2025-10-06,132,6,2,4,137.29,114.42,22.87
11016,2025-10-06,378,6,1,3,104.09,86.03,18.06
11017,2025-10-06,425,2,5,5,1115.28,939.8,175.48
11018,2025-10-06,126,4,2,4,248.04,137.81,110.23
11019,2025-10-07,295,2,2,1,264.83,215.06,49.77
11020,2025-10-07,419,5,4,5,295.54,194.36,101.18
11021,2025-10-07,231,3,5,4,309.87,247.73,62.14
11022,2025-10-07,229,4,2,5,340.12,183.28,156.84
11023,2025-10-07,459,1,1,5,1282.25,789.03,493.22
11024,2025-10-07,72,3,4,2,243.17,181.97,61.2
11025,2025-10-07,97,4,4,4,328.51,175.97,152.54
11026,2025-10-07,56,1,2,4,902.36,569.28,333.08
11027,2025-10-07,166,3,1,4,362.46,259.7,102.76
11028,2025-10-07,104,1,4,3,990.24,600.43,389.81
11029,2025-10-07,438,3,3,1,63.8,48.39,15.41
11030,2025-10-07,59,3,2,1,75.82,55.08,20.74
11031,2025-10-07,30,4,2,4,239.43,126.51,112.92
11032,2025-10-08,98,6,4,4,169.31,141.63,27.68
11033,2025-10-08,210,3,3,5,362.08,262.83,99.25
11034,2025-10-08,288,6,4,5,216.43,169.06,47.37
11035,2025-10-08,82,4,1,2,130.91,77.96,52.95
11036,2025-10-08,224,6,1,4,142.82,114.58,28.24
11037,2025-10-08,497,1,4,4,1332.57,916.13,416.44
11038,2025-10-08,151,2,1,2,468.78,416.13,52.65
11039,2025-10-08,70,1,4,5,1458.3,948.11,510.19
11040,2025-10-08,294,4,4,2,178.27,99.97,78.3
11041,2025-10-08,484,2,5,2,543.64,444.98,98.66
11042,2025-10-09,496,2,2,2,529.35,473.15,56.2
11043,2025-10-09,323,6,4,5,178.74,149.7,29.04
11044,2025-10-09,272,1,1,3,828.83,498.78,330.05
11045,2025-10-09,10,5,4,3,143.75,100.71,43.04
11046,2025-10-09,272,3,1,2,175.35,134.88,40.47
11047,2025-10-09,347,2,1,2,579.77,520.24,59.53
11048,2025-10-09,183,3,1,3,260.61,195.98,64.63
11049,2025-10-09,92,6,2,3,93.67,71.28,22.39
11050,2025-10-09,500,3,5,5,368.14,260.85,107.29
11051,2025-10-09,469,2,1,3,718.19,634.79,83.4
11052,2025-10-10,93,4,1,2,120.57,61.11,59.46
11053,2025-10-10,52,3,1,3,257.14,191.84,65.3
11054,2025-10-10,164,6,5,4,105.05,88.88,16.17
11055,2025-10-10,444,5,2,4,175.82,124.33,51.49
11056,2025-10-10,341,1,5,1,213.04,148.47,64.57
11057,2025-10-10,315,6,3,3,75.69,59.07,16.62
11058,2025-10-10,472,5,4,2,108.95,73.2,35.75
11059,2025-10-10,131,3,3,1,58.44,44.19,14.25
11060,2025-10-10,168,1,5,5,1312.91,801.56,511.35
11061,2025-10-10,350,2,2,2,514.54,416.54,98.0
11062,2025-10-10,71,3,2,2,167.51,132.46,35.05
11063,2025-10-10,479,6,2,5,142.67,117.31,25.36
11064,2025-10-10,134,2,3,4,847.58,703.75,143.83
11065,2025-10-10,214,6,4,2,84.03,65.58,18.45
11066,2025-10-10,175,5,4,2,115.8,78.45,37.35
11067,2025-10-10,424,1,1,2,510.06,324.91,185.15
11068,2025-10-10,446,1,2,5,1122.01,697.26,424.75
11069,2025-10-10,395,1,3,3,708.23,435.09,273.14
11070,2025-10-11,47,1,4,1,384.2,240.65,143.55
11071,2025-10-11,56,2,2,3,800.44,685.98,114.46
11072,2025-10-11,242,2,2,1,281.53,248.59,32.94
11073,2025-10-11,226,6,2,5,170.01,139.93,30.08
11074,2025-10-11,356,2,3,5,1205.15,1069.51,135.64
11075,2025-10-11,189,4,1,5,319.84,176.06,143.78
11076,2025-10-11,150,3,1,4,361.51,254.04,107.47
11077,2025-10-11,346,2,2,4,981.34,847.4,133.94
11078,2025-10-11,43,2,3,1,217.85,179.6,38.25
11079,2025-10-11,155,3,5,4,264.95,200.47,64.48
11080,2025-10-11,271,4,1,5,326.9,194.15,132.75
11081,2025-10-11,388,2,3,2,376.03,302.09,73.94
11082,2025-10-11,339,2,5,2,434.01,366.54,67.47
11083,2025-10-11,50,2,5,1,272.24,226.11,46.13
11084,2025-10-11,291,4,1,3,181.86,91.38,90.48
11085,2025-10-11,403,1,4,3,878.82,583.68,295.14
11086,2025-10-11,459,5,1,2,85.26,57.8,27.46
11087,2025-10-11,244,6,3,1,28.44,22.32,6.12
11088,2025-10-11,458,5,4,3,139.13,98.34,40.79
11089,2025-10-11,488,3,3,1,69.22,55.13,14.09
11090,2025-10-11,225,1,1,4,1086.23,670.14,416.09
11091,2025-10-12,433,1,1,4,946.06,621.93,324.13
11092,2025-10-12,479,5,2,5,193.54,128.0,65.54
11093,2025-10-12,483,4,4,3,261.54,156.27,105.27
11094,2025-10-12,250,5,1,1,37.88,27.8,10.08
11095,2025-10-12,342,3,4,2,192.72,153.09,39.63
11096,2025-10-12,39,1,2,1,249.95,173.76,76.19
11097,2025-10-12,136,6,1,3,106.67,90.37,16.3
11098,2025-10-12,104,3,4,2,199.64,141.09,58.55
11099,2025-10-12,75,5,1,1,48.24,35.85,12.39
11100,2025-10-12,57,6,1,2,66.03,53.32,12.71
11101,2025-10-12,485,4,4,1,72.63,38.06,34.57
11102,2025-10-12,443,3,5,2,165.27,118.51,46.76
11103,2025-10-12,76,4,1,4,229.24,132.2,97.04
11104,2025-10-13,449,2,3,1,213.42,186.87,26.55
11105,2025-10-13,172,3,3,2,152.98,110.55,42.43
11106,2025-10-13,483,1,4,5,1888.87,1253.81,635.06
11107,2025-10-13,205,6,4,5,182.94,150.4,32.54
11108,2025-10-13,145,6,2,2,53.26,40.74,12.52
11109,2025-10-13,437,2,4,3,1153.23,972.69,180.54
11110,2025-10-13,68,1,4,5,1801.63,1095.31,706.32
11111,2025-10-14,210,2,3,2,480.82,401.89,78.93
11112,2025-10-14,429,6,4,3,124.65,96.88,27.77
11113,2025-10-14,277,1,5,5,1233.78,756.39,477.39
11114,2025-10-14,98,6,4,1,42.92,35.5,7.42
11115,2025-10-14,444,5,2,1,35.02,24.31,10.71
11116,2025-10-14,441,1,1,3,789.72,525.49,264.23
11117,2025-10-14,393,5,4,3,183.44,126.11,57.33
11118,2025-10-14,281,6,2,5,162.73,133.49,29.24
11119,2025-10-14,322,5,4,4,203.14,150.91,52.23
11120,2025-10-14,209,3,2,5,412.83,314.44,98.39
11121,2025-10-14,251,2,1,3,824.57,677.57,147.0
11122,2025-10-14,179,3,2,2,178.53,134.51,44.02
11123,2025-10-14,294,5,4,3,141.77,101.1,40.67
11124,2025-10-14,398,6,3,3,70.72,57.06,13.66
11125,2025-10-14,11,3,1,5,401.49,303.94,97.55
11126,2025-10-14,117,6,4,5,229.66,179.24,50.42
11127,2025-10-14,147,5,3,1,35.66,23.24,12.42
11128,2025-10-15,289,6,1,3,83.6,63.07,20.53
11129,2025-10-15,257,3,5,4,316.1,249.97,66.13
11130,2025-10-15,252,1,5,5,1041.65,698.7,342.95
11131,2025-10-15,191,3,3,4,246.58,173.38,73.2
11132,2025-10-15,124,5,3,5,166.99,118.68,48.31
11133,2025-10-15,153,6,4,3,120.13,92.29,27.84
11134,2025-10-15,36,6,1,1,27.59,21.89,5.7
11135,2025-10-15,1,1,4,1,376.39,260.92,115.47
11136,2025-10-15,485,3,4,5,534.66,405.17,129.49
11137,2025-10-15,380,3,2,5,415.99,306.57,109.42
11138,2025-10-15,145,5,2,5,186.56,132.35,54.21
11139,2025-10-16,385,3,3,5,371.69,280.44,91.25
11140,2025-10-16,358,5,3,5,165.65,117.29,48.36
11141,2025-10-16,391,1,3,5,1029.32,700.28,329.04
11142,2025-10-16,402,5,5,2,87.33,63.44,23.89
11143,2025-10-16,100,4,5,1,50.85,29.43,21.42
11144,2025-10-16,220,6,5,3,87.85,72.96,14.89
11145,2025-10-16,216,5,3,4,127.57,87.96,39.61
11146,2025-10-16,426,1,3,4,922.28,581.01,341.27
11147,2025-10-16,287,5,5,3,128.72,91.42,37.3
11148,2025-10-16,166,3,1,4,351.67,277.98,73.69
11149,2025-10-16,230,3,4,4,410.34,289.94,120.4
11150,2025-10-16,196,3,4,3,282.55,212.74,69.81
11151,2025-10-17,320,1,4,1,387.09,242.76,144.33
11152,2025-10-17,73,4,1,4,286.41,148.22,138.19
11153,2025-10-17,144,2,1,2,588.09,507.7,80.39
11154,2025-10-17,377,1,4,2,665.18,418.96,246.22
11155,2025-10-17,275,2,3,2,463.52,376.47,87.05
11156,2025-10-17,347,2,1,2,453.36,399.62,53.74
11157,2025-10-17,387,6,1,5,174.42,141.89,32.53
11158,2025-10-17,13,6,3,2,46.64,37.16,9.48
11159,2025-10-17,185,2,1,1,270.82,227.85,42.97
11160,2025-10-18,344,1,4,1,352.11,235.83,116.28
11161,2025-10-18,378,3,1,1,81.19,62.46,18.73
11162,2025-10-18,41,1,2,1,231.35,156.67,74.68
11163,2025-10-18,22,5,1,4,172.83,127.55,45.28
11164,2025-10-18,480,6,3,1,24.54,19.35,5.19
11165,2025-10-18,48,4,1,5,355.19,211.4,143.79
11166,2025-10-18,363,4,1,2,110.56,56.92,53.64
11167,2025-10-18,97,3,4,5,607.27,433.68,173.59
11168,2025-10-18,168,1,5,2,516.49,356.84,159.65
11169,2025-10-18,303,6,4,5,208.63,167.91,40.72
11170,2025-10-18,99,5,5,5,189.81,129.59,60.22
11171,2025-10-18,242,4,2,2,103.47,52.98,50.49
11172,2025-10-18,127,5,5,1,42.0,29.07,12.93
11173,2025-10-18,161,1,4,3,932.48,565.92,366.56
11174,2025-10-18,41,2,2,1,226.97,199.22,27.75
11175,2025-10-18,394,5,3,3,95.91,67.64,28.27
11176,2025-10-19,53,4,2,5,334.35,168.08,166.27
11177,2025-10-19,218,3,1,1,75.7,53.79,21.91
11178,2025-10-19,96,6,3,4,115.71,87.43,28.28
11179,2025-10-19,31,2,1,2,530.2,475.37,54.83
11180,2025-10-19,178,5,4,4,184.6,127.68,56.92
11181,2025-10-19,384,2,1,1,291.08,244.05,47.03
11182,2025-10-19,239,2,2,4,1100.15,942.15,158.0
11183,2025-10-19,112,1,1,4,967.3,607.26,360.04
11184,2025-10-19,353,5,2,4,139.31,103.18,36.13
11185,2025-10-19,177,2,5,3,798.54,666.92,131.62
11186,2025-10-19,482,6,3,2,57.56,45.01,12.55
11187,2025-10-19,285,1,2,5,1189.28,796.24,393.04
11188,2025-10-19,415,3,1,1,86.31,62.82,23.49
11189,2025-10-19,46,2,2,1,225.65,198.38,27.27
11190,2025-10-20,496,2,2,4,1124.87,937.51,187.36
11191,2025-10-20,455,4,1,2,122.43,72.97,49.46
11192,2025-10-20,306,2,5,5,1328.05,1142.24,185.81
11193,2025-10-20,400,1,2,3,803.08,528.26,274.82
11194,2025-10-20,53,2,2,2,461.1,413.24,47.86
11195,2025-10-20,489,6,2,4,116.87,88.26,28.61
11196,2025-10-20,270,4,1,1,71.08,41.58,29.5
11197,2025-10-20,10,1,4,4,1474.58,904.7,569.88
11198,2025-10-20,320,1,4,3,1138.42,731.28,407.14
11199,2025-10-20,3,2,1,3,779.0,698.16,80.84
11200,2025-10-20,326,3,4,1,111.94,81.99,29.95
11201,2025-10-20,342,2,4,5,1808.98,1583.38,225.6
11202,2025-10-20,100,1,5,2,502.62,347.32,155.3
11203,2025-10-20,61,1,1,2,465.28,317.76,147.52
11204,2025-10-20,380,4,2,5,285.66,159.06,126.6
11205,2025-10-21,154,6,2,1,29.72,24.19,5.53
11206,2025-10-21,197,2,1,4,1024.88,889.29,135.59
11207,2025-10-21,73,5,1,3,110.83,72.18,38.65
11208,2025-10-21,47,5,4,2,118.47,77.15,41.32
11209,2025-10-21,78,3,1,2,162.07,115.55,46.52
11210,2025-10-21,368,6,1,3,104.09,87.59,16.5
11211,2025-10-21,178,5,4,2,114.99,75.16,39.83
11212,2025-10-21,476,2,1,3,704.67,591.99,112.68
11213,2025-10-21,288,3,4,2,212.52,152.06,60.46
11214,2025-10-21,253,1,2,2,486.83,315.91,170.92
11215,2025-10-21,14,4,2,1,55.29,31.18,24.11
11216,2025-10-21,445,1,3,4,851.89,519.34,332.55
11217,2025-10-21,28,6,2,1,29.68,24.53,5.15
11218,2025-10-21,437,2,4,1,309.2,274.15,35.05
11219,2025-10-21,235,6,1,3,103.78,81.67,22.11
11220,2025-10-21,161,4,4,2,154.03,86.48,67.55
11221,2025-10-21,269,2,1,2,450.73,398.15,52.58
11222,2025-10-21,263,5,5,2,69.48,52.02,17.46
11223,2025-10-22,420,3,5,1,77.84,56.01,21.83
11224,2025-10-22,393,1,4,4,1216.35,801.47,414.88
11225,2025-10-22,64,4,1,1,63.49,32.4,31.09
11226,2025-10-22,477,4,4,5,445.46,231.19,214.27
11227,2025-10-22,283,1,1,5,1168.78,812.44,356.34
11228,2025-10-22,411,5,3,3,97.15,64.45,32.7
11229,2025-10-22,272,5,1,3,116.33,83.3,33.03
11230,2025-10-22,231,5,5,1,34.49,23.04,11.45
11231,2025-10-23,246,6,2,3,92.59,73.31,19.28
11232,2025-10-23,111,1,4,3,1055.09,677.61,377.48
11233,2025-10-23,262,1,3,5,1100.23,668.67,431.56
11234,2025-10-23,49,6,1,3,97.05,75.08,21.97
11235,2025-10-23,197,4,1,2,137.96,72.86,65.1
11236,2025-10-23,346,2,2,2,557.91,493.23,64.68
11237,2025-10-23,166,4,1,3,180.65,90.55,90.1
11238,2025-10-23,279,3,4,1,112.63,81.64,30.99
11239,2025-10-23,346,3,2,3,216.24,162.54,53.7
11240,2025-10-23,27,6,3,2,56.36,46.93,9.43
11241,2025-10-23,18,4,1,2,134.94,76.0,58.94
11242,2025-10-23,39,6,2,5,144.75,116.71,28.04
11243,2025-10-23,65,4,1,4,225.4,126.41,98.99
11244,2025-10-23,137,4,2,1,64.13,35.78,28.35
11245,2025-10-23,382,6,1,4,111.91,90.1,21.81
11246,2025-10-24,480,4,3,3,174.67,97.24,77.43
11247,2025-10-24,346,2,2,1,234.25,191.97,42.28
11248,2025-10-24,29,1,4,4,1419.37,875.53,543.84
11249,2025-10-24,335,4,4,4,331.84,196.25,135.59
11250,2025-10-24,293,6,3,2,52.18,42.18,10.0
11251,2025-10-24,209,3,2,2,176.94,135.34,41.6
11252,2025-10-24,103,5,4,3,144.52,103.97,40.55
11253,2025-10-24,315,2,3,4,800.05,653.32,146.73
11254,2025-10-24,355,6,1,4,110.43,86.49,23.94
11255,2025-10-24,500,5,5,4,153.42,113.99,39.43
11256,2025-10-24,358,3,3,1,65.53,50.34,15.19
11257,2025-10-24,53,5,2,5,173.8,126.77,47.03
11258,2025-10-24,299,1,4,4,1298.19,853.02,445.17
11259,2025-10-24,94,6,5,5,126.74,95.39,31.35
11260,2025-10-24,372,1,1,4,1087.87,657.38,430.49
11261,2025-10-24,144,4,1,1,55.33,28.47,26.86
11262,2025-10-24,200,6,2,5,161.46,121.5,39.96
11263,2025-10-25,377,4,4,5,406.03,232.05,173.98
11264,2025-10-25,391,3,3,2,131.65,100.76,30.89
11265,2025-10-25,44,3,4,4,461.25,336.15,125.1
11266,2025-10-25,226,3,2,4,334.08,234.07,100.01
11267,2025-10-25,212,1,3,2,456.92,295.66,161.26
11268,2025-10-25,215,3,5,3,232.4,170.42,61.98
11269,2025-10-25,33,1,4,1,306.26,208.12,98.14
11270,2025-10-25,489,2,2,3,834.76,691.04,143.72
11271,2025-10-25,265,4,4,5,367.12,194.68,172.44
11272,2025-10-25,58,3,1,5,460.71,348.4,112.31
11273,2025-10-25,495,6,2,4,104.45,80.96,23.49
11274,2025-10-25,402,5,5,1,37.77,26.62,11.15
11275,2025-10-25,118,5,2,2,78.86,51.94,26.92
11276,2025-10-25,14,5,2,1,41.73,31.06,10.67
11277,2025-10-25,185,6,1,1,26.99,21.52,5.47
11278,2025-10-25,398,6,3,3,78.25,61.57,16.68
11279,2025-10-25,240,4,1,2,133.78,76.4,57.38
11280,2025-10-25,223,1,1,2,446.76,279.25,167.51
11281,2025-10-25,195,3,2,4,349.7,251.55,98.15
11282,2025-10-26,88,4,4,2,155.31,91.92,63.39
11283,2025-10-26,318,3,3,2,147.43,107.54,39.89
11284,2025-10-26,71,4,2,3,169.41,93.73,75.68
11285,2025-10-26,271,5,1,2,92.62,63.4,29.22
11286,2025-10-26,205,5,4,2,96.88,66.94,29.94
11287,2025-10-26,280,3,4,2,222.46,169.28,53.18
11288,2025-10-26,146,2,3,1,207.16,170.59,36.57
11289,2025-10-26,177,6,5,1,30.79,25.72,5.07
11290,2025-10-26,456,1,3,2,483.29,336.54,146.75
11291,2025-10-26,352,5,1,3,133.7,96.41,37.29
11292,2025-10-26,274,2,4,1,303.14,272.53,30.61
11293,2025-10-26,32,1,5,4,842.75,549.45,293.3
11294,2025-10-26,243,2,2,3,695.07,593.58,101.49
11295,2025-10-26,392,3,2,1,81.47,62.95,18.52
11296,2025-10-26,21,2,1,3,761.72,685.14,76.58
11297,2025-10-26,35,4,2,5,274.83,163.5,111.33
11298,2025-10-26,204,4,4,3,241.92,142.7,99.22
11299,2025-10-27,13,1,3,3,680.5,473.53,206.97
11300,2025-10-27,363,1,1,4,1152.26,726.95,425.31
11301,2025-10-27,338,5,2,2,85.11,58.93,26.18
11302,2025-10-27,269,2,1,5,1147.62,974.57,173.05
11303,2025-10-27,427,1,4,1,387.12,232.5,154.62
11304,2025-10-27,403,2,4,3,879.87,785.99,93.88
11305,2025-10-27,170,2,1,3,887.1,755.65,131.45
11306,2025-10-27,436,3,1,5,445.52,349.88,95.64
11307,2025-10-28,41,6,2,2,65.02,52.2,12.82
11308,2025-10-28,214,2,4,1,306.3,269.9,36.4
11309,2025-10-28,387,2,1,3,833.51,686.48,147.03
11310,2025-10-28,348,1,3,1,209.16,140.21,68.95
11311,2025-10-28,442,3,3,2,124.96,94.81,30.15
11312,2025-10-28,84,3,4,5,511.78,409.06,102.72
11313,2025-10-28,416,6,4,1,43.57,35.09,8.48
11314,2025-10-28,116,5,1,5,239.43,170.58,68.85
11315,2025-10-28,148,3,2,5,408.76,293.63,115.13
11316,2025-10-28,315,2,3,3,600.39,514.33,86.06
11317,2025-10-28,233,6,1,1,31.77,24.61,7.16
11318,2025-10-28,191,2,3,3,652.02,577.77,74.25
11319,2025-10-28,105,5,3,2,59.28,42.14,17.14
11320,2025-10-28,162,2,3,5,1021.8,827.47,194.33
11321,2025-10-28,20,6,4,2,88.24,67.88,20.36
11322,2025-10-28,312,1,1,5,1457.18,918.73,538.45
11323,2025-10-28,319,3,4,5,603.71,427.26,176.45
11324,2025-10-28,259,4,1,1,67.26,35.8,31.46
11325,2025-10-29,17,1,4,3,1056.0,702.25,353.75
11326,2025-10-29,284,3,2,3,264.54,193.31,71.23
11327,2025-10-29,323,2,4,3,1037.13,871.38,165.75
11328,2025-10-29,177,4,5,5,247.48,143.57,103.91
11329,2025-10-29,92,3,2,1,71.02,53.72,17.3
11330,2025-10-29,3,1,1,3,747.21,452.36,294.85
11331,2025-10-29,180,5,1,2,71.97,53.42,18.55
11332,2025-10-29,370,2,3,4,847.1,725.54,121.56
11333,2025-10-29,247,6,2,2,56.84,46.0,10.84
11334,2025-10-29,447,6,3,1,24.97,20.78,4.19
11335,2025-10-29,211,3,1,4,371.67,260.18,111.49
11336,2025-10-29,174,3,5,4,292.12,214.11,78.01
11337,2025-10-29,138,6,3,2,45.03,35.16,9.87
11338,2025-10-29,77,6,2,2,65.72,53.2,12.52
11339,2025-10-29,204,3,4,3,282.94,200.21,82.73
11340,2025-10-29,213,6,2,2,52.77,44.21,8.56
11341,2025-10-29,203,2,4,2,641.81,535.4,106.41
11342,2025-10-29,363,6,1,2,61.5,51.25,10.25
11343,2025-10-29,159,5,1,2,87.92,63.6,24.32
11344,2025-10-29,264,4,2,4,275.77,160.11,115.66
11345,2025-10-30,466,5,2,5,221.5,148.09,73.41
11346,2025-10-30,131,3,3,1,76.94,59.87,17.07
11347,2025-10-30,499,1,1,5,1179.65,791.51,388.14
11348,2025-10-30,472,2,4,2,573.89,493.78,80.11
11349,2025-10-30,469,5,1,3,143.88,97.38,46.5
11350,2025-10-30,241,2,2,2,495.63,421.14,74.49
11351,2025-10-30,386,3,4,2,218.79,156.15,62.64
11352,2025-10-30,282,3,1,3,271.85,202.91,68.94
11353,2025-10-30,409,5,1,1,46.01,30.07,15.94
11354,2025-10-30,113,3,2,4,301.25,238.53,62.72
11355,2025-10-30,458,6,4,5,219.12,179.54,39.58
11356,2025-10-30,214,4,4,2,160.71,87.18,73.53
11357,2025-10-30,242,4,2,4,251.57,130.41,121.16
11358,2025-10-30,494,2,3,1,201.93,161.73,40.2
11359,2025-10-31,166,6,1,5,176.66,149.8,26.86
11360,2025-10-31,472,2,4,1,364.19,291.63,72.56
11361,2025-10-31,176,1,4,1,327.41,197.68,129.73
11362,2025-10-31,372,5,1,2,81.98,56.71,25.27
11363,2025-10-31,243,4,2,1,59.97,34.81,25.16
11364,2025-10-31,448,4,3,4,184.32,110.45,73.87
11365,2025-10-31,405,2,3,3,542.14,443.69,98.45
11366,2025-10-31,365,3,5,5,420.9,331.39,89.51
11367,2025-10-31,109,3,4,3,335.66,260.36,75.3
11368,2025-10-31,163,5,1,1,46.72,32.56,14.16
11369,2025-10-31,397,2,3,5,1199.82,1016.93,182.89
11370,2025-10-31,280,1,4,5,1815.19,1221.09,594.1
11371,2025-10-31,257,4,5,5,293.0,161.68,131.32
11372,2025-10-31,195,2,2,3,830.42,669.76,160.66
11373,2025-11-01,285,4,2,2,124.91,69.94,54.97
11374,2025-11-01,445,4,3,1,47.18,27.27,19.91
11375,2025-11-01,329,4,3,5,247.34,132.32,115.02
11376,2025-11-01,209,4,2,3,203.56,103.7,99.86
11377,2025-11-01,423,3,5,2,169.9,125.09,44.81
11378,2025-11-01,226,1,2,3,831.23,540.92,290.31
11379,2025-11-01,75,2,1,4,985.27,826.62,158.65
11380,2025-11-01,460,6,5,4,105.56,88.64,16.92
11381,2025-11-01,22,6,1,1,29.97,23.38,6.59
11382,2025-11-01,425,3,5,1,68.05,53.24,14.81
11383,2025-11-01,3,5,1,3,133.69,93.76,39.93
11384,2025-11-01,296,3,4,5,502.36,370.98,131.38
11385,2025-11-01,388,6,3,2,48.95,38.83,10.12
11386,2025-11-01,420,2,5,2,407.21,347.31,59.9
11387,2025-11-01,20,1,4,5,1684.23,1113.96,570.27
11388,2025-11-01,130,2,5,4,988.18,878.28,109.9
11389,2025-11-01,42,5,5,3,102.33,72.68,29.65
11390,2025-11-02,329,1,3,3,619.73,376.43,243.3
11391,2025-11-02,260,1,2,5,1201.27,736.26,465.01
11392,2025-11-02,213,3,2,1,92.0,70.91,21.09
11393,2025-11-02,246,4,2,3,191.7,105.95,85.75
11394,2025-11-02,60,2,4,5,1902.68,1631.78,270.9
11395,2025-11-02,433,5,1,1,41.1,29.5,11.6
11396,2025-11-02,95,1,3,1,241.82,167.01,74.81
11397,2025-11-02,247,3,2,3,242.65,190.25,52.4
11398,2025-11-02,100,1,5,3,619.49,383.16,236.33
11399,2025-11-02,399,5,3,3,103.44,76.7,26.74
11400,2025-11-02,306,4,5,1,57.27,31.3,25.97
11401,2025-11-02,147,3,3,1,71.44,50.68,20.76
11402,2025-11-02,72,5,4,4,205.03,141.55,63.48
11403,2025-11-02,233,1,1,5,1204.72,735.4,469.32
11404,2025-11-02,180,5,1,3,117.01,82.31,34.7
11405,2025-11-03,322,4,4,2,154.1,83.26,70.84
11406,2025-11-03,133,1,3,5,1009.55,680.64,328.91
11407,2025-11-03,103,6,4,1,38.05,29.1,8.95
11408,2025-11-03,467,4,5,2,100.05,52.21,47.84
11409,2025-11-03,141,2,1,2,495.77,433.61,62.16
11410,2025-11-03,87,3,3,2,117.19,84.12,33.07
11411,2025-11-03,446,6,2,1,28.2,21.46,6.74
11412,2025-11-03,424,2,1,4,934.04,777.77,156.27
11413,2025-11-03,327,3,2,1,71.08,49.93,21.15
11414,2025-11-03,156,1,4,2,619.07,402.68,216.39
11415,2025-11-03,47,5,4,1,53.48,35.64,17.84
11416,2025-11-03,49,1,1,1,282.67,174.55,108.12
11417,2025-11-03,15,4,2,3,166.87,95.97,70.9
11418,2025-11-03,132,1,2,2,553.74,359.58,194.16
11419,2025-11-03,417,4,1,5,290.75,165.88,124.87
11420,2025-11-03,492,5,1,2,71.96,53.87,18.09
11421,2025-11-03,184,1,3,2,381.9,246.59,135.31
11422,2025-11-03,367,4,5,1,62.7,34.05,28.65
11423,2025-11-03,249,4,2,5,288.36,153.43,134.93
11424,2025-11-03,316,6,5,4,130.41,105.57,24.84
11425,2025-11-03,473,2,4,3,942.32,817.75,124.57
11426,2025-11-03,473,3,4,2,202.38,149.45,52.93
11427,2025-11-03,102,6,4,4,143.02,121.35,21.67
11428,2025-11-03,1,3,4,1,119.7,86.94,32.76
11429,2025-11-03,389,2,1,4,1003.04,875.83,127.21
11430,2025-11-04,476,5,1,5,211.95,146.36,65.59
11431,2025-11-04,11,4,1,1,60.31,30.87,29.44
11432,2025-11-04,395,6,3,4,111.31,87.85,23.46
11433,2025-11-04,150,6,1,4,135.83,106.26,29.57
11434,2025-11-04,270,6,1,4,119.03,97.17,21.86
11435,2025-11-04,116,5,1,5,220.0,157.18,62.82
11436,2025-11-04,492,2,1,1,257.75,227.82,29.93
11437,2025-11-04,107,2,4,2,643.21,545.66,97.55
11438,2025-11-04,435,1,4,4,1424.47,923.46,501.01
11439,2025-11-04,391,6,3,5,110.78,90.62,20.16
11440,2025-11-04,147,1,3,2,437.55,275.09,162.46
11441,2025-11-04,46,4,2,3,165.57,93.61,71.96
11442,2025-11-04,22,3,1,5,435.96,314.16,121.8
11443,2025-11-04,41,3,2,2,171.97,121.12,50.85
11444,2025-11-04,286,4,1,4,266.41,142.01,124.4
11445,2025-11-04,195,1,2,4,867.03,587.32,279.71
11446,2025-11-04,120,5,2,1,35.47,23.59,11.88
11447,2025-11-04,319,2,4,2,734.51,592.37,142.14
11448,2025-11-05,46,2,2,5,1419.01,1143.44,275.57
11449,2025-11-05,428,2,4,1,383.52,335.61,47.91
11450,2025-11-05,392,6,2,4,117.74,93.15,24.59
11451,2025-11-05,217,2,2,4,1079.33,915.14,164.19
11452,2025-11-05,160,2,1,2,479.78,392.77,87.01
11453,2025-11-05,105,2,3,3,634.03,560.6,73.43
11454,2025-11-05,319,5,4,5,275.25,184.65,90.6
11455,2025-11-05,278,5,3,4,133.39,92.09,41.3
11456,2025-11-05,360,2,2,4,1091.63,967.31,124.32
11457,2025-11-05,395,2,3,5,1218.3,976.92,241.38
11458,2025-11-05,19,5,1,2,75.57,55.91,19.66
11459,2025-11-05,400,1,2,4,955.52,631.34,324.18
11460,2025-11-05,445,6,3,3,80.4,66.82,13.58
11461,2025-11-05,145,2,2,3,837.08,746.98,90.1
11462,2025-11-05,152,3,5,3,239.85,172.11,67.74
11463,2025-11-05,438,2,3,1,231.89,208.18,23.71
11464,2025-11-05,274,4,4,1,87.99,45.77,42.22
11465,2025-11-05,491,1,3,5,1171.17,720.53,450.64
11466,2025-11-05,349,3,3,4,265.44,199.94,65.5
11467,2025-11-05,57,1,1,1,288.92,181.21,107.71
11468,2025-11-06,327,5,2,5,224.05,158.42,65.63
11469,2025-11-06,356,5,3,5,186.81,129.85,56.96
11470,2025-11-06,112,1,1,4,1188.82,750.48,438.34
11471,2025-11-06,103,2,4,2,660.28,538.47,121.81
11472,2025-11-06,283,1,1,3,695.99,474.73,221.26
11473,2025-11-06,48,2,1,2,517.29,451.32,65.97
11474,2025-11-06,162,4,3,3,160.17,94.97,65.2
11475,2025-11-06,169,1,5,3,627.56,413.39,214.17
11476,2025-11-06,70,6,4,5,216.11,165.59,50.52
11477,2025-11-06,101,4,5,5,297.65,166.21,131.44
11478,2025-11-06,241,1,2,5,1093.13,663.03,430.1
11479,2025-11-06,53,6,2,5,134.72,111.53,23.19
11480,2025-11-06,346,2,2,2,558.1,500.34,57.76
11481,2025-11-06,361,2,1,5,1264.22,1136.56,127.66
11482,2025-11-06,388,1,3,4,749.63,473.27,276.36
11483,2025-11-06,160,4,1,3,161.96,84.47,77.49
11484,2025-11-06,493,1,1,1,279.08,185.77,93.31
11485,2025-11-06,381,6,2,3,82.04,69.09,12.95
11486,2025-11-06,222,6,4,5,181.15,136.81,44.34
11487,2025-11-06,315,3,3,1,60.61,48.47,12.14
11488,2025-11-06,360,4,2,4,240.96,143.84,97.12
11489,2025-11-07,51,1,4,1,286.89,180.51,106.38
11490,2025-11-07,327,3,2,5,354.43,259.05,95.38
11491,2025-11-07,352,2,1,3,734.56,596.32,138.24
11492,2025-11-07,63,5,2,3,106.78,75.5,31.28
11493,2025-11-07,462,2,2,4,1028.45,829.79,198.66
11494,2025-11-07,428,4,4,1,80.6,46.78,33.82
11495,2025-11-07,462,4,2,3,166.5,91.81,74.69
11496,2025-11-07,353,5,2,5,215.66,151.14,64.52
11497,2025-11-07,277,6,5,4,117.48,94.17,23.31
11498,2025-11-07,85,6,4,2,71.77,58.99,12.78
11499,2025-11-07,87,1,3,3,696.25,478.21,218.04
11500,2025-11-07,85,1,4,4,1174.36,779.38,394.98
11501,2025-11-07,191,5,3,4,138.31,90.88,47.43
11502,2025-11-07,25,1,5,2,433.99,266.37,167.62
11503,2025-11-07,40,2,4,4,1400.73,1208.15,192.58
11504,2025-11-07,112,4,1,4,234.53,118.46,116.07
11505,2025-11-07,217,1,2,4,1065.3,714.23,351.07
11506,2025-11-07,41,4,2,5,342.04,202.85,139.19
11507,2025-11-08,10,1,4,5,1871.07,1240.79,630.28
11508,2025-11-08,266,6,2,5,129.3,107.25,22.05
11509,2025-11-08,474,5,4,3,137.98,102.61,35.37
11510,2025-11-08,10,1,4,2,669.17,410.37,258.8
11511,2025-11-08,296,6,4,4,149.13,121.84,27.29
11512,2025-11-08,210,5,3,3,103.37,74.98,28.39
11513,2025-11-08,390,1,2,4,1013.99,608.85,405.14
11514,2025-11-08,300,6,3,3,66.72,53.93,12.79
11515,2025-11-08,447,6,3,2,56.78,47.1,9.68
11516,2025-11-08,233,2,1,3,810.25,723.43,86.82
11517,2025-11-08,26,6,1,3,93.39,70.79,22.6
11518,2025-11-08,286,1,1,3,732.27,498.11,234.16
11519,2025-11-08,458,1,4,5,1693.24,1088.64,604.6
11520,2025-11-08,36,1,1,2,516.51,343.59,172.92
11521,2025-11-08,410,3,2,3,243.39,173.09,70.3
11522,2025-11-08,436,3,1,3,247.49,177.07,70.42
11523,2025-11-08,102,5,4,5,232.04,152.06,79.98
11524,2025-11-08,158,6,3,5,116.11,89.89,26.22
11525,2025-11-09,88,1,4,4,1454.76,970.91,483.85
11526,2025-11-09,183,5,1,3,125.85,84.63,41.22
11527,2025-11-09,128,6,1,3,108.51,84.48,24.03
11528,2025-11-09,434,4,5,2,113.05,62.02,51.03
11529,2025-11-09,346,6,2,1,33.95,26.88,7.07
11530,2025-11-09,335,5,4,4,233.91,154.35,79.56
11531,2025-11-09,318,6,3,5,146.3,114.84,31.46
11532,2025-11-09,144,3,1,2,166.32,120.3,46.02
11533,2025-11-09,34,4,5,3,161.47,94.41,67.06
11534,2025-11-09,207,1,4,1,304.86,183.46,121.4
11535,2025-11-09,26,2,1,2,531.9,451.96,79.94
11536,2025-11-09,435,2,4,2,708.93,620.07,88.86
11537,2025-11-09,444,1,2,5,1189.63,795.48,394.15
11538,2025-11-09,297,5,5,4,137.34,90.02,47.32
11539,2025-11-09,325,3,1,4,320.94,251.77,69.17
11540,2025-11-09,212,2,3,3,543.62,484.71,58.91
11541,2025-11-10,139,4,5,2,124.32,69.67,54.65
11542,2025-11-10,68,4,4,3,270.97,153.63,117.34
11543,2025-11-10,495,5,2,1,44.77,31.38,13.39
11544,2025-11-10,419,4,4,5,414.84,217.08,197.76
11545,2025-11-10,105,6,3,2,50.52,41.55,8.97
11546,2025-11-10,50,1,5,3,610.39,418.84,191.55
11547,2025-11-10,319,6,4,5,184.96,151.17,33.79
11548,2025-11-10,104,4,4,3,253.7,137.56,116.14
11549,2025-11-10,30,3,2,3,267.84,213.25,54.59
11550,2025-11-10,498,1,4,5,1782.88,1198.6,584.28
11551,2025-11-10,10,4,4,4,371.81,191.54,180.27
11552,2025-11-10,299,5,4,3,137.92,92.14,45.78
11553,2025-11-10,16,3,2,5,392.88,310.55,82.33
11554,2025-11-10,265,1,4,5,1525.51,986.18,539.33
11555,2025-11-10,145,1,2,4,978.07,662.98,315.09
11556,2025-11-11,368,6,1,5,147.44,120.46,26.98
11557,2025-11-11,262,5,3,2,65.85,47.74,18.11
11558,2025-11-11,106,4,1,3,211.75,111.47,100.28
11559,2025-11-11,184,5,3,3,112.65,73.4,39.25
11560,2025-11-11,308,2,5,2,470.6,377.4,93.2
11561,2025-11-11,32,1,5,3,625.56,395.79,229.77
11562,2025-11-11,304,2,4,5,1823.13,1584.01,239.12
11563,2025-11-11,171,5,4,2,110.81,72.35,38.46
11564,2025-11-11,293,3,3,3,189.75,140.9,48.85
11565,2025-11-11,223,2,1,1,259.11,211.83,47.28
11566,2025-11-11,72,5,4,4,243.27,162.82,80.45
11567,2025-11-11,108,2,4,4,1502.45,1266.83,235.62
11568,2025-11-11,381,3,2,2,150.75,105.88,44.87
11569,2025-11-11,149,6,2,5,148.81,123.92,24.89
11570,2025-11-11,496,3,2,1,88.63,63.74,24.89
11571,2025-11-11,187,3,5,1,78.35,58.0,20.35
11572,2025-11-11,374,6,1,3,90.74,71.5,19.24
11573,2025-11-11,78,3,1,1,94.89,69.31,25.58
11574,2025-11-12,327,4,2,2,104.36,61.06,43.3
11575,2025-11-12,43,1,3,5,931.86,572.62,359.24
11576,2025-11-12,277,1,5,2,540.72,337.43,203.29
11577,2025-11-12,474,1,4,2,647.82,409.65,238.17
11578,2025-11-12,458,4,4,5,447.02,233.99,213.03
11579,2025-11-12,37,4,2,3,176.96,94.38,82.58
11580,2025-11-12,327,5,2,4,155.9,109.34,46.56
11581,2025-11-12,307,3,4,5,587.67,431.6,156.07
11582,2025-11-12,420,6,5,5,147.24,125.05,22.19
11583,2025-11-12,186,1,3,1,194.63,132.95,61.68
11584,2025-11-12,143,3,4,3,368.37,263.64,104.73
11585,2025-11-12,142,2,4,4,1460.33,1257.14,203.19
11586,2025-11-12,24,4,1,4,265.6,149.16,116.44
11587,2025-11-13,347,4,1,1,57.29,31.63,25.66
11588,2025-11-13,81,1,5,5,1327.15,888.0,439.15
11589,2025-11-13,441,6,1,4,125.23,101.88,23.35
11590,2025-11-13,22,1,1,1,250.49,153.1,97.39
11591,2025-11-13,72,4,4,1,86.02,45.21,40.81
11592,2025-11-13,84,4,4,1,72.56,42.14,30.42
11593,2025-11-13,44,2,4,4,1521.39,1301.73,219.66
11594,2025-11-13,113,2,2,3,777.89,663.67,114.22
11595,2025-11-13,222,5,4,1,57.62,39.56,18.06
11596,2025-11-13,337,3,4,3,285.69,215.42,70.27
11597,2025-11-13,279,6,4,5,174.8,137.13,37.67
11598,2025-11-13,398,1,3,4,826.76,503.28,323.48
11599,2025-11-13,464,5,5,2,68.44,49.53,18.91
11600,2025-11-13,338,2,2,3,711.69,629.78,81.91
11601,2025-11-13,133,2,3,4,971.59,834.75,136.84
11602,2025-11-13,38,1,3,1,219.15,149.24,69.91
11603,2025-11-13,40,1,4,1,303.8,202.39,101.41
11604,2025-11-13,156,5,4,4,245.17,173.36,71.81
11605,2025-11-13,482,3,3,4,310.19,229.02,81.17
11606,2025-11-13,37,6,2,2,59.24,48.1,11.14
11607,2025-11-13,16,3,2,5,372.24,285.74,86.5
11608,2025-11-13,165,5,4,2,102.8,67.5,35.3
11609,2025-11-13,87,3,3,4,288.48,202.25,86.23
11610,2025-11-13,485,3,4,5,470.43,331.67,138.76
11611,2025-11-13,364,5,3,3,108.37,70.88,37.49
11612,2025-11-13,241,3,2,3,211.97,160.1,51.87
11613,2025-11-14,296,5,4,4,205.95,139.92,66.03
11614,2025-11-14,58,1,1,2,526.22,323.33,202.89
11615,2025-11-14,376,1,4,2,761.41,499.19,262.22
11616,2025-11-14,74,2,3,1,219.76,189.06,30.7
11617,2025-11-14,419,4,4,2,170.5,90.95,79.55
11618,2025-11-14,292,5,3,4,141.81,94.49,47.32
11619,2025-11-14,216,6,3,2,52.63,43.15,9.48
11620,2025-11-14,240,2,1,1,277.51,223.71,53.8
11621,2025-11-14,98,1,4,2,669.77,427.39,242.38
11622,2025-11-14,410,6,2,4,112.04,85.15,26.89
11623,2025-11-14,284,1,2,1,230.11,160.33,69.78
11624,2025-11-14,492,2,1,1,246.36,201.92,44.44
11625,2025-11-15,127,1,5,1,234.96,156.56,78.4
11626,2025-11-15,431,3,3,3,188.41,139.98,48.43
11627,2025-11-15,248,3,4,3,286.83,219.67,67.16
11628,2025-11-15,296,1,4,3,1019.28,617.0,402.28
11629,2025-11-15,32,5,5,5,210.91,156.13,54.78
11630,2025-11-15,499,3,1,1,83.6,62.79,20.81
11631,2025-11-15,196,3,4,3,348.08,261.35,86.73
11632,2025-11-15,26,2,1,1,236.95,197.04,39.91
11633,2025-11-15,475,6,1,3,99.5,76.83,22.67
11634,2025-11-15,75,1,1,2,599.07,412.86,186.21
11635,2025-11-15,252,6,5,5,152.12,119.68,32.44
11636,2025-11-15,1,3,4,1,107.32,80.06,27.26
11637,2025-11-15,334,4,2,2,116.61,68.05,48.56
11638,2025-11-15,340,1,3,5,932.1,580.85,351.25
11639,2025-11-15,428,1,4,3,863.72,531.41,332.31
11640,2025-11-15,374,3,1,1,87.6,68.69,18.91
11641,2025-11-15,458,1,4,4,1310.94,802.42,508.52
11642,2025-11-15,86,6,2,2,63.06,53.56,9.5
11643,2025-11-15,333,6,3,3,79.8,66.27,13.53
11644,2025-11-15,392,3,2,2,154.84,123.6,31.24
11645,2025-11-15,497,3,4,1,117.68,83.27,34.41
11646,2025-11-15,318,1,3,1,216.33,132.12,84.21
11647,2025-11-15,216,2,3,4,758.5,649.58,108.92
11648,2025-11-16,77,6,2,3,89.02,71.09,17.93
11649,2025-11-16,156,2,4,3,1058.28,937.49,120.79
11650,2025-11-16,433,1,1,1,237.42,162.18,75.24
11651,2025-11-16,119,4,4,1,77.71,46.58,31.13
11652,2025-11-16,128,5,1,5,225.27,156.76,68.51
11653,2025-11-16,371,5,4,2,119.78,88.88,30.9
11654,2025-11-16,80,5,2,5,199.29,138.58,60.71
11655,2025-11-16,206,6,4,4,185.05,140.03,45.02
11656,2025-11-16,308,5,5,2,64.9,44.01,20.89
11657,2025-11-16,213,3,2,4,323.6,248.82,74.78
11658,2025-11-16,242,6,2,4,135.84,115.18,20.66
11659,2025-11-16,456,3,3,3,185.93,131.57,54.36
11660,2025-11-16,104,2,4,2,729.28,592.65,136.63
11661,2025-11-16,141,4,1,2,124.28,71.38,52.9
11662,2025-11-16,291,4,1,2,134.49,78.58,55.91
11663,2025-11-16,353,1,2,2,491.35,306.27,185.08
11664,2025-11-16,417,4,1,4,225.33,112.94,112.39
11665,2025-11-16,457,6,4,4,164.01,128.57,35.44
11666,2025-11-16,188,5,5,5,200.19,133.13,67.06
11667,2025-11-16,425,4,5,3,147.53,76.26,71.27
11668,2025-11-16,252,4,5,4,227.3,114.06,113.24
11669,2025-11-17,260,1,2,4,1012.73,695.14,317.59
11670,2025-11-17,83,3,1,5,358.08,271.17,86.91
11671,2025-11-17,387,1,1,1,249.38,167.11,82.27
11672,2025-11-17,449,6,3,5,118.21,92.48,25.73
11673,2025-11-17,294,2,4,3,996.42,842.97,153.45
11674,2025-11-17,177,5,5,5,181.11,135.6,45.51
11675,2025-11-17,213,2,2,2,558.99,469.3,89.69
11676,2025-11-17,61,1,1,4,1113.38,718.08,395.3
11677,2025-11-17,374,1,1,2,532.04,356.7,175.34
11678,2025-11-17,27,6,3,1,25.66,21.29,4.37
11679,2025-11-17,371,6,4,3,115.02,91.15,23.87
11680,2025-11-17,253,5,2,4,152.4,100.34,52.06
11681,2025-11-17,240,3,1,1,94.1,67.82,26.28
11682,2025-11-17,105,1,3,1,189.31,123.3,66.01
11683,2025-11-17,236,6,2,5,164.62,124.83,39.79
11684,2025-11-17,215,1,5,1,244.54,163.47,81.07
11685,2025-11-17,104,6,4,4,162.32,134.27,28.05
11686,2025-11-18,392,6,2,5,165.99,125.94,40.05
11687,2025-11-18,460,1,5,2,408.08,284.93,123.15
11688,2025-11-18,227,2,5,4,819.46,704.17,115.29
11689,2025-11-18,489,5,2,1,37.33,26.64,10.69
11690,2025-11-18,229,4,2,4,206.79,118.08,88.71
11691,2025-11-18,356,6,3,1,27.91,21.64,6.27
11692,2025-11-18,258,5,3,5,175.6,121.65,53.95
11693,2025-11-18,491,3,3,5,334.18,261.42,72.76
11694,2025-11-18,2,5,5,1,37.96,24.92,13.04
11695,2025-11-18,42,6,5,4,128.85,102.33,26.52
11696,2025-11-18,427,5,4,5,246.52,165.15,81.37
11697,2025-11-18,292,1,3,4,730.3,485.7,244.6
11698,2025-11-18,166,1,1,4,1197.2,770.92,426.28
11699,2025-11-18,478,4,5,2,116.31,67.82,48.49
11700,2025-11-18,490,6,2,5,128.86,104.18,24.68
11701,2025-11-18,5,1,4,5,1597.1,979.98,617.12
11702,2025-11-18,219,1,5,3,682.3,413.63,268.67
11703,2025-11-18,102,3,4,4,495.35,364.91,130.44
11704,2025-11-18,6,6,2,1,26.28,21.18,5.1
11705,2025-11-19,238,3,4,5,613.8,432.25,181.55
11706,2025-11-19,105,4,3,5,240.16,126.87,113.29
11707,2025-11-19,160,3,1,1,86.49,67.71,18.78
11708,2025-11-19,97,3,4,1,111.13,85.23,25.9
11709,2025-11-19,147,4,3,1,54.98,28.82,26.16
11710,2025-11-19,285,4,2,5,291.01,170.54,120.47
11711,2025-11-19,395,5,3,4,121.88,81.27,40.61
11712,2025-11-19,198,3,2,1,74.98,53.41,21.57
11713,2025-11-19,66,4,1,3,199.52,101.45,98.07
11714,2025-11-19,48,1,1,3,818.54,513.93,304.61
11715,2025-11-19,285,2,2,3,858.37,690.68,167.69
11716,2025-11-19,111,3,4,4,399.68,316.35,83.33
11717,2025-11-19,134,3,3,1,70.34,55.22,15.12
11718,2025-11-19,203,6,4,3,123.11,103.34,19.77
11719,2025-11-19,331,5,3,2,62.67,44.94,17.73
11720,2025-11-19,287,5,5,5,206.67,151.98,54.69
11721,2025-11-20,94,2,5,3,664.02,587.64,76.38
11722,2025-11-20,257,3,5,3,222.04,172.22,49.82
11723,2025-11-20,351,3,5,4,311.12,236.6,74.52
11724,2025-11-20,200,2,2,3,775.43,650.29,125.14
11725,2025-11-20,47,5,4,1,61.1,45.55,15.55
11726,2025-11-20,382,5,1,5,196.4,130.42,65.98
11727,2025-11-20,367,4,5,3,178.69,93.58,85.11
11728,2025-11-20,32,5,5,1,38.71,25.62,13.09
11729,2025-11-20,187,6,5,4,104.48,83.05,21.43
11730,2025-11-20,498,4,4,4,302.99,160.58,142.41
11731,2025-11-21,407,3,5,3,259.42,196.63,62.79
11732,2025-11-21,125,1,4,5,1778.32,1144.1,634.22
11733,2025-11-21,174,1,5,3,770.8,488.59,282.21
11734,2025-11-21,146,4,3,5,271.52,147.91,123.61
11735,2025-11-21,338,6,2,5,130.16,102.4,27.76
11736,2025-11-21,14,6,2,4,124.74,102.34,22.4
11737,2025-11-21,32,6,5,1,28.01,22.78,5.23
11738,2025-11-21,387,1,1,3,695.19,431.11,264.08
11739,2025-11-21,465,6,1,5,144.62,109.01,35.61
11740,2025-11-21,394,2,3,2,465.91,373.92,91.99
11741,2025-11-21,370,4,3,2,111.68,65.54,46.14
11742,2025-11-21,395,3,3,5,390.67,299.42,91.25
11743,2025-11-22,120,4,2,5,315.94,187.43,128.51
11744,2025-11-22,350,5,2,4,140.33,92.03,48.3
11745,2025-11-22,105,2,3,5,1128.47,942.45,186.02
11746,2025-11-22,469,6,1,4,132.8,110.94,21.86
11747,2025-11-22,432,3,4,4,400.56,319.17,81.39
11748,2025-11-22,387,2,1,4,1036.06,850.68,185.38
11749,2025-11-22,476,1,1,3,811.22,553.92,257.3
11750,2025-11-22,384,1,1,1,272.94,168.25,104.69
11751,2025-11-22,189,4,1,4,225.82,128.08,97.74
11752,2025-11-22,157,1,3,3,555.36,369.23,186.13
11753,2025-11-22,305,5,4,2,94.38,64.61,29.77
11754,2025-11-22,194,1,3,1,226.92,147.92,79.0
11755,2025-11-22,325,3,1,5,393.3,301.43,91.87
11756,2025-11-22,311,6,3,4,90.72,72.3,18.42
11757,2025-11-22,342,6,4,5,198.54,165.39,33.15
11758,2025-11-22,45,4,1,3,179.44,89.73,89.71
11759,2025-11-22,485,6,4,5,215.0,177.37,37.63
11760,2025-11-22,66,3,1,4,339.08,270.81,68.27
11761,2025-11-22,469,1,1,2,487.08,300.3,186.78
11762,2025-11-22,424,1,1,5,1127.14,758.92,368.22
11763,2025-11-22,93,3,1,2,158.46,116.62,41.84
11764,2025-11-22,356,4,3,4,188.09,108.73,79.36
11765,2025-11-22,424,1,1,3,676.8,417.75,259.05
11766,2025-11-22,43,3,3,4,277.6,199.77,77.83
11767,2025-11-22,229,2,2,2,429.34,364.34,65.0
11768,2025-11-23,166,4,1,1,69.26,40.87,28.39
11769,2025-11-23,30,5,2,5,193.08,127.43,65.65
11770,2025-11-23,24,3,1,5,481.95,374.06,107.89
11771,2025-11-23,338,2,2,2,445.13,369.9,75.23
11772,2025-11-23,29,4,4,4,294.61,160.56,134.05
11773,2025-11-23,81,1,5,3,785.61,540.11,245.5
11774,2025-11-23,28,4,2,1,61.46,34.56,26.9
11775,2025-11-23,218,2,1,1,247.54,208.14,39.4
11776,2025-11-23,164,1,5,1,265.84,181.88,83.96
11777,2025-11-23,458,1,4,3,1027.54,644.86,382.68
11778,2025-11-23,345,6,2,5,165.3,124.75,40.55
11779,2025-11-23,133,1,3,5,1006.41,641.07,365.34
11780,2025-11-23,384,5,1,5,236.36,167.3,69.06
11781,2025-11-23,239,1,2,4,1015.08,656.12,358.96
11782,2025-11-23,316,1,5,1,245.83,166.51,79.32
11783,2025-11-24,137,1,2,5,1166.11,747.15,418.96
11784,2025-11-24,357,4,4,2,145.28,77.8,67.48
11785,2025-11-24,419,2,4,2,575.62,497.08,78.54
11786,2025-11-24,198,2,2,3,753.14,663.13,90.01
11787,2025-11-24,296,2,4,4,1298.81,1077.99,220.82
11788,2025-11-24,469,1,1,4,1204.3,803.52,400.78
11789,2025-11-24,230,5,4,4,203.12,139.99,63.13
11790,2025-11-24,77,4,2,5,320.68,166.02,154.66
11791,2025-11-24,368,2,1,2,495.73,428.58,67.15
11792,2025-11-24,172,1,3,3,726.03,503.36,222.67
11793,2025-11-24,138,3,3,3,197.78,150.32,47.46
11794,2025-11-25,307,3,4,1,108.52,78.72,29.8
11795,2025-11-25,258,6,3,5,124.34,94.25,30.09
11796,2025-11-25,95,1,3,5,1212.79,808.78,404.01
11797,2025-11-25,97,1,4,4,1203.29,795.51,407.78
11798,2025-11-25,98,3,4,3,367.88,292.06,75.82
11799,2025-11-25,407,3,5,5,434.19,337.31,96.88
11800,2025-11-25,272,1,1,2,476.22,288.23,187.99
11801,2025-11-25,134,2,3,4,796.31,707.46,88.85
11802,2025-11-25,326,6,4,2,85.67,65.97,19.7
11803,2025-11-25,342,2,4,5,1845.46,1608.6,236.86
11804,2025-11-25,303,5,4,5,288.09,199.79,88.3
11805,2025-11-25,79,6,1,4,110.96,88.06,22.9
11806,2025-11-25,334,3,2,1,70.02,55.85,14.17
11807,2025-11-25,465,6,1,4,110.1,87.53,22.57
11808,2025-11-25,13,3,3,5,321.25,252.86,68.39
11809,2025-11-25,411,6,3,5,139.06,110.46,28.6
11810,2025-11-25,135,6,4,3,138.25,104.91,33.34
11811,2025-11-25,423,2,5,2,509.01,455.38,53.63
11812,2025-11-26,150,3,1,1,83.28,63.53,19.75
11813,2025-11-26,333,4,3,3,167.82,95.75,72.07
11814,2025-11-26,50,5,5,5,184.28,124.19,60.09
11815,2025-11-26,14,6,2,3,94.58,78.41,16.17
11816,2025-11-26,312,1,1,1,273.17,180.7,92.47
11817,2025-11-26,76,5,1,2,93.55,66.69,26.86
11818,2025-11-26,500,4,5,4,221.6,111.72,109.88
11819,2025-11-26,316,6,5,3,90.33,70.78,19.55
11820,2025-11-26,87,4,3,1,54.76,32.03,22.73
11821,2025-11-26,343,2,1,2,576.8,514.06,62.74
11822,2025-11-26,291,5,1,5,208.81,156.53,52.28
11823,2025-11-26,364,6,3,5,128.51,98.28,30.23
11824,2025-11-26,79,3,1,5,429.03,312.46,116.57
11825,2025-11-26,54,5,2,4,146.9,101.92,44.98
11826,2025-11-26,300,1,3,4,825.56,538.54,287.02
11827,2025-11-26,141,4,1,1,55.49,31.95,23.54
11828,2025-11-26,151,3,1,2,185.26,147.69,37.57
11829,2025-11-26,1,5,4,4,237.56,173.75,63.81
11830,2025-11-26,201,3,2,4,286.86,220.16,66.7
11831,2025-11-26,67,3,5,3,246.14,187.51,58.63
11832,2025-11-26,57,3,1,3,280.58,220.42,60.16
11833,2025-11-27,47,5,4,1,53.55,36.16,17.39
11834,2025-11-27,229,1,2,3,781.84,471.95,309.89
11835,2025-11-27,293,5,3,2,62.35,43.3,19.05
11836,2025-11-27,41,3,2,5,387.32,275.27,112.05
11837,2025-11-27,29,4,4,2,163.97,91.49,72.48
11838,2025-11-27,84,3,4,2,216.25,172.89,43.36
11839,2025-11-27,329,3,3,2,154.3,115.36,38.94
11840,2025-11-27,274,4,4,1,91.02,54.59,36.43
11841,2025-11-27,132,2,2,1,262.03,222.31,39.72
11842,2025-11-27,75,5,1,1,42.24,31.44,10.8
11843,2025-11-27,453,3,1,1,74.78,56.75,18.03
11844,2025-11-27,351,3,5,4,336.21,266.96,69.25
11845,2025-11-27,39,3,2,5,385.92,300.38,85.54
11846,2025-11-27,219,4,5,3,189.15,112.44,76.71
11847,2025-11-27,193,6,4,5,181.88,147.83,34.05
11848,2025-11-27,306,1,5,1,211.22,135.28,75.94
11849,2025-11-27,463,6,5,3,83.95,70.54,13.41
11850,2025-11-27,112,4,1,2,144.73,74.25,70.48
11851,2025-11-27,376,2,4,3,1061.23,897.54,163.69
11852,2025-11-28,136,6,1,1,30.75,25.42,5.33
11853,2025-11-28,352,5,1,3,120.55,79.65,40.9
11854,2025-11-28,98,4,4,3,211.11,111.87,99.24
11855,2025-11-28,96,2,3,2,465.75,400.72,65.03
11856,2025-11-28,24,4,1,5,300.62,163.57,137.05
11857,2025-11-28,277,2,5,1,224.72,186.84,37.88
11858,2025-11-28,236,4,2,3,202.06,109.7,92.36
11859,2025-11-28,9,1,2,3,719.31,477.08,242.23
11860,2025-11-28,343,3,1,5,372.01,272.38,99.63
11861,2025-11-28,4,2,1,2,456.01,399.79,56.22
11862,2025-11-28,113,4,2,4,265.76,138.64,127.12
11863,2025-11-28,252,6,5,3,79.07,64.86,14.21
11864,2025-11-28,287,4,5,2,106.56,53.64,52.92
11865,2025-11-29,471,4,4,1,83.48,45.57,37.91
11866,2025-11-29,93,5,1,3,128.53,84.92,43.61
11867,2025-11-29,177,4,5,3,177.18,96.47,80.71
11868,2025-11-29,153,2,4,4,1375.28,1108.15,267.13
11869,2025-11-29,482,6,3,4,100.42,84.01,16.41
11870,2025-11-29,383,1,4,4,1291.91,884.39,407.52
11871,2025-11-29,331,4,3,5,228.7,121.9,106.8
11872,2025-11-29,497,4,4,2,184.09,94.9,89.19
11873,2025-11-29,396,2,4,5,1780.67,1535.24,245.43
11874,2025-11-29,314,3,3,4,251.82,192.86,58.96
11875,2025-11-29,39,3,2,4,361.43,254.74,106.69
11876,2025-11-29,225,1,1,3,721.66,497.55,224.11
11877,2025-11-29,273,1,1,5,1395.82,950.11,445.71
11878,2025-11-29,385,4,3,2,115.81,58.62,57.19
11879,2025-11-29,16,6,2,3,86.02,71.7,14.32
11880,2025-11-29,192,1,2,5,1359.1,915.85,443.25
11881,2025-11-29,439,2,4,2,663.05,540.27,122.78
11882,2025-11-29,328,6,1,4,107.32,90.49,16.83
11883,2025-11-29,75,3,1,1,77.5,55.18,22.32
11884,2025-11-29,254,2,3,3,672.37,601.73,70.64
11885,2025-11-29,400,3,2,2,165.49,119.71,45.78
11886,2025-11-29,476,2,1,2,476.49,411.74,64.75
11887,2025-11-29,376,3,4,2,235.0,170.66,64.34
11888,2025-11-29,355,1,1,3,717.33,452.18,265.15
11889,2025-11-29,425,6,5,1,28.4,23.88,4.52
11890,2025-11-29,157,4,3,3,155.88,82.89,72.99
11891,2025-11-30,46,3,2,5,361.0,287.18,73.82
11892,2025-11-30,395,5,3,3,104.8,70.0,34.8
11893,2025-11-30,310,3,4,3,315.2,237.7,77.5
11894,2025-11-30,156,5,4,4,203.37,135.67,67.7
11895,2025-11-30,377,2,4,1,295.25,263.06,32.19
11896,2025-11-30,265,6,4,3,121.83,96.14,25.69
11897,2025-11-30,80,1,2,5,1386.01,930.84,455.17
11898,2025-11-30,112,1,1,4,978.4,684.54,293.86
11899,2025-11-30,326,2,4,1,362.47,308.86,53.61
11900,2025-11-30,110,1,4,3,877.27,580.68,296.59
11901,2025-11-30,449,6,3,2,53.67,43.5,10.17
11902,2025-11-30,153,1,4,3,1140.67,710.37,430.3
11903,2025-11-30,262,5,3,2,59.26,42.99,16.27
11904,2025-11-30,85,6,4,4,165.13,138.43,26.7
11905,2025-11-30,231,4,5,3,167.31,90.74,76.57
11906,2025-11-30,361,3,1,5,469.91,342.41,127.5
11907,2025-11-30,363,6,1,2,66.05,53.13,12.92
11908,2025-11-30,169,3,5,3,196.51,139.09,57.42
11909,2025-12-01,425,4,5,4,201.4,107.56,93.84
11910,2025-12-01,372,6,1,4,115.09,94.96,20.13
11911,2025-12-01,218,6,1,1,28.25,22.9,5.35
11912,2025-12-01,287,6,5,4,99.47,83.23,16.24
11913,2025-12-01,309,4,4,1,76.17,41.24,34.93
11914,2025-12-01,391,4,3,1,43.47,25.87,17.6
11915,2025-12-01,411,4,3,2,105.68,56.34,49.34
11916,2025-12-01,123,3,2,3,205.66,145.71,59.95
11917,2025-12-01,91,3,5,3,210.34,167.56,42.78
11918,2025-12-01,88,5,4,2,111.77,77.33,34.44
11919,2025-12-01,332,1,3,3,704.66,442.44,262.22
11920,2025-12-01,192,6,2,1,31.98,24.89,7.09
11921,2025-12-01,27,2,3,2,392.53,325.17,67.36
11922,2025-12-01,368,2,1,5,1481.91,1227.35,254.56
11923,2025-12-01,55,3,4,2,223.07,158.53,64.54
11924,2025-12-02,258,1,3,5,1064.89,664.9,399.99
11925,2025-12-02,240,1,1,3,683.1,411.19,271.91
11926,2025-12-02,291,4,1,5,319.48,167.1,152.38
11927,2025-12-02,339,6,5,1,32.43,24.54,7.89
11928,2025-12-02,425,4,5,1,53.18,28.51,24.67
11929,2025-12-02,184,6,3,2,57.14,46.82,10.32
11930,2025-12-02,44,1,4,1,377.85,244.03,133.82
11931,2025-12-02,237,3,1,1,95.77,75.16,20.61
11932,2025-12-02,63,5,2,4,155.49,109.54,45.95
11933,2025-12-02,34,3,5,5,427.5,300.81,126.69
11934,2025-12-02,124,4,3,1,51.45,26.5,24.95
11935,2025-12-02,454,5,1,1,48.1,34.5,13.6
11936,2025-12-03,104,5,4,3,177.83,120.52,57.31
11937,2025-12-03,234,4,2,4,218.47,113.14,105.33
11938,2025-12-03,397,6,3,4,106.22,82.73,23.49
11939,2025-12-03,446,3,2,5,389.41,279.61,109.8
11940,2025-12-03,187,4,5,5,279.3,149.48,129.82
11941,2025-12-03,441,4,1,4,233.38,120.23,113.15
11942,2025-12-03,41,6,2,3,85.86,67.18,18.68
11943,2025-12-03,233,3,1,3,227.88,178.18,49.7
11944,2025-12-03,292,4,3,2,95.75,50.84,44.91
11945,2025-12-03,289,3,1,4,341.44,265.26,76.18
11946,2025-12-03,174,3,5,5,332.7,234.27,98.43
11947,2025-12-03,332,6,3,1,21.82,17.42,4.4
11948,2025-12-03,48,4,1,1,70.66,39.1,31.56
11949,2025-12-03,192,4,2,1,63.44,35.09,28.35
11950,2025-12-03,393,6,4,4,152.86,126.23,26.63
11951,2025-12-03,377,2,4,4,1258.74,1059.77,198.97
11952,2025-12-03,403,4,4,4,365.55,217.88,147.67
11953,2025-12-03,45,4,1,1,54.79,29.93,24.86
11954,2025-12-04,47,5,4,1,61.54,44.41,17.13
11955,2025-12-04,204,2,4,3,1114.53,903.34,211.19
11956,2025-12-04,119,5,4,5,238.45,158.58,79.87
11957,2025-12-04,54,1,2,4,1000.91,697.91,303.0
11958,2025-12-04,46,6,2,2,55.18,44.41,10.77
11959,2025-12-04,382,4,1,3,203.47,105.47,98.0
11960,2025-12-04,433,5,1,4,177.2,120.06,57.14
11961,2025-12-04,143,2,4,5,1475.7,1265.78,209.92
11962,2025-12-04,252,2,5,2,520.75,443.27,77.48
11963,2025-12-04,173,1,4,3,1152.2,778.32,373.88
11964,2025-12-04,90,2,5,5,1227.77,1041.25,186.52
11965,2025-12-04,160,5,1,3,144.01,101.63,42.38
11966,2025-12-04,26,5,1,2,71.64,52.56,19.08
11967,2025-12-04,57,5,1,5,187.34,124.56,62.78
11968,2025-12-04,343,6,1,1,34.7,28.01,6.69
11969,2025-12-04,230,6,4,1,34.61,26.66,7.95
11970,2025-12-04,56,1,2,4,1104.54,727.52,377.02
11971,2025-12-05,71,6,2,1,33.45,25.15,8.3
11972,2025-12-05,53,3,2,3,222.67,174.89,47.78
11973,2025-12-05,412,3,5,2,134.93,95.0,39.93
11974,2025-12-05,245,2,1,4,1043.97,939.53,104.44
11975,2025-12-05,18,2,1,3,684.72,601.03,83.69
11976,2025-12-05,17,1,4,1,308.12,190.99,117.13
11977,2025-12-05,397,6,3,5,144.08,113.6,30.48
11978,2025-12-05,223,6,1,4,108.4,90.06,18.34
11979,2025-12-05,250,5,1,5,190.97,129.36,61.61
11980,2025-12-05,298,1,1,5,1193.78,816.44,377.34
11981,2025-12-05,193,6,4,4,148.76,117.98,30.78
11982,2025-12-05,248,4,4,3,239.7,137.63,102.07
11983,2025-12-05,487,1,2,1,262.21,160.01,102.2
11984,2025-12-05,496,3,2,3,258.79,199.04,59.75
11985,2025-12-05,55,6,4,2,87.34,68.85,18.49
11986,2025-12-06,344,2,4,4,1500.04,1332.51,167.53
11987,2025-12-06,50,4,5,2,123.39,69.55,53.84
11988,2025-12-06,466,4,2,5,287.21,169.96,117.25
11989,2025-12-06,360,3,2,5,385.72,299.23,86.49
11990,2025-12-06,133,1,3,4,778.73,490.44,288.29
11991,2025-12-06,268,1,3,4,745.49,517.73,227.76
11992,2025-12-06,360,1,2,1,253.12,163.34,89.78
11993,2025-12-06,347,3,1,3,249.79,179.77,70.02
11994,2025-12-06,361,1,1,2,510.63,347.68,162.95
11995,2025-12-06,251,5,1,2,90.08,65.92,24.16
11996,2025-12-06,242,3,2,3,275.56,208.67,66.89
11997,2025-12-06,414,1,4,5,1460.33,971.76,488.57
11998,2025-12-06,310,3,4,5,477.14,352.45,124.69
11999,2025-12-06,453,1,1,2,532.74,334.94,197.8
12000,2025-12-06,74,4,3,4,223.32,115.24,108.08
12001,2025-12-07,435,4,4,2,144.81,86.76,58.05
12002,2025-12-07,259,6,1,3,87.57,66.4,21.17
12003,2025-12-07,104,6,4,2,91.14,68.4,22.74
12004,2025-12-07,356,1,3,4,928.26,647.03,281.23
12005,2025-12-07,98,6,4,1,38.74,31.67,7.07
12006,2025-12-07,457,5,4,1,50.23,34.32,15.91
12007,2025-12-07,363,6,1,2,65.07,53.54,11.53
12008,2025-12-07,491,3,3,1,72.17,51.22,20.95
12009,2025-12-07,100,1,5,5,1043.99,644.63,399.36
12010,2025-12-07,189,2,1,3,767.72,619.74,147.98
12011,2025-12-07,235,2,1,5,1383.24,1124.55,258.69
12012,2025-12-07,484,1,5,1,247.13,163.68,83.45
12013,2025-12-07,102,2,4,1,329.37,280.49,48.88
12014,2025-12-07,149,3,2,4,366.76,264.73,102.03
12015,2025-12-07,485,5,4,5,231.88,154.82,77.06
12016,2025-12-07,58,4,1,3,209.1,120.18,88.92
12017,2025-12-07,293,3,3,1,74.74,58.07,16.67
12018,2025-12-07,436,6,1,3,85.08,65.42,19.66
12019,2025-12-07,492,2,1,1,252.53,205.81,46.72
12020,2025-12-07,218,3,1,2,151.09,114.69,36.4
12021,2025-12-07,353,1,2,4,950.66,660.47,290.19
12022,2025-12-08,259,3,1,2,186.95,131.06,55.89
12023,2025-12-08,30,5,2,4,160.33,116.32,44.01
12024,2025-12-08,492,3,1,3,275.84,210.2,65.64
12025,2025-12-08,251,1,1,5,1320.12,811.84,508.28
12026,2025-12-08,458,4,4,2,169.83,100.45,69.38
12027,2025-12-08,461,3,4,2,221.89,159.19,62.7
12028,2025-12-08,294,2,4,4,1239.42,1005.08,234.34
12029,2025-12-08,306,3,5,2,172.29,128.3,43.99
12030,2025-12-08,435,6,4,1,36.04,28.9,7.14
12031,2025-12-08,244,2,3,2,363.48,294.91,68.57
12032,2025-12-08,356,6,3,4,111.13,94.16,16.97
12033,2025-12-08,97,5,4,3,138.23,98.68,39.55
12034,2025-12-08,349,3,3,3,193.99,148.04,45.95
12035,2025-12-08,95,3,3,3,228.81,178.7,50.11
12036,2025-12-08,410,6,2,4,103.49,86.29,17.2
12037,2025-12-09,294,4,4,3,221.21,112.78,108.43
12038,2025-12-09,241,5,2,5,192.89,136.28,56.61
12039,2025-12-09,20,5,4,5,268.7,174.92,93.78
12040,2025-12-09,40,3,4,3,336.1,240.95,95.15
12041,2025-12-09,285,4,2,2,134.5,69.92,64.58
12042,2025-12-09,293,5,3,3,98.26,69.39,28.87
12043,2025-12-09,277,6,5,3,82.2,63.58,18.62
12044,2025-12-09,233,6,1,5,158.7,122.44,36.26
12045,2025-12-09,169,4,5,4,254.06,152.22,101.84
12046,2025-12-09,300,6,3,3,84.76,67.44,17.32
12047,2025-12-09,238,5,4,5,248.92,181.62,67.3
12048,2025-12-09,348,4,3,5,239.42,125.71,113.71
12049,2025-12-09,202,2,3,4,768.63,655.95,112.68
12050,2025-12-09,418,2,1,3,893.62,764.5,129.12
12051,2025-12-09,305,4,4,5,436.9,249.17,187.73
12052,2025-12-09,265,3,4,4,401.53,309.85,91.68
12053,2025-12-09,455,6,1,1,28.0,22.68,5.32
12054,2025-12-09,181,5,2,5,185.49,137.59,47.9
12055,2025-12-09,185,4,1,4,230.21,137.85,92.36
12056,2025-12-09,432,1,4,4,1373.85,855.35,518.5
12057,2025-12-09,14,1,2,5,1098.94,668.24,430.7
12058,2025-12-10,381,3,2,1,83.68,65.14,18.54
12059,2025-12-10,420,5,5,3,102.68,73.04,29.64
12060,2025-12-10,344,5,4,1,59.78,41.12,18.66
12061,2025-12-10,222,5,4,3,183.68,136.67,47.01
12062,2025-12-10,100,4,5,5,317.78,166.35,151.43
12063,2025-12-10,437,3,4,5,523.35,395.51,127.84
12064,2025-12-10,477,2,4,3,1033.78,891.33,142.45
12065,2025-12-10,354,2,2,2,443.35,372.62,70.73
12066,2025-12-10,140,4,3,4,175.87,88.59,87.28
12067,2025-12-10,107,5,4,5,244.85,178.29,66.56
12068,2025-12-10,260,6,2,4,123.27,99.58,23.69
12069,2025-12-10,389,6,1,3,82.84,65.32,17.52
12070,2025-12-10,48,3,1,5,407.0,312.37,94.63
12071,2025-12-10,33,5,4,3,173.15,115.59,57.56
12072,2025-12-11,308,4,5,5,251.18,135.66,115.52
12073,2025-12-11,398,4,3,1,58.28,32.78,25.5
12074,2025-12-11,301,5,3,1,32.95,23.83,9.12
12075,2025-12-11,244,6,3,2,53.84,44.87,8.97
12076,2025-12-11,64,1,1,2,531.76,333.12,198.64
12077,2025-12-11,361,2,1,4,993.0,847.79,145.21
12078,2025-12-11,229,5,2,2,91.87,63.98,27.89
12079,2025-12-11,444,2,2,2,475.08,413.4,61.68
12080,2025-12-11,81,2,5,1,262.94,222.87,40.07
12081,2025-12-11,487,2,2,5,1235.88,995.27,240.61
12082,2025-12-11,166,4,1,4,255.09,143.41,111.68
12083,2025-12-11,35,1,2,1,226.49,157.23,69.26
12084,2025-12-11,192,5,2,1,45.74,31.44,14.3
12085,2025-12-11,306,5,5,5,164.53,113.17,51.36
12086,2025-12-12,265,1,4,4,1543.89,1046.05,497.84
12087,2025-12-12,432,1,4,4,1289.31,806.81,482.5
12088,2025-12-12,441,2,1,5,1127.06,957.38,169.68
12089,2025-12-12,230,3,4,1,122.26,86.27,35.99
12090,2025-12-12,272,3,1,1,85.91,60.51,25.4
12091,2025-12-12,228,6,4,5,199.27,155.77,43.5
12092,2025-12-12,383,3,4,3,333.1,241.79,91.31
12093,2025-12-12,272,5,1,4,167.41,125.06,42.35
12094,2025-12-12,32,1,5,1,231.2,161.04,70.16
12095,2025-12-12,233,4,1,3,161.34,83.81,77.53
12096,2025-12-12,261,6,4,1,40.07,31.95,8.12
12097,2025-12-12,286,6,1,1,26.82,22.46,4.36
12098,2025-12-12,342,1,4,1,327.72,221.23,106.49
12099,2025-12-12,98,2,4,5,1644.59,1442.73,201.86
12100,2025-12-12,68,5,4,4,195.28,130.49,64.79
12101,2025-12-12,306,3,5,2,152.5,118.94,33.56
12102,2025-12-12,106,3,1,3,275.81,214.09,61.72
12103,2025-12-12,438,6,3,3,67.84,51.65,16.19
12104,2025-12-13,329,1,3,4,928.83,570.91,357.92
12105,2025-12-13,10,2,4,2,666.65,576.53,90.12
12106,2025-12-13,392,5,2,3,103.27,67.52,35.75
12107,2025-12-13,259,6,1,3,103.1,84.19,18.91
12108,2025-12-13,5,2,4,5,1555.83,1364.32,191.51
12109,2025-12-13,248,5,4,4,235.21,170.59,64.62
12110,2025-12-13,402,3,5,1,84.36,66.26,18.1
12111,2025-12-13,268,5,3,2,60.64,40.39,20.25
12112,2025-12-13,254,4,3,2,107.81,62.63,45.18
12113,2025-12-13,298,5,1,1,41.14,28.99,12.15
12114,2025-12-13,96,5,3,2,71.73,53.77,17.96
12115,2025-12-13,58,6,1,2,57.04,45.43,11.61
12116,2025-12-13,344,6,4,5,174.51,144.91,29.6
12117,2025-12-13,262,1,3,5,1069.97,742.81,327.16
12118,2025-12-13,6,2,2,4,1101.55,987.42,114.13
12119,2025-12-13,304,1,4,2,761.02,522.09,238.93
12120,2025-12-13,223,3,1,4,347.3,266.88,80.42
12121,2025-12-13,225,1,1,4,1025.52,677.4,348.12
12122,2025-12-13,101,2,5,4,902.84,794.94,107.9
12123,2025-12-13,150,2,1,1,230.47,185.45,45.02
12124,2025-12-13,408,3,1,3,218.39,157.59,60.8
12125,2025-12-13,248,4,4,2,162.35,94.45,67.9
12126,2025-12-13,294,2,4,2,577.3,464.03,113.27
12127,2025-12-13,252,2,5,5,1083.76,911.32,172.44
12128,2025-12-13,235,1,1,2,529.37,348.12,181.25
12129,2025-12-14,195,5,2,5,190.37,137.57,52.8
12130,2025-12-14,432,1,4,1,356.47,234.59,121.88
12131,2025-12-14,222,6,4,4,178.51,140.14,38.37
12132,2025-12-14,187,3,5,5,367.05,285.71,81.34
12133,2025-12-14,130,2,5,2,468.51,399.49,69.02
12134,2025-12-14,80,3,2,3,269.6,190.06,79.54
12135,2025-12-14,72,4,4,3,225.46,113.48,111.98
12136,2025-12-14,339,2,5,5,1201.31,1069.79,131.52
12137,2025-12-14,90,4,5,3,179.33,95.09,84.24
12138,2025-12-14,331,6,3,3,81.53,62.14,19.39
12139,2025-12-14,129,1,2,2,434.07,277.68,156.39
12140,2025-12-14,445,6,3,1,22.93,18.11,4.82
12141,2025-12-14,32,3,5,4,272.41,202.18,70.23
12142,2025-12-14,265,6,4,5,215.07,163.72,51.35
12143,2025-12-14,96,1,3,4,828.83,558.79,270.04
12144,2025-12-14,404,4,1,2,122.93,62.43,60.5
12145,2025-12-14,403,2,4,4,1426.27,1156.52,269.75
12146,2025-12-14,63,3,2,3,257.75,204.79,52.96
12147,2025-12-15,296,2,4,1,352.05,290.12,61.93
12148,2025-12-15,36,1,1,5,1154.78,715.32,439.46
12149,2025-12-15,203,5,4,1,50.25,35.82,14.43
12150,2025-12-15,134,6,3,1,22.33,17.03,5.3
12151,2025-12-15,275,6,3,4,90.67,70.06,20.61
12152,2025-12-15,480,5,3,4,154.66,104.17,50.49
12153,2025-12-15,245,6,1,4,120.23,101.34,18.89
12154,2025-12-15,47,6,4,1,45.03,38.25,6.78
12155,2025-12-15,119,4,4,4,361.78,186.78,175.0
12156,2025-12-15,350,2,2,5,1153.92,1027.3,126.62
12157,2025-12-15,4,1,1,2,589.61,398.13,191.48
12158,2025-12-15,497,6,4,2,80.54,62.61,17.93
12159,2025-12-15,101,4,5,4,215.53,111.18,104.35
12160,2025-12-15,290,1,2,1,250.64,151.59,99.05
12161,2025-12-15,103,1,4,4,1156.18,727.51,428.67
12162,2025-12-15,104,2,4,5,1447.58,1265.59,181.99
12163,2025-12-16,77,1,2,5,1239.25,864.43,374.82
12164,2025-12-16,349,3,3,1,76.14,55.91,20.23
12165,2025-12-16,27,6,3,2,54.89,43.37,11.52
12166,2025-12-16,103,4,4,5,417.51,231.43,186.08
12167,2025-12-16,108,4,4,2,156.97,89.38,67.59
12168,2025-12-16,451,1,4,4,1290.27,805.26,485.01
12169,2025-12-16,129,6,2,5,159.44,129.04,30.4
12170,2025-12-16,417,4,1,1,57.17,28.84,28.33
12171,2025-12-16,143,3,4,5,557.18,430.95,126.23
12172,2025-12-16,217,3,2,4,345.56,246.63,98.93
12173,2025-12-16,450,4,1,3,202.63,119.96,82.67
12174,2025-12-16,425,4,5,5,316.53,186.1,130.43
12175,2025-12-16,4,1,1,3,789.95,504.12,285.83
12176,2025-12-17,298,3,1,4,331.37,236.92,94.45
12177,2025-12-17,446,2,2,2,489.81,430.34,59.47
12178,2025-12-17,189,6,1,3,85.38,71.71,13.67
12179,2025-12-17,98,6,4,5,221.06,171.66,49.4
12180,2025-12-17,347,2,1,2,469.04,415.7,53.34
12181,2025-12-17,433,5,1,5,187.99,140.75,47.24
12182,2025-12-17,101,4,5,5,314.57,187.58,126.99
12183,2025-12-17,492,3,1,4,315.92,233.31,82.61
12184,2025-12-17,56,1,2,3,817.99,541.59,276.4
12185,2025-12-17,450,2,1,3,872.08,726.62,145.46
12186,2025-12-17,380,2,2,4,919.47,746.08,173.39
12187,2025-12-17,486,4,3,1,53.12,28.98,24.14
12188,2025-12-17,264,5,2,3,108.89,77.0,31.89
12189,2025-12-17,106,4,1,2,119.96,66.34,53.62
12190,2025-12-17,177,5,5,3,121.48,87.13,34.35
12191,2025-12-17,422,6,3,3,70.7,59.07,11.63
12192,2025-12-18,2,4,5,4,260.57,136.12,124.45
12193,2025-12-18,500,6,5,3,95.49,77.32,18.17
12194,2025-12-18,9,1,2,2,440.17,266.79,173.38
12195,2025-12-18,3,5,1,3,142.57,97.04,45.53
12196,2025-12-18,193,1,4,3,894.93,554.36,340.57
12197,2025-12-18,275,3,3,5,319.84,237.79,82.05
12198,2025-12-18,35,6,2,2,51.27,42.97,8.3
12199,2025-12-18,167,3,5,1,80.07,62.08,17.99
12200,2025-12-18,233,4,1,2,119.27,60.96,58.31
12201,2025-12-18,95,5,3,1,29.79,19.41,10.38
12202,2025-12-18,97,4,4,4,311.25,178.88,132.37
12203,2025-12-18,428,3,4,1,95.65,73.23,22.42
12204,2025-12-18,452,2,1,3,796.16,675.93,120.23
12205,2025-12-18,357,3,4,5,604.24,440.94,163.3
12206,2025-12-18,284,2,2,5,1228.22,1043.19,185.03
12207,2025-12-18,307,4,4,1,70.08,37.83,32.25
12208,2025-12-18,49,5,1,4,169.14,120.68,48.46
12209,2025-12-18,237,3,1,4,357.03,281.67,75.36
12210,2025-12-18,424,3,1,3,265.14,195.14,70.0
12211,2025-12-18,300,2,3,5,1221.18,978.64,242.54
12212,2025-12-18,109,1,4,2,688.66,435.6,253.06
12213,2025-12-18,443,6,5,4,100.54,79.03,21.51
12214,2025-12-18,170,2,1,1,249.0,214.87,34.13
12215,2025-12-18,77,2,2,1,235.06,191.47,43.59
12216,2025-12-19,364,1,3,2,486.03,309.34,176.69
12217,2025-12-19,196,1,4,2,702.2,490.18,212.02
12218,2025-12-19,285,4,2,5,316.18,186.0,130.18
12219,2025-12-19,354,5,2,1,44.67,31.38,13.29
12220,2025-12-19,421,3,5,2,157.4,112.71,44.69
12221,2025-12-19,235,1,1,2,533.16,364.08,169.08
12222,2025-12-19,361,5,1,4,153.18,103.43,49.75
12223,2025-12-19,245,6,1,1,33.13,26.88,6.25
12224,2025-12-19,120,5,2,1,39.81,26.05,13.76
12225,2025-12-19,296,4,4,2,172.38,88.9,83.48
12226,2025-12-19,391,4,3,4,183.29,101.29,82.0
12227,2025-12-19,275,6,3,2,50.56,42.84,7.72
12228,2025-12-19,289,2,1,3,669.96,588.74,81.22
12229,2025-12-19,193,6,4,5,200.06,157.58,42.48
12230,2025-12-20,132,1,2,4,1123.02,693.39,429.63
12231,2025-12-20,18,5,1,4,179.98,123.88,56.1
12232,2025-12-20,171,2,4,5,1757.68,1421.57,336.11
12233,2025-12-20,416,3,4,3,360.16,273.91,86.25
12234,2025-12-20,479,5,2,2,74.31,54.06,20.25
12235,2025-12-20,156,3,4,3,336.88,242.65,94.23
12236,2025-12-20,365,6,5,5,157.13,125.14,31.99
12237,2025-12-20,344,4,4,3,237.35,125.65,111.7
12238,2025-12-20,77,2,2,2,509.64,431.58,78.06
12239,2025-12-20,56,6,2,2,52.54,43.29,9.25
12240,2025-12-20,288,6,4,3,130.96,108.38,22.58
12241,2025-12-20,406,2,2,4,915.55,747.72,167.83
12242,2025-12-20,337,4,4,3,239.94,127.26,112.68
12243,2025-12-20,443,5,5,1,36.99,24.09,12.9
12244,2025-12-20,466,6,2,3,94.81,76.85,17.96
12245,2025-12-20,461,6,4,4,165.47,137.42,28.05
12246,2025-12-20,302,3,2,5,447.82,334.18,113.64
12247,2025-12-20,475,1,1,3,813.46,555.41,258.05
12248,2025-12-20,285,4,2,2,130.09,75.91,54.18
12249,2025-12-20,283,2,1,1,237.75,193.19,44.56
12250,2025-12-20,93,1,1,4,1040.48,718.52,321.96
12251,2025-12-20,416,4,4,3,270.04,143.36,126.68
12252,2025-12-20,93,4,1,3,195.76,107.28,88.48
12253,2025-12-21,291,2,1,1,268.41,229.59,38.82
12254,2025-12-21,34,1,5,5,1351.09,921.0,430.09
12255,2025-12-21,404,4,1,2,137.57,80.4,57.17
12256,2025-12-21,417,2,1,2,596.58,517.86,78.72
12257,2025-12-21,435,4,4,1,91.27,51.37,39.9
12258,2025-12-21,207,2,4,5,1824.53,1565.52,259.01
12259,2025-12-21,323,3,4,4,491.46,390.82,100.64
12260,2025-12-21,351,2,5,5,1227.29,1033.03,194.26
12261,2025-12-21,259,1,1,4,1026.69,652.21,374.48
12262,2025-12-21,333,6,3,3,76.46,59.41,17.05
12263,2025-12-21,102,1,4,2,663.34,461.87,201.47
12264,2025-12-21,408,1,1,2,528.29,318.3,209.99
12265,2025-12-21,430,6,3,1,21.68,18.18,3.5
12266,2025-12-21,282,2,1,2,475.54,422.64,52.9
12267,2025-12-21,167,2,5,1,241.73,201.58,40.15
12268,2025-12-21,344,3,4,1,99.93,72.45,27.48
12269,2025-12-21,106,6,1,3,108.05,83.26,24.79
12270,2025-12-21,235,1,1,3,815.01,534.18,280.83
12271,2025-12-21,285,5,2,3,108.78,71.34,37.44
12272,2025-12-21,141,6,1,4,129.12,109.47,19.65
12273,2025-12-21,453,1,1,2,557.3,337.29,220.01
12274,2025-12-21,195,5,2,1,43.49,31.32,12.17
12275,2025-12-22,180,2,1,2,602.69,508.88,93.81
12276,2025-12-22,205,3,4,1,93.7,66.76,26.94
12277,2025-12-22,371,4,4,1,86.72,50.91,35.81
12278,2025-12-22,500,4,5,4,239.61,135.13,104.48
12279,2025-12-22,51,4,4,5,391.75,208.82,182.93
12280,2025-12-22,190,4,5,3,157.33,90.9,66.43
12281,2025-12-22,209,3,2,2,163.04,124.48,38.56
12282,2025-12-22,206,5,4,2,111.06,81.39,29.67
12283,2025-12-22,106,6,1,2,67.38,50.59,16.79
12284,2025-12-22,242,2,2,3,721.14,597.12,124.02
12285,2025-12-22,101,5,5,4,153.31,112.3,41.01
12286,2025-12-22,468,6,4,2,73.91,57.64,16.27
12287,2025-12-22,183,3,1,3,283.23,200.55,82.68
12288,2025-12-22,210,1,3,3,672.03,459.84,212.19
12289,2025-12-22,84,5,4,5,237.34,159.83,77.51
12290,2025-12-22,427,4,4,1,71.53,36.25,35.28
12291,2025-12-22,5,5,4,4,245.67,180.85,64.82
12292,2025-12-22,423,6,5,4,112.84,92.15,20.69
12293,2025-12-22,385,6,3,3,71.67,58.14,13.53
12294,2025-12-23,384,2,1,4,985.95,791.43,194.52
12295,2025-12-23,1,3,4,3,365.16,264.65,100.51
12296,2025-12-23,452,4,1,2,107.9,57.42,50.48
12297,2025-12-23,419,4,4,2,169.12,97.91,71.21
12298,2025-12-23,178,5,4,3,146.4,99.89,46.51
12299,2025-12-23,298,3,1,2,182.64,137.45,45.19
12300,2025-12-23,376,3,4,4,404.77,295.27,109.5
12301,2025-12-23,211,1,1,2,596.9,408.16,188.74
12302,2025-12-23,186,1,3,2,430.87,288.9,141.97
12303,2025-12-23,489,4,2,5,258.32,146.82,111.5
12304,2025-12-23,480,2,3,1,233.24,204.76,28.48
12305,2025-12-23,74,6,3,2,46.57,37.16,9.41
12306,2025-12-23,123,4,2,5,344.82,197.97,146.85
12307,2025-12-23,352,2,1,5,1117.34,951.85,165.49
12308,2025-12-23,360,4,2,4,214.8,118.25,96.55
12309,2025-12-23,481,1,4,1,343.74,232.55,111.19
12310,2025-12-24,493,1,1,2,494.08,315.28,178.8
12311,2025-12-24,358,5,3,2,63.21,42.22,20.99
12312,2025-12-24,212,2,3,2,389.66,325.75,63.91
12313,2025-12-24,466,5,2,1,43.57,29.46,14.11
12314,2025-12-24,86,5,2,1,40.4,27.22,13.18
12315,2025-12-24,431,5,3,4,137.5,90.31,47.19
12316,2025-12-24,487,4,2,1,66.19,39.15,27.04
12317,2025-12-24,85,2,4,1,381.95,320.17,61.78
12318,2025-12-24,259,3,1,1,81.89,61.38,20.51
12319,2025-12-24,130,3,5,4,271.83,208.28,63.55
12320,2025-12-24,258,2,3,5,1089.1,940.0,149.1
12321,2025-12-24,263,2,5,3,700.94,605.23,95.71
12322,2025-12-24,63,6,2,2,63.82,51.88,11.94
12323,2025-12-24,404,1,1,4,925.78,588.6,337.18
12324,2025-12-24,223,5,1,1,41.87,28.56,13.31
12325,2025-12-24,314,5,3,4,155.73,104.8,50.93
12326,2025-12-24,446,5,2,3,108.92,77.9,31.02
12327,2025-12-24,278,4,3,1,50.31,28.0,22.31
12328,2025-12-25,245,2,1,5,1504.53,1309.89,194.64
12329,2025-12-25,336,2,1,3,731.59,654.67,76.92
12330,2025-12-25,325,5,1,5,215.69,160.17,55.52
12331,2025-12-25,490,5,2,5,219.79,162.66,57.13
12332,2025-12-25,27,5,3,5,167.66,111.78,55.88
12333,2025-12-25,64,1,1,2,504.53,325.07,179.46
12334,2025-12-25,146,4,3,4,178.69,95.73,82.96
12335,2025-12-25,404,2,1,2,471.55,400.08,71.47
12336,2025-12-25,175,3,4,4,438.12,310.45,127.67
12337,2025-12-25,233,5,1,2,89.78,58.57,31.21
12338,2025-12-25,436,2,1,1,281.6,250.2,31.4
12339,2025-12-25,464,4,5,3,179.76,97.83,81.93
12340,2025-12-25,346,1,2,2,490.86,313.78,177.08
12341,2025-12-25,391,3,3,2,135.2,97.1,38.1
12342,2025-12-25,346,1,2,4,887.74,546.5,341.24
12343,2025-12-25,442,6,3,5,115.34,94.36,20.98
12344,2025-12-25,397,5,3,1,38.43,24.99,13.44
12345,2025-12-25,197,5,1,5,181.35,125.39,55.96
12346,2025-12-26,293,2,3,5,950.36,793.55,156.81
12347,2025-12-26,212,3,3,5,309.18,240.37,68.81
12348,2025-12-26,452,4,1,1,55.46,33.14,22.32
12349,2025-12-26,470,4,4,4,344.79,198.73,146.06
12350,2025-12-26,3,5,1,1,38.24,24.92,13.32
12351,2025-12-26,185,4,1,2,122.67,63.6,59.07
12352,2025-12-26,194,4,3,3,153.23,81.07,72.16
12353,2025-12-26,273,1,1,3,736.4,463.76,272.64
12354,2025-12-26,39,3,2,1,70.7,54.94,15.76
12355,2025-12-26,371,3,4,4,493.67,347.72,145.95
12356,2025-12-26,213,2,2,1,277.85,238.47,39.38
12357,2025-12-26,410,3,2,3,232.05,171.48,60.57
12358,2025-12-26,86,6,2,4,122.65,103.82,18.83
12359,2025-12-26,248,3,4,3,294.9,234.09,60.81
12360,2025-12-26,244,5,3,3,89.94,58.8,31.14
12361,2025-12-27,442,2,3,2,414.75,343.78,70.97
12362,2025-12-27,179,1,2,1,277.92,175.56,102.36
12363,2025-12-27,307,6,4,1,35.57,27.27,8.3
12364,2025-12-27,81,6,5,1,24.46,20.68,3.78
12365,2025-12-27,84,6,4,3,112.54,89.82,22.72
12366,2025-12-27,86,1,2,1,216.32,131.86,84.46
12367,2025-12-27,82,1,1,4,1100.68,731.45,369.23
12368,2025-12-27,472,5,4,2,98.75,72.49,26.26
12369,2025-12-27,169,6,5,2,52.57,44.08,8.49
12370,2025-12-27,344,4,4,1,71.33,42.64,28.69
12371,2025-12-27,261,5,4,3,175.88,114.54,61.34
12372,2025-12-27,316,2,5,1,234.49,206.1,28.39
12373,2025-12-27,24,3,1,3,235.08,186.28,48.8
12374,2025-12-27,341,2,5,5,1195.33,1037.32,158.01
12375,2025-12-27,46,6,2,4,126.09,104.35,21.74
12376,2025-12-27,162,4,3,2,100.91,54.53,46.38
12377,2025-12-27,31,2,1,3,670.76,587.22,83.54
12378,2025-12-27,119,4,4,3,245.97,126.28,119.69
12379,2025-12-27,32,3,5,2,137.77,105.81,31.96
12380,2025-12-27,327,3,2,4,297.82,228.83,68.99
12381,2025-12-27,403,1,4,3,1014.08,688.73,325.35
12382,2025-12-27,136,4,1,1,54.34,29.39,24.95
12383,2025-12-27,448,3,3,2,130.72,94.53,36.19
12384,2025-12-27,300,5,3,4,115.8,82.76,33.04
12385,2025-12-27,403,6,4,5,205.33,165.66,39.67
12386,2025-12-27,286,6,1,3,84.9,71.01,13.89
12387,2025-12-27,386,1,4,5,1539.07,1019.23,519.84
12388,2025-12-28,138,2,3,5,1095.38,979.59,115.79
12389,2025-12-28,446,1,2,2,484.64,296.19,188.45
12390,2025-12-28,257,2,5,5,1139.28,926.78,212.5
12391,2025-12-28,394,4,3,3,138.12,69.94,68.18
12392,2025-12-28,436,4,1,4,277.78,161.37,116.41
12393,2025-12-28,40,6,4,3,104.94,84.76,20.18
12394,2025-12-28,468,3,4,5,544.93,432.49,112.44
12395,2025-12-28,54,1,2,2,541.17,327.83,213.34
12396,2025-12-28,66,4,1,5,282.04,150.49,131.55
12397,2025-12-28,130,5,5,3,100.7,65.79,34.91
12398,2025-12-28,52,3,1,1,94.5,68.54,25.96
12399,2025-12-28,426,4,3,4,224.04,115.02,109.02
12400,2025-12-28,444,6,2,1,33.44,28.26,5.18
12401,2025-12-28,193,4,4,5,456.63,273.76,182.87
12402,2025-12-28,262,2,3,1,223.76,186.31,37.45
12403,2025-12-28,132,2,2,4,1138.59,1012.48,126.11
12404,2025-12-28,280,6,4,5,232.1,183.43,48.67
12405,2025-12-28,186,4,3,2,100.25,52.51,47.74
12406,2025-12-28,327,6,2,5,170.6,133.48,37.12
12407,2025-12-28,381,4,2,5,289.01,169.87,119.14
12408,2025-12-29,39,3,2,4,299.49,225.83,73.66
12409,2025-12-29,177,4,5,3,152.56,78.93,73.63
12410,2025-12-29,158,2,3,1,232.33,206.37,25.96
12411,2025-12-29,51,5,4,3,151.65,112.87,38.78
12412,2025-12-29,71,4,2,3,181.06,94.27,86.79
12413,2025-12-29,355,5,1,1,41.43,28.5,12.93
12414,2025-12-29,9,4,2,4,207.89,106.39,101.5
12415,2025-12-29,22,1,1,3,857.87,582.93,274.94
12416,2025-12-29,401,2,2,4,1092.43,933.72,158.71
12417,2025-12-29,67,4,5,2,105.79,62.69,43.1
12418,2025-12-29,205,1,4,1,355.38,219.33,136.05
12419,2025-12-29,255,2,5,2,515.61,422.83,92.78
12420,2025-12-29,409,4,1,3,180.06,104.48,75.58
12421,2025-12-29,29,1,4,3,1157.35,736.23,421.12
12422,2025-12-29,16,2,2,3,785.85,635.38,150.47
12423,2025-12-29,199,5,2,5,215.4,155.57,59.83
12424,2025-12-29,301,2,3,4,924.46,827.99,96.47
12425,2025-12-29,47,3,4,1,117.46,85.03,32.43
12426,2025-12-30,287,1,5,3,626.74,389.19,237.55
12427,2025-12-30,391,6,3,1,28.92,23.14,5.78
12428,2025-12-30,4,3,1,4,363.5,287.89,75.61
12429,2025-12-30,314,6,3,1,27.36,22.69,4.67
12430,2025-12-30,418,3,1,4,367.74,278.72,89.02
12431,2025-12-30,230,3,4,5,577.71,456.79,120.92
12432,2025-12-30,147,5,3,2,74.61,54.33,20.28
12433,2025-12-30,239,3,2,2,137.62,108.49,29.13
12434,2025-12-30,93,2,1,5,1172.46,1002.02,170.44
12435,2025-12-30,209,6,2,4,135.66,103.21,32.45
12436,2025-12-30,328,2,1,5,1387.28,1169.77,217.51
12437,2025-12-30,461,5,4,4,219.95,164.78,55.17
12438,2025-12-30,444,6,2,5,134.99,105.02,29.97
12439,2025-12-30,13,2,3,4,909.53,777.77,131.76
12440,2025-12-30,282,1,1,2,596.02,378.0,218.02
12441,2025-12-30,181,3,2,4,301.72,233.9,67.82
12442,2025-12-30,442,5,3,4,131.58,95.38,36.2
12443,2025-12-30,334,4,2,2,117.1,60.23,56.87
12444,2025-12-30,354,3,2,1,73.98,55.24,18.74
12445,2025-12-30,134,1,3,2,411.56,250.2,161.36
12446,2025-12-30,231,5,5,1,41.03,29.82,11.21
12447,2025-12-31,82,3,1,4,385.65,298.32,87.33
12448,2025-12-31,32,1,5,4,855.17,519.89,335.28
12449,2025-12-31,151,2,1,5,1421.8,1249.82,171.98
12450,2025-12-31,9,4,2,2,133.03,69.22,63.81
12451,2025-12-31,183,6,1,4,111.84,90.98,20.86
12452,2025-12-31,144,4,1,5,337.26,186.25,151.01
12453,2025-12-31,1,3,4,4,396.03,304.03,92.0
12454,2025-12-31,9,5,2,4,153.8,106.87,46.93
12455,2025-12-31,500,5,5,1,41.33,30.36,10.97
12456,2025-12-31,193,1,4,1,368.85,226.6,142.25
12457,2025-12-31,369,3,4,1,114.59,80.72,33.87
12458,2025-12-31,421,4,5,3,158.94,92.92,66.02
12459,2025-12-31,170,5,1,4,183.43,121.27,62.16
12460,2025-12-31,420,3,5,4,340.92,262.5,78.42
12461,2025-12-31,12,4,4,2,174.68,87.4,87.28
12462,2025-12-31,22,6,1,3,81.13,67.82,13.31
12463,2025-12-31,158,3,3,2,137.95,105.53,32.42
12464,2025-12-31,123,6,2,2,51.63,41.9,9.73
12465,2025-12-31,253,4,2,1,51.07,29.48,21.59
12466,2025-12-31,270,5,1,3,124.69,91.51,33.18
